"Analysis","Spec","Window","WindowLabel","Condition","ClassLabel","Variable","VariableLabel","Role","VariableOrder","NNonMissing","NEvent","Prevalence"
"Joint Parental Residence Patterns","JPA","time_0_5","Early childhood (0-5 years)","Restricted (at least 2 complete occasions)","Concave Trough Early — Mother: Shift Up Mid (1–5y); Father: Shift Down Early (0–3y)","DNKA","Alcohol use","Mediator",2,259,102,0.393822393822394
"Joint Parental Residence Patterns","JPA","time_0_5","Early childhood (0-5 years)","Restricted (at least 2 complete occasions)","Concave Trough Early — Mother: Shift Up Mid (1–5y); Father: Shift Down Early (0–3y)","DPBN","Depression","Outcome",1,254,11,0.0433070866141732
"Joint Parental Residence Patterns","JPA","time_0_5","Early childhood (0-5 years)","Restricted (at least 2 complete occasions)","Concave Trough Early — Mother: Shift Up Mid (1–5y); Father: Shift Down Early (0–3y)","ESXC","Ever had sexual intercourse","Mediator",3,252,115,0.456349206349207
"Joint Parental Residence Patterns","JPA","time_0_5","Early childhood (0-5 years)","Restricted (at least 2 complete occasions)","Concave Trough Early — Mother: Shift Up Mid (1–5y); Father: Shift Down Early (0–3y)","FDSC","Food insecurity","Mediator",4,259,64,0.247104247104247
"Joint Parental Residence Patterns","JPA","time_0_5","Early childhood (0-5 years)","Restricted (at least 2 complete occasions)","Concave Trough Early — Mother: Shift Up Mid (1–5y); Father: Shift Down Early (0–3y)","GOVG","No government grant receipt","Mediator",5,259,156,0.602316602316603
"Joint Parental Residence Patterns","JPA","time_0_5","Early childhood (0-5 years)","Restricted (at least 2 complete occasions)","Concave Trough Early — Mother: Shift Up Mid (1–5y); Father: Shift Down Early (0–3y)","SCHL","School disengagement","Mediator",8,259,67,0.258687258687259
"Joint Parental Residence Patterns","JPA","time_0_5","Early childhood (0-5 years)","Restricted (at least 2 complete occasions)","Concave Trough Early — Mother: Shift Up Mid (1–5y); Father: Shift Down Early (0–3y)","SCSP","Low social support","Mediator",7,259,22,0.0849420849420849
"Joint Parental Residence Patterns","JPA","time_0_5","Early childhood (0-5 years)","Restricted (at least 2 complete occasions)","Concave Trough Early — Mother: Shift Up Mid (1–5y); Father: Shift Down Early (0–3y)","VLNC","Violence exposure","Mediator",6,259,79,0.305019305019305
"Joint Parental Residence Patterns","JPA","time_0_5","Early childhood (0-5 years)","Restricted (at least 2 complete occasions)","Stable High — Mother: Stable High (0–5y); Father: Stable High (0–5y)","DNKA","Alcohol use","Mediator",2,166,59,0.355421686746988
"Joint Parental Residence Patterns","JPA","time_0_5","Early childhood (0-5 years)","Restricted (at least 2 complete occasions)","Stable High — Mother: Stable High (0–5y); Father: Stable High (0–5y)","DPBN","Depression","Outcome",1,165,15,0.090909090909091
"Joint Parental Residence Patterns","JPA","time_0_5","Early childhood (0-5 years)","Restricted (at least 2 complete occasions)","Stable High — Mother: Stable High (0–5y); Father: Stable High (0–5y)","ESXC","Ever had sexual intercourse","Mediator",3,165,69,0.418181818181818
"Joint Parental Residence Patterns","JPA","time_0_5","Early childhood (0-5 years)","Restricted (at least 2 complete occasions)","Stable High — Mother: Stable High (0–5y); Father: Stable High (0–5y)","FDSC","Food insecurity","Mediator",4,166,51,0.307228915662651
"Joint Parental Residence Patterns","JPA","time_0_5","Early childhood (0-5 years)","Restricted (at least 2 complete occasions)","Stable High — Mother: Stable High (0–5y); Father: Stable High (0–5y)","GOVG","No government grant receipt","Mediator",5,166,110,0.662650602409639
"Joint Parental Residence Patterns","JPA","time_0_5","Early childhood (0-5 years)","Restricted (at least 2 complete occasions)","Stable High — Mother: Stable High (0–5y); Father: Stable High (0–5y)","SCHL","School disengagement","Mediator",8,166,41,0.246987951807229
"Joint Parental Residence Patterns","JPA","time_0_5","Early childhood (0-5 years)","Restricted (at least 2 complete occasions)","Stable High — Mother: Stable High (0–5y); Father: Stable High (0–5y)","SCSP","Low social support","Mediator",7,166,15,0.0903614457831325
"Joint Parental Residence Patterns","JPA","time_0_5","Early childhood (0-5 years)","Restricted (at least 2 complete occasions)","Stable High — Mother: Stable High (0–5y); Father: Stable High (0–5y)","VLNC","Violence exposure","Mediator",6,166,60,0.36144578313253
"Joint Parental Residence Patterns","JPA","time_0_5","Early childhood (0-5 years)","Restricted (at least 2 complete occasions)","Stable Low — Mother: Stable Low (0–5y); Father: Stable Low (0–5y)","DNKA","Alcohol use","Mediator",2,724,248,0.342541436464088
"Joint Parental Residence Patterns","JPA","time_0_5","Early childhood (0-5 years)","Restricted (at least 2 complete occasions)","Stable Low — Mother: Stable Low (0–5y); Father: Stable Low (0–5y)","DPBN","Depression","Outcome",1,720,36,0.05
"Joint Parental Residence Patterns","JPA","time_0_5","Early childhood (0-5 years)","Restricted (at least 2 complete occasions)","Stable Low — Mother: Stable Low (0–5y); Father: Stable Low (0–5y)","ESXC","Ever had sexual intercourse","Mediator",3,706,320,0.453257790368273
"Joint Parental Residence Patterns","JPA","time_0_5","Early childhood (0-5 years)","Restricted (at least 2 complete occasions)","Stable Low — Mother: Stable Low (0–5y); Father: Stable Low (0–5y)","FDSC","Food insecurity","Mediator",4,724,189,0.261049723756906
"Joint Parental Residence Patterns","JPA","time_0_5","Early childhood (0-5 years)","Restricted (at least 2 complete occasions)","Stable Low — Mother: Stable Low (0–5y); Father: Stable Low (0–5y)","GOVG","No government grant receipt","Mediator",5,724,459,0.633977900552485
"Joint Parental Residence Patterns","JPA","time_0_5","Early childhood (0-5 years)","Restricted (at least 2 complete occasions)","Stable Low — Mother: Stable Low (0–5y); Father: Stable Low (0–5y)","SCHL","School disengagement","Mediator",8,724,203,0.280386740331491
"Joint Parental Residence Patterns","JPA","time_0_5","Early childhood (0-5 years)","Restricted (at least 2 complete occasions)","Stable Low — Mother: Stable Low (0–5y); Father: Stable Low (0–5y)","SCSP","Low social support","Mediator",7,724,67,0.0925414364640884
"Joint Parental Residence Patterns","JPA","time_0_5","Early childhood (0-5 years)","Restricted (at least 2 complete occasions)","Stable Low — Mother: Stable Low (0–5y); Father: Stable Low (0–5y)","VLNC","Violence exposure","Mediator",6,724,242,0.334254143646409
"Joint Parental Residence Patterns","JPA","time_0_5","Early childhood (0-5 years)","Restricted (at least 2 complete occasions)","Stable Medium — Mother: Stable Low (0–5y); Father: Stable High (0–5y)","DNKA","Alcohol use","Mediator",2,808,284,0.351485148514852
"Joint Parental Residence Patterns","JPA","time_0_5","Early childhood (0-5 years)","Restricted (at least 2 complete occasions)","Stable Medium — Mother: Stable Low (0–5y); Father: Stable High (0–5y)","DPBN","Depression","Outcome",1,803,40,0.0498132004981319
"Joint Parental Residence Patterns","JPA","time_0_5","Early childhood (0-5 years)","Restricted (at least 2 complete occasions)","Stable Medium — Mother: Stable Low (0–5y); Father: Stable High (0–5y)","ESXC","Ever had sexual intercourse","Mediator",3,794,356,0.448362720403021
"Joint Parental Residence Patterns","JPA","time_0_5","Early childhood (0-5 years)","Restricted (at least 2 complete occasions)","Stable Medium — Mother: Stable Low (0–5y); Father: Stable High (0–5y)","FDSC","Food insecurity","Mediator",4,808,239,0.295792079207921
"Joint Parental Residence Patterns","JPA","time_0_5","Early childhood (0-5 years)","Restricted (at least 2 complete occasions)","Stable Medium — Mother: Stable Low (0–5y); Father: Stable High (0–5y)","GOVG","No government grant receipt","Mediator",5,808,487,0.602722772277229
"Joint Parental Residence Patterns","JPA","time_0_5","Early childhood (0-5 years)","Restricted (at least 2 complete occasions)","Stable Medium — Mother: Stable Low (0–5y); Father: Stable High (0–5y)","SCHL","School disengagement","Mediator",8,808,226,0.27970297029703
"Joint Parental Residence Patterns","JPA","time_0_5","Early childhood (0-5 years)","Restricted (at least 2 complete occasions)","Stable Medium — Mother: Stable Low (0–5y); Father: Stable High (0–5y)","SCSP","Low social support","Mediator",7,808,85,0.10519801980198
"Joint Parental Residence Patterns","JPA","time_0_5","Early childhood (0-5 years)","Restricted (at least 2 complete occasions)","Stable Medium — Mother: Stable Low (0–5y); Father: Stable High (0–5y)","VLNC","Violence exposure","Mediator",6,808,236,0.292079207920792
"Joint Parental Residence Patterns","JPA","time_0_5","Early childhood (0-5 years)","Stricter restricted (at least 3 complete occasions)","Concave Trough Early — Mother: Shift Up Mid (1–5y); Father: Shift Down Early (0–3y)","DNKA","Alcohol use","Mediator",2,221,89,0.402714932126697
"Joint Parental Residence Patterns","JPA","time_0_5","Early childhood (0-5 years)","Stricter restricted (at least 3 complete occasions)","Concave Trough Early — Mother: Shift Up Mid (1–5y); Father: Shift Down Early (0–3y)","DPBN","Depression","Outcome",1,219,10,0.045662100456621
"Joint Parental Residence Patterns","JPA","time_0_5","Early childhood (0-5 years)","Stricter restricted (at least 3 complete occasions)","Concave Trough Early — Mother: Shift Up Mid (1–5y); Father: Shift Down Early (0–3y)","ESXC","Ever had sexual intercourse","Mediator",3,217,96,0.442396313364055
"Joint Parental Residence Patterns","JPA","time_0_5","Early childhood (0-5 years)","Stricter restricted (at least 3 complete occasions)","Concave Trough Early — Mother: Shift Up Mid (1–5y); Father: Shift Down Early (0–3y)","FDSC","Food insecurity","Mediator",4,221,55,0.248868778280543
"Joint Parental Residence Patterns","JPA","time_0_5","Early childhood (0-5 years)","Stricter restricted (at least 3 complete occasions)","Concave Trough Early — Mother: Shift Up Mid (1–5y); Father: Shift Down Early (0–3y)","GOVG","No government grant receipt","Mediator",5,221,130,0.588235294117647
"Joint Parental Residence Patterns","JPA","time_0_5","Early childhood (0-5 years)","Stricter restricted (at least 3 complete occasions)","Concave Trough Early — Mother: Shift Up Mid (1–5y); Father: Shift Down Early (0–3y)","SCHL","School disengagement","Mediator",8,221,46,0.208144796380091
"Joint Parental Residence Patterns","JPA","time_0_5","Early childhood (0-5 years)","Stricter restricted (at least 3 complete occasions)","Concave Trough Early — Mother: Shift Up Mid (1–5y); Father: Shift Down Early (0–3y)","SCSP","Low social support","Mediator",7,221,18,0.081447963800905
"Joint Parental Residence Patterns","JPA","time_0_5","Early childhood (0-5 years)","Stricter restricted (at least 3 complete occasions)","Concave Trough Early — Mother: Shift Up Mid (1–5y); Father: Shift Down Early (0–3y)","VLNC","Violence exposure","Mediator",6,221,69,0.312217194570136
"Joint Parental Residence Patterns","JPA","time_0_5","Early childhood (0-5 years)","Stricter restricted (at least 3 complete occasions)","Stable High — Mother: Stable High (0–5y); Father: Stable High (0–5y)","DNKA","Alcohol use","Mediator",2,651,219,0.336405529953917
"Joint Parental Residence Patterns","JPA","time_0_5","Early childhood (0-5 years)","Stricter restricted (at least 3 complete occasions)","Stable High — Mother: Stable High (0–5y); Father: Stable High (0–5y)","DPBN","Depression","Outcome",1,650,27,0.0415384615384614
"Joint Parental Residence Patterns","JPA","time_0_5","Early childhood (0-5 years)","Stricter restricted (at least 3 complete occasions)","Stable High — Mother: Stable High (0–5y); Father: Stable High (0–5y)","ESXC","Ever had sexual intercourse","Mediator",3,638,275,0.431034482758622
"Joint Parental Residence Patterns","JPA","time_0_5","Early childhood (0-5 years)","Stricter restricted (at least 3 complete occasions)","Stable High — Mother: Stable High (0–5y); Father: Stable High (0–5y)","FDSC","Food insecurity","Mediator",4,651,167,0.25652841781874
"Joint Parental Residence Patterns","JPA","time_0_5","Early childhood (0-5 years)","Stricter restricted (at least 3 complete occasions)","Stable High — Mother: Stable High (0–5y); Father: Stable High (0–5y)","GOVG","No government grant receipt","Mediator",5,651,407,0.625192012288787
"Joint Parental Residence Patterns","JPA","time_0_5","Early childhood (0-5 years)","Stricter restricted (at least 3 complete occasions)","Stable High — Mother: Stable High (0–5y); Father: Stable High (0–5y)","SCHL","School disengagement","Mediator",8,651,161,0.247311827956988
"Joint Parental Residence Patterns","JPA","time_0_5","Early childhood (0-5 years)","Stricter restricted (at least 3 complete occasions)","Stable High — Mother: Stable High (0–5y); Father: Stable High (0–5y)","SCSP","Low social support","Mediator",7,651,63,0.0967741935483872
"Joint Parental Residence Patterns","JPA","time_0_5","Early childhood (0-5 years)","Stricter restricted (at least 3 complete occasions)","Stable High — Mother: Stable High (0–5y); Father: Stable High (0–5y)","VLNC","Violence exposure","Mediator",6,651,212,0.325652841781874
"Joint Parental Residence Patterns","JPA","time_0_5","Early childhood (0-5 years)","Stricter restricted (at least 3 complete occasions)","Stable Low — Mother: Stable Low (0–5y); Father: Stable Low (0–5y)","DNKA","Alcohol use","Mediator",2,719,244,0.339360222531293
"Joint Parental Residence Patterns","JPA","time_0_5","Early childhood (0-5 years)","Stricter restricted (at least 3 complete occasions)","Stable Low — Mother: Stable Low (0–5y); Father: Stable Low (0–5y)","DPBN","Depression","Outcome",1,715,32,0.0447552447552447
"Joint Parental Residence Patterns","JPA","time_0_5","Early childhood (0-5 years)","Stricter restricted (at least 3 complete occasions)","Stable Low — Mother: Stable Low (0–5y); Father: Stable Low (0–5y)","ESXC","Ever had sexual intercourse","Mediator",3,708,298,0.42090395480226
"Joint Parental Residence Patterns","JPA","time_0_5","Early childhood (0-5 years)","Stricter restricted (at least 3 complete occasions)","Stable Low — Mother: Stable Low (0–5y); Father: Stable Low (0–5y)","FDSC","Food insecurity","Mediator",4,719,209,0.290681502086231
"Joint Parental Residence Patterns","JPA","time_0_5","Early childhood (0-5 years)","Stricter restricted (at least 3 complete occasions)","Stable Low — Mother: Stable Low (0–5y); Father: Stable Low (0–5y)","GOVG","No government grant receipt","Mediator",5,719,429,0.596662030598052
"Joint Parental Residence Patterns","JPA","time_0_5","Early childhood (0-5 years)","Stricter restricted (at least 3 complete occasions)","Stable Low — Mother: Stable Low (0–5y); Father: Stable Low (0–5y)","SCHL","School disengagement","Mediator",8,719,179,0.248956884561891
"Joint Parental Residence Patterns","JPA","time_0_5","Early childhood (0-5 years)","Stricter restricted (at least 3 complete occasions)","Stable Low — Mother: Stable Low (0–5y); Father: Stable Low (0–5y)","SCSP","Low social support","Mediator",7,719,80,0.111265646731572
"Joint Parental Residence Patterns","JPA","time_0_5","Early childhood (0-5 years)","Stricter restricted (at least 3 complete occasions)","Stable Low — Mother: Stable Low (0–5y); Father: Stable Low (0–5y)","VLNC","Violence exposure","Mediator",6,719,204,0.283727399165508
"Joint Parental Residence Patterns","JPA","time_0_5","Early childhood (0-5 years)","Stricter restricted (at least 3 complete occasions)","Stable Medium — Mother: Stable Low (0–5y); Father: Stable High (0–5y)","DNKA","Alcohol use","Mediator",2,146,52,0.356164383561644
"Joint Parental Residence Patterns","JPA","time_0_5","Early childhood (0-5 years)","Stricter restricted (at least 3 complete occasions)","Stable Medium — Mother: Stable Low (0–5y); Father: Stable High (0–5y)","DPBN","Depression","Outcome",1,146,13,0.0890410958904109
"Joint Parental Residence Patterns","JPA","time_0_5","Early childhood (0-5 years)","Stricter restricted (at least 3 complete occasions)","Stable Medium — Mother: Stable Low (0–5y); Father: Stable High (0–5y)","ESXC","Ever had sexual intercourse","Mediator",3,146,59,0.404109589041096
"Joint Parental Residence Patterns","JPA","time_0_5","Early childhood (0-5 years)","Stricter restricted (at least 3 complete occasions)","Stable Medium — Mother: Stable Low (0–5y); Father: Stable High (0–5y)","FDSC","Food insecurity","Mediator",4,146,46,0.315068493150685
"Joint Parental Residence Patterns","JPA","time_0_5","Early childhood (0-5 years)","Stricter restricted (at least 3 complete occasions)","Stable Medium — Mother: Stable Low (0–5y); Father: Stable High (0–5y)","GOVG","No government grant receipt","Mediator",5,146,95,0.65068493150685
"Joint Parental Residence Patterns","JPA","time_0_5","Early childhood (0-5 years)","Stricter restricted (at least 3 complete occasions)","Stable Medium — Mother: Stable Low (0–5y); Father: Stable High (0–5y)","SCHL","School disengagement","Mediator",8,146,31,0.212328767123288
"Joint Parental Residence Patterns","JPA","time_0_5","Early childhood (0-5 years)","Stricter restricted (at least 3 complete occasions)","Stable Medium — Mother: Stable Low (0–5y); Father: Stable High (0–5y)","SCSP","Low social support","Mediator",7,146,13,0.089041095890411
"Joint Parental Residence Patterns","JPA","time_0_5","Early childhood (0-5 years)","Stricter restricted (at least 3 complete occasions)","Stable Medium — Mother: Stable Low (0–5y); Father: Stable High (0–5y)","VLNC","Violence exposure","Mediator",6,146,52,0.356164383561644
"Joint Parental Residence Patterns","JPA","time_0_5","Early childhood (0-5 years)","Unrestricted","Concave Trough Early — Mother: Shift Up Mid (1–5y); Father: Shift Down Early (0–3y)","DNKA","Alcohol use","Mediator",2,183,65,0.355191256830601
"Joint Parental Residence Patterns","JPA","time_0_5","Early childhood (0-5 years)","Unrestricted","Concave Trough Early — Mother: Shift Up Mid (1–5y); Father: Shift Down Early (0–3y)","DPBN","Depression","Outcome",1,182,17,0.0934065934065934
"Joint Parental Residence Patterns","JPA","time_0_5","Early childhood (0-5 years)","Unrestricted","Concave Trough Early — Mother: Shift Up Mid (1–5y); Father: Shift Down Early (0–3y)","ESXC","Ever had sexual intercourse","Mediator",3,181,77,0.425414364640884
"Joint Parental Residence Patterns","JPA","time_0_5","Early childhood (0-5 years)","Unrestricted","Concave Trough Early — Mother: Shift Up Mid (1–5y); Father: Shift Down Early (0–3y)","FDSC","Food insecurity","Mediator",4,183,54,0.295081967213115
"Joint Parental Residence Patterns","JPA","time_0_5","Early childhood (0-5 years)","Unrestricted","Concave Trough Early — Mother: Shift Up Mid (1–5y); Father: Shift Down Early (0–3y)","GOVG","No government grant receipt","Mediator",5,183,119,0.650273224043716
"Joint Parental Residence Patterns","JPA","time_0_5","Early childhood (0-5 years)","Unrestricted","Concave Trough Early — Mother: Shift Up Mid (1–5y); Father: Shift Down Early (0–3y)","SCHL","School disengagement","Mediator",8,183,49,0.26775956284153
"Joint Parental Residence Patterns","JPA","time_0_5","Early childhood (0-5 years)","Unrestricted","Concave Trough Early — Mother: Shift Up Mid (1–5y); Father: Shift Down Early (0–3y)","SCSP","Low social support","Mediator",7,183,17,0.092896174863388
"Joint Parental Residence Patterns","JPA","time_0_5","Early childhood (0-5 years)","Unrestricted","Concave Trough Early — Mother: Shift Up Mid (1–5y); Father: Shift Down Early (0–3y)","VLNC","Violence exposure","Mediator",6,183,65,0.355191256830601
"Joint Parental Residence Patterns","JPA","time_0_5","Early childhood (0-5 years)","Unrestricted","Stable High — Mother: Stable High (0–5y); Father: Stable High (0–5y)","DNKA","Alcohol use","Mediator",2,306,117,0.38235294117647
"Joint Parental Residence Patterns","JPA","time_0_5","Early childhood (0-5 years)","Unrestricted","Stable High — Mother: Stable High (0–5y); Father: Stable High (0–5y)","DPBN","Depression","Outcome",1,297,12,0.0404040404040404
"Joint Parental Residence Patterns","JPA","time_0_5","Early childhood (0-5 years)","Unrestricted","Stable High — Mother: Stable High (0–5y); Father: Stable High (0–5y)","ESXC","Ever had sexual intercourse","Mediator",3,295,140,0.474576271186441
"Joint Parental Residence Patterns","JPA","time_0_5","Early childhood (0-5 years)","Unrestricted","Stable High — Mother: Stable High (0–5y); Father: Stable High (0–5y)","FDSC","Food insecurity","Mediator",4,306,77,0.251633986928105
"Joint Parental Residence Patterns","JPA","time_0_5","Early childhood (0-5 years)","Unrestricted","Stable High — Mother: Stable High (0–5y); Father: Stable High (0–5y)","GOVG","No government grant receipt","Mediator",5,306,189,0.61764705882353
"Joint Parental Residence Patterns","JPA","time_0_5","Early childhood (0-5 years)","Unrestricted","Stable High — Mother: Stable High (0–5y); Father: Stable High (0–5y)","SCHL","School disengagement","Mediator",8,306,89,0.290849673202614
"Joint Parental Residence Patterns","JPA","time_0_5","Early childhood (0-5 years)","Unrestricted","Stable High — Mother: Stable High (0–5y); Father: Stable High (0–5y)","SCSP","Low social support","Mediator",7,306,27,0.0882352941176471
"Joint Parental Residence Patterns","JPA","time_0_5","Early childhood (0-5 years)","Unrestricted","Stable High — Mother: Stable High (0–5y); Father: Stable High (0–5y)","VLNC","Violence exposure","Mediator",6,306,99,0.323529411764706
"Joint Parental Residence Patterns","JPA","time_0_5","Early childhood (0-5 years)","Unrestricted","Stable Low — Mother: Stable Low (0–5y); Father: Stable Low (0–5y)","DNKA","Alcohol use","Mediator",2,798,273,0.342105263157895
"Joint Parental Residence Patterns","JPA","time_0_5","Early childhood (0-5 years)","Unrestricted","Stable Low — Mother: Stable Low (0–5y); Father: Stable Low (0–5y)","DPBN","Depression","Outcome",1,791,45,0.0568900126422252
"Joint Parental Residence Patterns","JPA","time_0_5","Early childhood (0-5 years)","Unrestricted","Stable Low — Mother: Stable Low (0–5y); Father: Stable Low (0–5y)","ESXC","Ever had sexual intercourse","Mediator",3,777,368,0.473616473616473
"Joint Parental Residence Patterns","JPA","time_0_5","Early childhood (0-5 years)","Unrestricted","Stable Low — Mother: Stable Low (0–5y); Father: Stable Low (0–5y)","FDSC","Food insecurity","Mediator",4,798,217,0.271929824561403
"Joint Parental Residence Patterns","JPA","time_0_5","Early childhood (0-5 years)","Unrestricted","Stable Low — Mother: Stable Low (0–5y); Father: Stable Low (0–5y)","GOVG","No government grant receipt","Mediator",5,798,510,0.639097744360902
"Joint Parental Residence Patterns","JPA","time_0_5","Early childhood (0-5 years)","Unrestricted","Stable Low — Mother: Stable Low (0–5y); Father: Stable Low (0–5y)","SCHL","School disengagement","Mediator",8,798,246,0.308270676691729
"Joint Parental Residence Patterns","JPA","time_0_5","Early childhood (0-5 years)","Unrestricted","Stable Low — Mother: Stable Low (0–5y); Father: Stable Low (0–5y)","SCSP","Low social support","Mediator",7,798,76,0.0952380952380952
"Joint Parental Residence Patterns","JPA","time_0_5","Early childhood (0-5 years)","Unrestricted","Stable Low — Mother: Stable Low (0–5y); Father: Stable Low (0–5y)","VLNC","Violence exposure","Mediator",6,798,271,0.339598997493734
"Joint Parental Residence Patterns","JPA","time_0_5","Early childhood (0-5 years)","Unrestricted","Stable Medium — Mother: Stable Low (0–5y); Father: Stable High (0–5y)","DNKA","Alcohol use","Mediator",2,893,314,0.351623740201568
"Joint Parental Residence Patterns","JPA","time_0_5","Early childhood (0-5 years)","Unrestricted","Stable Medium — Mother: Stable Low (0–5y); Father: Stable High (0–5y)","DPBN","Depression","Outcome",1,888,51,0.0574324324324325
"Joint Parental Residence Patterns","JPA","time_0_5","Early childhood (0-5 years)","Unrestricted","Stable Medium — Mother: Stable Low (0–5y); Father: Stable High (0–5y)","ESXC","Ever had sexual intercourse","Mediator",3,878,407,0.463553530751707
"Joint Parental Residence Patterns","JPA","time_0_5","Early childhood (0-5 years)","Unrestricted","Stable Medium — Mother: Stable Low (0–5y); Father: Stable High (0–5y)","FDSC","Food insecurity","Mediator",4,893,264,0.295632698768197
"Joint Parental Residence Patterns","JPA","time_0_5","Early childhood (0-5 years)","Unrestricted","Stable Medium — Mother: Stable Low (0–5y); Father: Stable High (0–5y)","GOVG","No government grant receipt","Mediator",5,893,538,0.602463605823068
"Joint Parental Residence Patterns","JPA","time_0_5","Early childhood (0-5 years)","Unrestricted","Stable Medium — Mother: Stable Low (0–5y); Father: Stable High (0–5y)","SCHL","School disengagement","Mediator",8,893,271,0.303471444568868
"Joint Parental Residence Patterns","JPA","time_0_5","Early childhood (0-5 years)","Unrestricted","Stable Medium — Mother: Stable Low (0–5y); Father: Stable High (0–5y)","SCSP","Low social support","Mediator",7,893,95,0.106382978723404
"Joint Parental Residence Patterns","JPA","time_0_5","Early childhood (0-5 years)","Unrestricted","Stable Medium — Mother: Stable Low (0–5y); Father: Stable High (0–5y)","VLNC","Violence exposure","Mediator",6,893,269,0.301231802911534
"Joint Parental Residence Patterns","JPA","time_6_12","Middle-late childhood (6-12 years)","Restricted (at least 2 complete occasions)","Class 1","DNKA","Alcohol use","Mediator",2,753,239,0.317397078353254
"Joint Parental Residence Patterns","JPA","time_6_12","Middle-late childhood (6-12 years)","Restricted (at least 2 complete occasions)","Class 1","DPBN","Depression","Outcome",1,731,39,0.0533515731874145
"Joint Parental Residence Patterns","JPA","time_6_12","Middle-late childhood (6-12 years)","Restricted (at least 2 complete occasions)","Class 1","ESXC","Ever had sexual intercourse","Mediator",3,724,348,0.480662983425415
"Joint Parental Residence Patterns","JPA","time_6_12","Middle-late childhood (6-12 years)","Restricted (at least 2 complete occasions)","Class 1","FDSC","Food insecurity","Mediator",4,753,220,0.292164674634794
"Joint Parental Residence Patterns","JPA","time_6_12","Middle-late childhood (6-12 years)","Restricted (at least 2 complete occasions)","Class 1","GOVG","No government grant receipt","Mediator",5,753,496,0.658698539176627
"Joint Parental Residence Patterns","JPA","time_6_12","Middle-late childhood (6-12 years)","Restricted (at least 2 complete occasions)","Class 1","SCHL","School disengagement","Mediator",8,753,263,0.349269588313412
"Joint Parental Residence Patterns","JPA","time_6_12","Middle-late childhood (6-12 years)","Restricted (at least 2 complete occasions)","Class 1","SCSP","Low social support","Mediator",7,753,69,0.0916334661354582
"Joint Parental Residence Patterns","JPA","time_6_12","Middle-late childhood (6-12 years)","Restricted (at least 2 complete occasions)","Class 1","VLNC","Violence exposure","Mediator",6,753,226,0.300132802124834
"Joint Parental Residence Patterns","JPA","time_6_12","Middle-late childhood (6-12 years)","Restricted (at least 2 complete occasions)","Class 2","DNKA","Alcohol use","Mediator",2,284,101,0.355633802816901
"Joint Parental Residence Patterns","JPA","time_6_12","Middle-late childhood (6-12 years)","Restricted (at least 2 complete occasions)","Class 2","DPBN","Depression","Outcome",1,262,15,0.0572519083969466
"Joint Parental Residence Patterns","JPA","time_6_12","Middle-late childhood (6-12 years)","Restricted (at least 2 complete occasions)","Class 2","ESXC","Ever had sexual intercourse","Mediator",3,267,147,0.550561797752809
"Joint Parental Residence Patterns","JPA","time_6_12","Middle-late childhood (6-12 years)","Restricted (at least 2 complete occasions)","Class 2","FDSC","Food insecurity","Mediator",4,284,91,0.320422535211267
"Joint Parental Residence Patterns","JPA","time_6_12","Middle-late childhood (6-12 years)","Restricted (at least 2 complete occasions)","Class 2","GOVG","No government grant receipt","Mediator",5,284,173,0.609154929577465
"Joint Parental Residence Patterns","JPA","time_6_12","Middle-late childhood (6-12 years)","Restricted (at least 2 complete occasions)","Class 2","SCHL","School disengagement","Mediator",8,284,114,0.401408450704226
"Joint Parental Residence Patterns","JPA","time_6_12","Middle-late childhood (6-12 years)","Restricted (at least 2 complete occasions)","Class 2","SCSP","Low social support","Mediator",7,284,24,0.0845070422535212
"Joint Parental Residence Patterns","JPA","time_6_12","Middle-late childhood (6-12 years)","Restricted (at least 2 complete occasions)","Class 2","VLNC","Violence exposure","Mediator",6,284,86,0.302816901408451
"Joint Parental Residence Patterns","JPA","time_6_12","Middle-late childhood (6-12 years)","Restricted (at least 2 complete occasions)","Class 3","DNKA","Alcohol use","Mediator",2,202,79,0.391089108910891
"Joint Parental Residence Patterns","JPA","time_6_12","Middle-late childhood (6-12 years)","Restricted (at least 2 complete occasions)","Class 3","DPBN","Depression","Outcome",1,202,15,0.0742574257425742
"Joint Parental Residence Patterns","JPA","time_6_12","Middle-late childhood (6-12 years)","Restricted (at least 2 complete occasions)","Class 3","ESXC","Ever had sexual intercourse","Mediator",3,196,103,0.525510204081632
"Joint Parental Residence Patterns","JPA","time_6_12","Middle-late childhood (6-12 years)","Restricted (at least 2 complete occasions)","Class 3","FDSC","Food insecurity","Mediator",4,202,57,0.282178217821782
"Joint Parental Residence Patterns","JPA","time_6_12","Middle-late childhood (6-12 years)","Restricted (at least 2 complete occasions)","Class 3","GOVG","No government grant receipt","Mediator",5,202,116,0.574257425742574
"Joint Parental Residence Patterns","JPA","time_6_12","Middle-late childhood (6-12 years)","Restricted (at least 2 complete occasions)","Class 3","SCHL","School disengagement","Mediator",8,202,73,0.361386138613861
"Joint Parental Residence Patterns","JPA","time_6_12","Middle-late childhood (6-12 years)","Restricted (at least 2 complete occasions)","Class 3","SCSP","Low social support","Mediator",7,202,21,0.103960396039604
"Joint Parental Residence Patterns","JPA","time_6_12","Middle-late childhood (6-12 years)","Restricted (at least 2 complete occasions)","Class 3","VLNC","Violence exposure","Mediator",6,202,62,0.306930693069307
"Joint Parental Residence Patterns","JPA","time_6_12","Middle-late childhood (6-12 years)","Restricted (at least 2 complete occasions)","Class 4","DNKA","Alcohol use","Mediator",2,165,62,0.375757575757576
"Joint Parental Residence Patterns","JPA","time_6_12","Middle-late childhood (6-12 years)","Restricted (at least 2 complete occasions)","Class 4","DPBN","Depression","Outcome",1,162,10,0.0617283950617284
"Joint Parental Residence Patterns","JPA","time_6_12","Middle-late childhood (6-12 years)","Restricted (at least 2 complete occasions)","Class 4","ESXC","Ever had sexual intercourse","Mediator",3,160,77,0.48125
"Joint Parental Residence Patterns","JPA","time_6_12","Middle-late childhood (6-12 years)","Restricted (at least 2 complete occasions)","Class 4","FDSC","Food insecurity","Mediator",4,165,50,0.303030303030303
"Joint Parental Residence Patterns","JPA","time_6_12","Middle-late childhood (6-12 years)","Restricted (at least 2 complete occasions)","Class 4","GOVG","No government grant receipt","Mediator",5,165,98,0.593939393939394
"Joint Parental Residence Patterns","JPA","time_6_12","Middle-late childhood (6-12 years)","Restricted (at least 2 complete occasions)","Class 4","SCHL","School disengagement","Mediator",8,165,49,0.296969696969697
"Joint Parental Residence Patterns","JPA","time_6_12","Middle-late childhood (6-12 years)","Restricted (at least 2 complete occasions)","Class 4","SCSP","Low social support","Mediator",7,165,21,0.127272727272727
"Joint Parental Residence Patterns","JPA","time_6_12","Middle-late childhood (6-12 years)","Restricted (at least 2 complete occasions)","Class 4","VLNC","Violence exposure","Mediator",6,165,56,0.339393939393939
"Joint Parental Residence Patterns","JPA","time_6_12","Middle-late childhood (6-12 years)","Restricted (at least 2 complete occasions)","Class 5","DNKA","Alcohol use","Mediator",2,782,274,0.350383631713555
"Joint Parental Residence Patterns","JPA","time_6_12","Middle-late childhood (6-12 years)","Restricted (at least 2 complete occasions)","Class 5","DPBN","Depression","Outcome",1,760,45,0.0592105263157895
"Joint Parental Residence Patterns","JPA","time_6_12","Middle-late childhood (6-12 years)","Restricted (at least 2 complete occasions)","Class 5","ESXC","Ever had sexual intercourse","Mediator",3,749,363,0.484646194926569
"Joint Parental Residence Patterns","JPA","time_6_12","Middle-late childhood (6-12 years)","Restricted (at least 2 complete occasions)","Class 5","FDSC","Food insecurity","Mediator",4,782,250,0.319693094629157
"Joint Parental Residence Patterns","JPA","time_6_12","Middle-late childhood (6-12 years)","Restricted (at least 2 complete occasions)","Class 5","GOVG","No government grant receipt","Mediator",5,782,477,0.609974424552431
"Joint Parental Residence Patterns","JPA","time_6_12","Middle-late childhood (6-12 years)","Restricted (at least 2 complete occasions)","Class 5","SCHL","School disengagement","Mediator",8,782,278,0.355498721227623
"Joint Parental Residence Patterns","JPA","time_6_12","Middle-late childhood (6-12 years)","Restricted (at least 2 complete occasions)","Class 5","SCSP","Low social support","Mediator",7,782,72,0.092071611253197
"Joint Parental Residence Patterns","JPA","time_6_12","Middle-late childhood (6-12 years)","Restricted (at least 2 complete occasions)","Class 5","VLNC","Violence exposure","Mediator",6,782,239,0.305626598465473
"Joint Parental Residence Patterns","JPA","time_6_12","Middle-late childhood (6-12 years)","Restricted (at least 2 complete occasions)","Class 6","DNKA","Alcohol use","Mediator",2,151,53,0.350993377483444
"Joint Parental Residence Patterns","JPA","time_6_12","Middle-late childhood (6-12 years)","Restricted (at least 2 complete occasions)","Class 6","DPBN","Depression","Outcome",1,149,5,0.0335570469798658
"Joint Parental Residence Patterns","JPA","time_6_12","Middle-late childhood (6-12 years)","Restricted (at least 2 complete occasions)","Class 6","ESXC","Ever had sexual intercourse","Mediator",3,145,82,0.56551724137931
"Joint Parental Residence Patterns","JPA","time_6_12","Middle-late childhood (6-12 years)","Restricted (at least 2 complete occasions)","Class 6","FDSC","Food insecurity","Mediator",4,151,46,0.304635761589404
"Joint Parental Residence Patterns","JPA","time_6_12","Middle-late childhood (6-12 years)","Restricted (at least 2 complete occasions)","Class 6","GOVG","No government grant receipt","Mediator",5,151,100,0.662251655629139
"Joint Parental Residence Patterns","JPA","time_6_12","Middle-late childhood (6-12 years)","Restricted (at least 2 complete occasions)","Class 6","SCHL","School disengagement","Mediator",8,151,55,0.364238410596026
"Joint Parental Residence Patterns","JPA","time_6_12","Middle-late childhood (6-12 years)","Restricted (at least 2 complete occasions)","Class 6","SCSP","Low social support","Mediator",7,151,17,0.112582781456954
"Joint Parental Residence Patterns","JPA","time_6_12","Middle-late childhood (6-12 years)","Restricted (at least 2 complete occasions)","Class 6","VLNC","Violence exposure","Mediator",6,151,47,0.311258278145695
"Joint Parental Residence Patterns","JPA","time_6_12","Middle-late childhood (6-12 years)","Restricted (at least 2 complete occasions)","Class 7","DNKA","Alcohol use","Mediator",2,245,90,0.36734693877551
"Joint Parental Residence Patterns","JPA","time_6_12","Middle-late childhood (6-12 years)","Restricted (at least 2 complete occasions)","Class 7","DPBN","Depression","Outcome",1,238,19,0.0798319327731093
"Joint Parental Residence Patterns","JPA","time_6_12","Middle-late childhood (6-12 years)","Restricted (at least 2 complete occasions)","Class 7","ESXC","Ever had sexual intercourse","Mediator",3,238,113,0.474789915966386
"Joint Parental Residence Patterns","JPA","time_6_12","Middle-late childhood (6-12 years)","Restricted (at least 2 complete occasions)","Class 7","FDSC","Food insecurity","Mediator",4,245,74,0.302040816326531
"Joint Parental Residence Patterns","JPA","time_6_12","Middle-late childhood (6-12 years)","Restricted (at least 2 complete occasions)","Class 7","GOVG","No government grant receipt","Mediator",5,245,144,0.587755102040816
"Joint Parental Residence Patterns","JPA","time_6_12","Middle-late childhood (6-12 years)","Restricted (at least 2 complete occasions)","Class 7","SCHL","School disengagement","Mediator",8,245,80,0.326530612244898
"Joint Parental Residence Patterns","JPA","time_6_12","Middle-late childhood (6-12 years)","Restricted (at least 2 complete occasions)","Class 7","SCSP","Low social support","Mediator",7,245,19,0.0775510204081632
"Joint Parental Residence Patterns","JPA","time_6_12","Middle-late childhood (6-12 years)","Restricted (at least 2 complete occasions)","Class 7","VLNC","Violence exposure","Mediator",6,245,78,0.318367346938775
"Joint Parental Residence Patterns","JPA","time_6_12","Middle-late childhood (6-12 years)","Stricter restricted (at least 3 complete occasions)","Class 1","DNKA","Alcohol use","Mediator",2,262,96,0.366412213740458
"Joint Parental Residence Patterns","JPA","time_6_12","Middle-late childhood (6-12 years)","Stricter restricted (at least 3 complete occasions)","Class 1","DPBN","Depression","Outcome",1,244,14,0.0573770491803279
"Joint Parental Residence Patterns","JPA","time_6_12","Middle-late childhood (6-12 years)","Stricter restricted (at least 3 complete occasions)","Class 1","ESXC","Ever had sexual intercourse","Mediator",3,245,130,0.530612244897959
"Joint Parental Residence Patterns","JPA","time_6_12","Middle-late childhood (6-12 years)","Stricter restricted (at least 3 complete occasions)","Class 1","FDSC","Food insecurity","Mediator",4,262,79,0.301526717557252
"Joint Parental Residence Patterns","JPA","time_6_12","Middle-late childhood (6-12 years)","Stricter restricted (at least 3 complete occasions)","Class 1","GOVG","No government grant receipt","Mediator",5,262,158,0.603053435114504
"Joint Parental Residence Patterns","JPA","time_6_12","Middle-late childhood (6-12 years)","Stricter restricted (at least 3 complete occasions)","Class 1","SCHL","School disengagement","Mediator",8,262,100,0.381679389312976
"Joint Parental Residence Patterns","JPA","time_6_12","Middle-late childhood (6-12 years)","Stricter restricted (at least 3 complete occasions)","Class 1","SCSP","Low social support","Mediator",7,262,23,0.0877862595419847
"Joint Parental Residence Patterns","JPA","time_6_12","Middle-late childhood (6-12 years)","Stricter restricted (at least 3 complete occasions)","Class 1","VLNC","Violence exposure","Mediator",6,262,78,0.297709923664122
"Joint Parental Residence Patterns","JPA","time_6_12","Middle-late childhood (6-12 years)","Stricter restricted (at least 3 complete occasions)","Class 2","DNKA","Alcohol use","Mediator",2,145,51,0.351724137931034
"Joint Parental Residence Patterns","JPA","time_6_12","Middle-late childhood (6-12 years)","Stricter restricted (at least 3 complete occasions)","Class 2","DPBN","Depression","Outcome",1,143,5,0.0349650349650349
"Joint Parental Residence Patterns","JPA","time_6_12","Middle-late childhood (6-12 years)","Stricter restricted (at least 3 complete occasions)","Class 2","ESXC","Ever had sexual intercourse","Mediator",3,140,81,0.578571428571429
"Joint Parental Residence Patterns","JPA","time_6_12","Middle-late childhood (6-12 years)","Stricter restricted (at least 3 complete occasions)","Class 2","FDSC","Food insecurity","Mediator",4,145,46,0.317241379310345
"Joint Parental Residence Patterns","JPA","time_6_12","Middle-late childhood (6-12 years)","Stricter restricted (at least 3 complete occasions)","Class 2","GOVG","No government grant receipt","Mediator",5,145,94,0.648275862068965
"Joint Parental Residence Patterns","JPA","time_6_12","Middle-late childhood (6-12 years)","Stricter restricted (at least 3 complete occasions)","Class 2","SCHL","School disengagement","Mediator",8,145,55,0.379310344827586
"Joint Parental Residence Patterns","JPA","time_6_12","Middle-late childhood (6-12 years)","Stricter restricted (at least 3 complete occasions)","Class 2","SCSP","Low social support","Mediator",7,145,16,0.110344827586207
"Joint Parental Residence Patterns","JPA","time_6_12","Middle-late childhood (6-12 years)","Stricter restricted (at least 3 complete occasions)","Class 2","VLNC","Violence exposure","Mediator",6,145,45,0.310344827586207
"Joint Parental Residence Patterns","JPA","time_6_12","Middle-late childhood (6-12 years)","Stricter restricted (at least 3 complete occasions)","Class 3","DNKA","Alcohol use","Mediator",2,752,267,0.355053191489362
"Joint Parental Residence Patterns","JPA","time_6_12","Middle-late childhood (6-12 years)","Stricter restricted (at least 3 complete occasions)","Class 3","DPBN","Depression","Outcome",1,733,44,0.0600272851296044
"Joint Parental Residence Patterns","JPA","time_6_12","Middle-late childhood (6-12 years)","Stricter restricted (at least 3 complete occasions)","Class 3","ESXC","Ever had sexual intercourse","Mediator",3,724,349,0.482044198895029
"Joint Parental Residence Patterns","JPA","time_6_12","Middle-late childhood (6-12 years)","Stricter restricted (at least 3 complete occasions)","Class 3","FDSC","Food insecurity","Mediator",4,752,239,0.31781914893617
"Joint Parental Residence Patterns","JPA","time_6_12","Middle-late childhood (6-12 years)","Stricter restricted (at least 3 complete occasions)","Class 3","GOVG","No government grant receipt","Mediator",5,752,461,0.613031914893616
"Joint Parental Residence Patterns","JPA","time_6_12","Middle-late childhood (6-12 years)","Stricter restricted (at least 3 complete occasions)","Class 3","SCHL","School disengagement","Mediator",8,752,265,0.352393617021276
"Joint Parental Residence Patterns","JPA","time_6_12","Middle-late childhood (6-12 years)","Stricter restricted (at least 3 complete occasions)","Class 3","SCSP","Low social support","Mediator",7,752,69,0.0917553191489363
"Joint Parental Residence Patterns","JPA","time_6_12","Middle-late childhood (6-12 years)","Stricter restricted (at least 3 complete occasions)","Class 3","VLNC","Violence exposure","Mediator",6,752,230,0.305851063829787
"Joint Parental Residence Patterns","JPA","time_6_12","Middle-late childhood (6-12 years)","Stricter restricted (at least 3 complete occasions)","Class 4","DNKA","Alcohol use","Mediator",2,716,233,0.325418994413408
"Joint Parental Residence Patterns","JPA","time_6_12","Middle-late childhood (6-12 years)","Stricter restricted (at least 3 complete occasions)","Class 4","DPBN","Depression","Outcome",1,698,37,0.0530085959885387
"Joint Parental Residence Patterns","JPA","time_6_12","Middle-late childhood (6-12 years)","Stricter restricted (at least 3 complete occasions)","Class 4","ESXC","Ever had sexual intercourse","Mediator",3,692,334,0.482658959537571
"Joint Parental Residence Patterns","JPA","time_6_12","Middle-late childhood (6-12 years)","Stricter restricted (at least 3 complete occasions)","Class 4","FDSC","Food insecurity","Mediator",4,716,205,0.286312849162011
"Joint Parental Residence Patterns","JPA","time_6_12","Middle-late childhood (6-12 years)","Stricter restricted (at least 3 complete occasions)","Class 4","GOVG","No government grant receipt","Mediator",5,716,480,0.670391061452515
"Joint Parental Residence Patterns","JPA","time_6_12","Middle-late childhood (6-12 years)","Stricter restricted (at least 3 complete occasions)","Class 4","SCHL","School disengagement","Mediator",8,716,251,0.350558659217877
"Joint Parental Residence Patterns","JPA","time_6_12","Middle-late childhood (6-12 years)","Stricter restricted (at least 3 complete occasions)","Class 4","SCSP","Low social support","Mediator",7,716,65,0.090782122905028
"Joint Parental Residence Patterns","JPA","time_6_12","Middle-late childhood (6-12 years)","Stricter restricted (at least 3 complete occasions)","Class 4","VLNC","Violence exposure","Mediator",6,716,222,0.310055865921788
"Joint Parental Residence Patterns","JPA","time_6_12","Middle-late childhood (6-12 years)","Stricter restricted (at least 3 complete occasions)","Class 5","DNKA","Alcohol use","Mediator",2,199,78,0.391959798994975
"Joint Parental Residence Patterns","JPA","time_6_12","Middle-late childhood (6-12 years)","Stricter restricted (at least 3 complete occasions)","Class 5","DPBN","Depression","Outcome",1,199,14,0.0703517587939698
"Joint Parental Residence Patterns","JPA","time_6_12","Middle-late childhood (6-12 years)","Stricter restricted (at least 3 complete occasions)","Class 5","ESXC","Ever had sexual intercourse","Mediator",3,193,100,0.518134715025907
"Joint Parental Residence Patterns","JPA","time_6_12","Middle-late childhood (6-12 years)","Stricter restricted (at least 3 complete occasions)","Class 5","FDSC","Food insecurity","Mediator",4,199,56,0.281407035175879
"Joint Parental Residence Patterns","JPA","time_6_12","Middle-late childhood (6-12 years)","Stricter restricted (at least 3 complete occasions)","Class 5","GOVG","No government grant receipt","Mediator",5,199,113,0.567839195979899
"Joint Parental Residence Patterns","JPA","time_6_12","Middle-late childhood (6-12 years)","Stricter restricted (at least 3 complete occasions)","Class 5","SCHL","School disengagement","Mediator",8,199,70,0.351758793969849
"Joint Parental Residence Patterns","JPA","time_6_12","Middle-late childhood (6-12 years)","Stricter restricted (at least 3 complete occasions)","Class 5","SCSP","Low social support","Mediator",7,199,21,0.105527638190955
"Joint Parental Residence Patterns","JPA","time_6_12","Middle-late childhood (6-12 years)","Stricter restricted (at least 3 complete occasions)","Class 5","VLNC","Violence exposure","Mediator",6,199,61,0.306532663316583
"Joint Parental Residence Patterns","JPA","time_6_12","Middle-late childhood (6-12 years)","Stricter restricted (at least 3 complete occasions)","Class 6","DNKA","Alcohol use","Mediator",2,238,87,0.365546218487395
"Joint Parental Residence Patterns","JPA","time_6_12","Middle-late childhood (6-12 years)","Stricter restricted (at least 3 complete occasions)","Class 6","DPBN","Depression","Outcome",1,232,18,0.0775862068965517
"Joint Parental Residence Patterns","JPA","time_6_12","Middle-late childhood (6-12 years)","Stricter restricted (at least 3 complete occasions)","Class 6","ESXC","Ever had sexual intercourse","Mediator",3,231,109,0.471861471861471
"Joint Parental Residence Patterns","JPA","time_6_12","Middle-late childhood (6-12 years)","Stricter restricted (at least 3 complete occasions)","Class 6","FDSC","Food insecurity","Mediator",4,238,71,0.298319327731092
"Joint Parental Residence Patterns","JPA","time_6_12","Middle-late childhood (6-12 years)","Stricter restricted (at least 3 complete occasions)","Class 6","GOVG","No government grant receipt","Mediator",5,238,140,0.588235294117647
"Joint Parental Residence Patterns","JPA","time_6_12","Middle-late childhood (6-12 years)","Stricter restricted (at least 3 complete occasions)","Class 6","SCHL","School disengagement","Mediator",8,238,75,0.315126050420168
"Joint Parental Residence Patterns","JPA","time_6_12","Middle-late childhood (6-12 years)","Stricter restricted (at least 3 complete occasions)","Class 6","SCSP","Low social support","Mediator",7,238,19,0.0798319327731093
"Joint Parental Residence Patterns","JPA","time_6_12","Middle-late childhood (6-12 years)","Stricter restricted (at least 3 complete occasions)","Class 6","VLNC","Violence exposure","Mediator",6,238,75,0.315126050420168
"Joint Parental Residence Patterns","JPA","time_6_12","Middle-late childhood (6-12 years)","Stricter restricted (at least 3 complete occasions)","Class 7","DNKA","Alcohol use","Mediator",2,161,60,0.372670807453416
"Joint Parental Residence Patterns","JPA","time_6_12","Middle-late childhood (6-12 years)","Stricter restricted (at least 3 complete occasions)","Class 7","DPBN","Depression","Outcome",1,158,10,0.0632911392405064
"Joint Parental Residence Patterns","JPA","time_6_12","Middle-late childhood (6-12 years)","Stricter restricted (at least 3 complete occasions)","Class 7","ESXC","Ever had sexual intercourse","Mediator",3,156,76,0.487179487179487
"Joint Parental Residence Patterns","JPA","time_6_12","Middle-late childhood (6-12 years)","Stricter restricted (at least 3 complete occasions)","Class 7","FDSC","Food insecurity","Mediator",4,161,50,0.31055900621118
"Joint Parental Residence Patterns","JPA","time_6_12","Middle-late childhood (6-12 years)","Stricter restricted (at least 3 complete occasions)","Class 7","GOVG","No government grant receipt","Mediator",5,161,96,0.596273291925466
"Joint Parental Residence Patterns","JPA","time_6_12","Middle-late childhood (6-12 years)","Stricter restricted (at least 3 complete occasions)","Class 7","SCHL","School disengagement","Mediator",8,161,49,0.304347826086956
"Joint Parental Residence Patterns","JPA","time_6_12","Middle-late childhood (6-12 years)","Stricter restricted (at least 3 complete occasions)","Class 7","SCSP","Low social support","Mediator",7,161,21,0.130434782608696
"Joint Parental Residence Patterns","JPA","time_6_12","Middle-late childhood (6-12 years)","Stricter restricted (at least 3 complete occasions)","Class 7","VLNC","Violence exposure","Mediator",6,161,53,0.329192546583851
"Joint Parental Residence Patterns","JPA","time_6_12","Middle-late childhood (6-12 years)","Unrestricted","Class 1","DNKA","Alcohol use","Mediator",2,173,63,0.364161849710983
"Joint Parental Residence Patterns","JPA","time_6_12","Middle-late childhood (6-12 years)","Unrestricted","Class 1","DPBN","Depression","Outcome",1,169,11,0.0650887573964497
"Joint Parental Residence Patterns","JPA","time_6_12","Middle-late childhood (6-12 years)","Unrestricted","Class 1","ESXC","Ever had sexual intercourse","Mediator",3,168,82,0.488095238095239
"Joint Parental Residence Patterns","JPA","time_6_12","Middle-late childhood (6-12 years)","Unrestricted","Class 1","FDSC","Food insecurity","Mediator",4,173,53,0.30635838150289
"Joint Parental Residence Patterns","JPA","time_6_12","Middle-late childhood (6-12 years)","Unrestricted","Class 1","GOVG","No government grant receipt","Mediator",5,173,102,0.589595375722543
"Joint Parental Residence Patterns","JPA","time_6_12","Middle-late childhood (6-12 years)","Unrestricted","Class 1","SCHL","School disengagement","Mediator",8,173,52,0.300578034682081
"Joint Parental Residence Patterns","JPA","time_6_12","Middle-late childhood (6-12 years)","Unrestricted","Class 1","SCSP","Low social support","Mediator",7,173,21,0.121387283236994
"Joint Parental Residence Patterns","JPA","time_6_12","Middle-late childhood (6-12 years)","Unrestricted","Class 1","VLNC","Violence exposure","Mediator",6,173,57,0.329479768786127
"Joint Parental Residence Patterns","JPA","time_6_12","Middle-late childhood (6-12 years)","Unrestricted","Class 2","DNKA","Alcohol use","Mediator",2,204,79,0.387254901960784
"Joint Parental Residence Patterns","JPA","time_6_12","Middle-late childhood (6-12 years)","Unrestricted","Class 2","DPBN","Depression","Outcome",1,204,15,0.0735294117647059
"Joint Parental Residence Patterns","JPA","time_6_12","Middle-late childhood (6-12 years)","Unrestricted","Class 2","ESXC","Ever had sexual intercourse","Mediator",3,198,104,0.525252525252525
"Joint Parental Residence Patterns","JPA","time_6_12","Middle-late childhood (6-12 years)","Unrestricted","Class 2","FDSC","Food insecurity","Mediator",4,204,58,0.284313725490196
"Joint Parental Residence Patterns","JPA","time_6_12","Middle-late childhood (6-12 years)","Unrestricted","Class 2","GOVG","No government grant receipt","Mediator",5,204,117,0.573529411764706
"Joint Parental Residence Patterns","JPA","time_6_12","Middle-late childhood (6-12 years)","Unrestricted","Class 2","SCHL","School disengagement","Mediator",8,204,74,0.362745098039215
"Joint Parental Residence Patterns","JPA","time_6_12","Middle-late childhood (6-12 years)","Unrestricted","Class 2","SCSP","Low social support","Mediator",7,204,21,0.102941176470588
"Joint Parental Residence Patterns","JPA","time_6_12","Middle-late childhood (6-12 years)","Unrestricted","Class 2","VLNC","Violence exposure","Mediator",6,204,63,0.308823529411765
"Joint Parental Residence Patterns","JPA","time_6_12","Middle-late childhood (6-12 years)","Unrestricted","Class 3","DNKA","Alcohol use","Mediator",2,297,104,0.35016835016835
"Joint Parental Residence Patterns","JPA","time_6_12","Middle-late childhood (6-12 years)","Unrestricted","Class 3","DPBN","Depression","Outcome",1,275,15,0.0545454545454546
"Joint Parental Residence Patterns","JPA","time_6_12","Middle-late childhood (6-12 years)","Unrestricted","Class 3","ESXC","Ever had sexual intercourse","Mediator",3,279,153,0.548387096774194
"Joint Parental Residence Patterns","JPA","time_6_12","Middle-late childhood (6-12 years)","Unrestricted","Class 3","FDSC","Food insecurity","Mediator",4,297,94,0.316498316498316
"Joint Parental Residence Patterns","JPA","time_6_12","Middle-late childhood (6-12 years)","Unrestricted","Class 3","GOVG","No government grant receipt","Mediator",5,297,181,0.60942760942761
"Joint Parental Residence Patterns","JPA","time_6_12","Middle-late childhood (6-12 years)","Unrestricted","Class 3","SCHL","School disengagement","Mediator",8,297,118,0.397306397306397
"Joint Parental Residence Patterns","JPA","time_6_12","Middle-late childhood (6-12 years)","Unrestricted","Class 3","SCSP","Low social support","Mediator",7,297,26,0.0875420875420876
"Joint Parental Residence Patterns","JPA","time_6_12","Middle-late childhood (6-12 years)","Unrestricted","Class 3","VLNC","Violence exposure","Mediator",6,297,88,0.296296296296296
"Joint Parental Residence Patterns","JPA","time_6_12","Middle-late childhood (6-12 years)","Unrestricted","Class 4","DNKA","Alcohol use","Mediator",2,153,55,0.359477124183007
"Joint Parental Residence Patterns","JPA","time_6_12","Middle-late childhood (6-12 years)","Unrestricted","Class 4","DPBN","Depression","Outcome",1,151,5,0.033112582781457
"Joint Parental Residence Patterns","JPA","time_6_12","Middle-late childhood (6-12 years)","Unrestricted","Class 4","ESXC","Ever had sexual intercourse","Mediator",3,147,84,0.571428571428572
"Joint Parental Residence Patterns","JPA","time_6_12","Middle-late childhood (6-12 years)","Unrestricted","Class 4","FDSC","Food insecurity","Mediator",4,153,48,0.313725490196078
"Joint Parental Residence Patterns","JPA","time_6_12","Middle-late childhood (6-12 years)","Unrestricted","Class 4","GOVG","No government grant receipt","Mediator",5,153,102,0.666666666666667
"Joint Parental Residence Patterns","JPA","time_6_12","Middle-late childhood (6-12 years)","Unrestricted","Class 4","SCHL","School disengagement","Mediator",8,153,57,0.372549019607843
"Joint Parental Residence Patterns","JPA","time_6_12","Middle-late childhood (6-12 years)","Unrestricted","Class 4","SCSP","Low social support","Mediator",7,153,17,0.111111111111111
"Joint Parental Residence Patterns","JPA","time_6_12","Middle-late childhood (6-12 years)","Unrestricted","Class 4","VLNC","Violence exposure","Mediator",6,153,49,0.320261437908497
"Joint Parental Residence Patterns","JPA","time_6_12","Middle-late childhood (6-12 years)","Unrestricted","Class 5","DNKA","Alcohol use","Mediator",2,251,92,0.366533864541833
"Joint Parental Residence Patterns","JPA","time_6_12","Middle-late childhood (6-12 years)","Unrestricted","Class 5","DPBN","Depression","Outcome",1,244,20,0.0819672131147541
"Joint Parental Residence Patterns","JPA","time_6_12","Middle-late childhood (6-12 years)","Unrestricted","Class 5","ESXC","Ever had sexual intercourse","Mediator",3,244,115,0.471311475409835
"Joint Parental Residence Patterns","JPA","time_6_12","Middle-late childhood (6-12 years)","Unrestricted","Class 5","FDSC","Food insecurity","Mediator",4,251,78,0.310756972111554
"Joint Parental Residence Patterns","JPA","time_6_12","Middle-late childhood (6-12 years)","Unrestricted","Class 5","GOVG","No government grant receipt","Mediator",5,251,149,0.593625498007968
"Joint Parental Residence Patterns","JPA","time_6_12","Middle-late childhood (6-12 years)","Unrestricted","Class 5","SCHL","School disengagement","Mediator",8,251,82,0.326693227091633
"Joint Parental Residence Patterns","JPA","time_6_12","Middle-late childhood (6-12 years)","Unrestricted","Class 5","SCSP","Low social support","Mediator",7,251,20,0.0796812749003984
"Joint Parental Residence Patterns","JPA","time_6_12","Middle-late childhood (6-12 years)","Unrestricted","Class 5","VLNC","Violence exposure","Mediator",6,251,79,0.314741035856574
"Joint Parental Residence Patterns","JPA","time_6_12","Middle-late childhood (6-12 years)","Unrestricted","Class 6","DNKA","Alcohol use","Mediator",2,776,244,0.314432989690721
"Joint Parental Residence Patterns","JPA","time_6_12","Middle-late childhood (6-12 years)","Unrestricted","Class 6","DPBN","Depression","Outcome",1,753,40,0.053120849933599
"Joint Parental Residence Patterns","JPA","time_6_12","Middle-late childhood (6-12 years)","Unrestricted","Class 6","ESXC","Ever had sexual intercourse","Mediator",3,745,358,0.480536912751678
"Joint Parental Residence Patterns","JPA","time_6_12","Middle-late childhood (6-12 years)","Unrestricted","Class 6","FDSC","Food insecurity","Mediator",4,776,226,0.291237113402062
"Joint Parental Residence Patterns","JPA","time_6_12","Middle-late childhood (6-12 years)","Unrestricted","Class 6","GOVG","No government grant receipt","Mediator",5,776,507,0.653350515463916
"Joint Parental Residence Patterns","JPA","time_6_12","Middle-late childhood (6-12 years)","Unrestricted","Class 6","SCHL","School disengagement","Mediator",8,776,270,0.347938144329896
"Joint Parental Residence Patterns","JPA","time_6_12","Middle-late childhood (6-12 years)","Unrestricted","Class 6","SCSP","Low social support","Mediator",7,776,72,0.0927835051546391
"Joint Parental Residence Patterns","JPA","time_6_12","Middle-late childhood (6-12 years)","Unrestricted","Class 6","VLNC","Violence exposure","Mediator",6,776,232,0.298969072164948
"Joint Parental Residence Patterns","JPA","time_6_12","Middle-late childhood (6-12 years)","Unrestricted","Class 7","DNKA","Alcohol use","Mediator",2,824,286,0.347087378640777
"Joint Parental Residence Patterns","JPA","time_6_12","Middle-late childhood (6-12 years)","Unrestricted","Class 7","DPBN","Depression","Outcome",1,800,49,0.06125
"Joint Parental Residence Patterns","JPA","time_6_12","Middle-late childhood (6-12 years)","Unrestricted","Class 7","ESXC","Ever had sexual intercourse","Mediator",3,788,381,0.483502538071067
"Joint Parental Residence Patterns","JPA","time_6_12","Middle-late childhood (6-12 years)","Unrestricted","Class 7","FDSC","Food insecurity","Mediator",4,824,265,0.321601941747572
"Joint Parental Residence Patterns","JPA","time_6_12","Middle-late childhood (6-12 years)","Unrestricted","Class 7","GOVG","No government grant receipt","Mediator",5,824,504,0.611650485436894
"Joint Parental Residence Patterns","JPA","time_6_12","Middle-late childhood (6-12 years)","Unrestricted","Class 7","SCHL","School disengagement","Mediator",8,824,290,0.351941747572818
"Joint Parental Residence Patterns","JPA","time_6_12","Middle-late childhood (6-12 years)","Unrestricted","Class 7","SCSP","Low social support","Mediator",7,824,78,0.0946601941747572
"Joint Parental Residence Patterns","JPA","time_6_12","Middle-late childhood (6-12 years)","Unrestricted","Class 7","VLNC","Violence exposure","Mediator",6,824,248,0.300970873786408
"Joint Maternal Absence + Household Socioeconomic Status","JMAES","time_0_5","Early childhood (0-5 years)","Restricted (at least 2 complete occasions)","Class 1","DNKA","Alcohol use","Mediator",2,973,299,0.307297019527235
"Joint Maternal Absence + Household Socioeconomic Status","JMAES","time_0_5","Early childhood (0-5 years)","Restricted (at least 2 complete occasions)","Class 1","DPBN","Depression","Outcome",1,973,28,0.0287769784172663
"Joint Maternal Absence + Household Socioeconomic Status","JMAES","time_0_5","Early childhood (0-5 years)","Restricted (at least 2 complete occasions)","Class 1","ESXC","Ever had sexual intercourse","Mediator",3,961,259,0.269510926118626
"Joint Maternal Absence + Household Socioeconomic Status","JMAES","time_0_5","Early childhood (0-5 years)","Restricted (at least 2 complete occasions)","Class 1","FDSC","Food insecurity","Mediator",4,973,244,0.250770811921891
"Joint Maternal Absence + Household Socioeconomic Status","JMAES","time_0_5","Early childhood (0-5 years)","Restricted (at least 2 complete occasions)","Class 1","GOVG","No government grant receipt","Mediator",5,973,423,0.434737923946557
"Joint Maternal Absence + Household Socioeconomic Status","JMAES","time_0_5","Early childhood (0-5 years)","Restricted (at least 2 complete occasions)","Class 1","SCHL","School disengagement","Mediator",8,973,113,0.116135662898253
"Joint Maternal Absence + Household Socioeconomic Status","JMAES","time_0_5","Early childhood (0-5 years)","Restricted (at least 2 complete occasions)","Class 1","SCSP","Low social support","Mediator",7,973,99,0.10174717368962
"Joint Maternal Absence + Household Socioeconomic Status","JMAES","time_0_5","Early childhood (0-5 years)","Restricted (at least 2 complete occasions)","Class 1","VLNC","Violence exposure","Mediator",6,973,320,0.328879753340185
"Joint Maternal Absence + Household Socioeconomic Status","JMAES","time_0_5","Early childhood (0-5 years)","Restricted (at least 2 complete occasions)","Class 2","DNKA","Alcohol use","Mediator",2,413,122,0.295399515738499
"Joint Maternal Absence + Household Socioeconomic Status","JMAES","time_0_5","Early childhood (0-5 years)","Restricted (at least 2 complete occasions)","Class 2","DPBN","Depression","Outcome",1,413,13,0.0314769975786924
"Joint Maternal Absence + Household Socioeconomic Status","JMAES","time_0_5","Early childhood (0-5 years)","Restricted (at least 2 complete occasions)","Class 2","ESXC","Ever had sexual intercourse","Mediator",3,410,87,0.21219512195122
"Joint Maternal Absence + Household Socioeconomic Status","JMAES","time_0_5","Early childhood (0-5 years)","Restricted (at least 2 complete occasions)","Class 2","FDSC","Food insecurity","Mediator",4,413,75,0.181598062953995
"Joint Maternal Absence + Household Socioeconomic Status","JMAES","time_0_5","Early childhood (0-5 years)","Restricted (at least 2 complete occasions)","Class 2","GOVG","No government grant receipt","Mediator",5,413,215,0.520581113801453
"Joint Maternal Absence + Household Socioeconomic Status","JMAES","time_0_5","Early childhood (0-5 years)","Restricted (at least 2 complete occasions)","Class 2","SCHL","School disengagement","Mediator",8,413,34,0.0823244552058114
"Joint Maternal Absence + Household Socioeconomic Status","JMAES","time_0_5","Early childhood (0-5 years)","Restricted (at least 2 complete occasions)","Class 2","SCSP","Low social support","Mediator",7,413,40,0.0968523002421308
"Joint Maternal Absence + Household Socioeconomic Status","JMAES","time_0_5","Early childhood (0-5 years)","Restricted (at least 2 complete occasions)","Class 2","VLNC","Violence exposure","Mediator",6,413,123,0.297820823244552
"Joint Maternal Absence + Household Socioeconomic Status","JMAES","time_0_5","Early childhood (0-5 years)","Restricted (at least 2 complete occasions)","Class 3","DNKA","Alcohol use","Mediator",2,218,73,0.334862385321101
"Joint Maternal Absence + Household Socioeconomic Status","JMAES","time_0_5","Early childhood (0-5 years)","Restricted (at least 2 complete occasions)","Class 3","DPBN","Depression","Outcome",1,218,8,0.036697247706422
"Joint Maternal Absence + Household Socioeconomic Status","JMAES","time_0_5","Early childhood (0-5 years)","Restricted (at least 2 complete occasions)","Class 3","ESXC","Ever had sexual intercourse","Mediator",3,213,57,0.267605633802817
"Joint Maternal Absence + Household Socioeconomic Status","JMAES","time_0_5","Early childhood (0-5 years)","Restricted (at least 2 complete occasions)","Class 3","FDSC","Food insecurity","Mediator",4,218,53,0.243119266055046
"Joint Maternal Absence + Household Socioeconomic Status","JMAES","time_0_5","Early childhood (0-5 years)","Restricted (at least 2 complete occasions)","Class 3","GOVG","No government grant receipt","Mediator",5,218,108,0.495412844036697
"Joint Maternal Absence + Household Socioeconomic Status","JMAES","time_0_5","Early childhood (0-5 years)","Restricted (at least 2 complete occasions)","Class 3","SCHL","School disengagement","Mediator",8,218,18,0.0825688073394494
"Joint Maternal Absence + Household Socioeconomic Status","JMAES","time_0_5","Early childhood (0-5 years)","Restricted (at least 2 complete occasions)","Class 3","SCSP","Low social support","Mediator",7,218,26,0.119266055045872
"Joint Maternal Absence + Household Socioeconomic Status","JMAES","time_0_5","Early childhood (0-5 years)","Restricted (at least 2 complete occasions)","Class 3","VLNC","Violence exposure","Mediator",6,218,77,0.353211009174312
"Joint Maternal Absence + Household Socioeconomic Status","JMAES","time_0_5","Early childhood (0-5 years)","Restricted (at least 2 complete occasions)","Class 4","DNKA","Alcohol use","Mediator",2,123,39,0.317073170731707
"Joint Maternal Absence + Household Socioeconomic Status","JMAES","time_0_5","Early childhood (0-5 years)","Restricted (at least 2 complete occasions)","Class 4","DPBN","Depression","Outcome",1,123,5,0.0406504065040651
"Joint Maternal Absence + Household Socioeconomic Status","JMAES","time_0_5","Early childhood (0-5 years)","Restricted (at least 2 complete occasions)","Class 4","ESXC","Ever had sexual intercourse","Mediator",3,123,19,0.154471544715447
"Joint Maternal Absence + Household Socioeconomic Status","JMAES","time_0_5","Early childhood (0-5 years)","Restricted (at least 2 complete occasions)","Class 4","FDSC","Food insecurity","Mediator",4,123,23,0.186991869918699
"Joint Maternal Absence + Household Socioeconomic Status","JMAES","time_0_5","Early childhood (0-5 years)","Restricted (at least 2 complete occasions)","Class 4","GOVG","No government grant receipt","Mediator",5,123,59,0.479674796747967
"Joint Maternal Absence + Household Socioeconomic Status","JMAES","time_0_5","Early childhood (0-5 years)","Restricted (at least 2 complete occasions)","Class 4","SCHL","School disengagement","Mediator",8,123,10,0.0813008130081302
"Joint Maternal Absence + Household Socioeconomic Status","JMAES","time_0_5","Early childhood (0-5 years)","Restricted (at least 2 complete occasions)","Class 4","SCSP","Low social support","Mediator",7,123,8,0.0650406504065041
"Joint Maternal Absence + Household Socioeconomic Status","JMAES","time_0_5","Early childhood (0-5 years)","Restricted (at least 2 complete occasions)","Class 4","VLNC","Violence exposure","Mediator",6,123,34,0.276422764227642
"Joint Maternal Absence + Household Socioeconomic Status","JMAES","time_0_5","Early childhood (0-5 years)","Restricted (at least 2 complete occasions)","Class 5","DNKA","Alcohol use","Mediator",2,227,79,0.348017621145374
"Joint Maternal Absence + Household Socioeconomic Status","JMAES","time_0_5","Early childhood (0-5 years)","Restricted (at least 2 complete occasions)","Class 5","DPBN","Depression","Outcome",1,227,14,0.0616740088105727
"Joint Maternal Absence + Household Socioeconomic Status","JMAES","time_0_5","Early childhood (0-5 years)","Restricted (at least 2 complete occasions)","Class 5","ESXC","Ever had sexual intercourse","Mediator",3,224,70,0.3125
"Joint Maternal Absence + Household Socioeconomic Status","JMAES","time_0_5","Early childhood (0-5 years)","Restricted (at least 2 complete occasions)","Class 5","FDSC","Food insecurity","Mediator",4,227,53,0.233480176211454
"Joint Maternal Absence + Household Socioeconomic Status","JMAES","time_0_5","Early childhood (0-5 years)","Restricted (at least 2 complete occasions)","Class 5","GOVG","No government grant receipt","Mediator",5,227,108,0.475770925110132
"Joint Maternal Absence + Household Socioeconomic Status","JMAES","time_0_5","Early childhood (0-5 years)","Restricted (at least 2 complete occasions)","Class 5","SCHL","School disengagement","Mediator",8,227,28,0.123348017621145
"Joint Maternal Absence + Household Socioeconomic Status","JMAES","time_0_5","Early childhood (0-5 years)","Restricted (at least 2 complete occasions)","Class 5","SCSP","Low social support","Mediator",7,227,24,0.105726872246696
"Joint Maternal Absence + Household Socioeconomic Status","JMAES","time_0_5","Early childhood (0-5 years)","Restricted (at least 2 complete occasions)","Class 5","VLNC","Violence exposure","Mediator",6,227,74,0.325991189427313
"Joint Maternal Absence + Household Socioeconomic Status","JMAES","time_0_5","Early childhood (0-5 years)","Stricter restricted (at least 3 complete occasions)","Class 1","DNKA","Alcohol use","Mediator",2,186,58,0.311827956989247
"Joint Maternal Absence + Household Socioeconomic Status","JMAES","time_0_5","Early childhood (0-5 years)","Stricter restricted (at least 3 complete occasions)","Class 1","DPBN","Depression","Outcome",1,186,6,0.032258064516129
"Joint Maternal Absence + Household Socioeconomic Status","JMAES","time_0_5","Early childhood (0-5 years)","Stricter restricted (at least 3 complete occasions)","Class 1","ESXC","Ever had sexual intercourse","Mediator",3,183,42,0.229508196721312
"Joint Maternal Absence + Household Socioeconomic Status","JMAES","time_0_5","Early childhood (0-5 years)","Stricter restricted (at least 3 complete occasions)","Class 1","FDSC","Food insecurity","Mediator",4,186,38,0.204301075268817
"Joint Maternal Absence + Household Socioeconomic Status","JMAES","time_0_5","Early childhood (0-5 years)","Stricter restricted (at least 3 complete occasions)","Class 1","GOVG","No government grant receipt","Mediator",5,186,83,0.446236559139785
"Joint Maternal Absence + Household Socioeconomic Status","JMAES","time_0_5","Early childhood (0-5 years)","Stricter restricted (at least 3 complete occasions)","Class 1","SCHL","School disengagement","Mediator",8,186,14,0.0752688172043011
"Joint Maternal Absence + Household Socioeconomic Status","JMAES","time_0_5","Early childhood (0-5 years)","Stricter restricted (at least 3 complete occasions)","Class 1","SCSP","Low social support","Mediator",7,186,24,0.129032258064516
"Joint Maternal Absence + Household Socioeconomic Status","JMAES","time_0_5","Early childhood (0-5 years)","Stricter restricted (at least 3 complete occasions)","Class 1","VLNC","Violence exposure","Mediator",6,186,57,0.306451612903226
"Joint Maternal Absence + Household Socioeconomic Status","JMAES","time_0_5","Early childhood (0-5 years)","Stricter restricted (at least 3 complete occasions)","Class 2","DNKA","Alcohol use","Mediator",2,320,85,0.265625
"Joint Maternal Absence + Household Socioeconomic Status","JMAES","time_0_5","Early childhood (0-5 years)","Stricter restricted (at least 3 complete occasions)","Class 2","DPBN","Depression","Outcome",1,320,9,0.028125
"Joint Maternal Absence + Household Socioeconomic Status","JMAES","time_0_5","Early childhood (0-5 years)","Stricter restricted (at least 3 complete occasions)","Class 2","ESXC","Ever had sexual intercourse","Mediator",3,317,58,0.182965299684542
"Joint Maternal Absence + Household Socioeconomic Status","JMAES","time_0_5","Early childhood (0-5 years)","Stricter restricted (at least 3 complete occasions)","Class 2","FDSC","Food insecurity","Mediator",4,320,63,0.196875
"Joint Maternal Absence + Household Socioeconomic Status","JMAES","time_0_5","Early childhood (0-5 years)","Stricter restricted (at least 3 complete occasions)","Class 2","GOVG","No government grant receipt","Mediator",5,320,163,0.509375
"Joint Maternal Absence + Household Socioeconomic Status","JMAES","time_0_5","Early childhood (0-5 years)","Stricter restricted (at least 3 complete occasions)","Class 2","SCHL","School disengagement","Mediator",8,320,22,0.0687500000000002
"Joint Maternal Absence + Household Socioeconomic Status","JMAES","time_0_5","Early childhood (0-5 years)","Stricter restricted (at least 3 complete occasions)","Class 2","SCSP","Low social support","Mediator",7,320,30,0.09375
"Joint Maternal Absence + Household Socioeconomic Status","JMAES","time_0_5","Early childhood (0-5 years)","Stricter restricted (at least 3 complete occasions)","Class 2","VLNC","Violence exposure","Mediator",6,320,93,0.290625
"Joint Maternal Absence + Household Socioeconomic Status","JMAES","time_0_5","Early childhood (0-5 years)","Stricter restricted (at least 3 complete occasions)","Class 3","DNKA","Alcohol use","Mediator",2,738,210,0.284552845528455
"Joint Maternal Absence + Household Socioeconomic Status","JMAES","time_0_5","Early childhood (0-5 years)","Stricter restricted (at least 3 complete occasions)","Class 3","DPBN","Depression","Outcome",1,738,19,0.0257452574525746
"Joint Maternal Absence + Household Socioeconomic Status","JMAES","time_0_5","Early childhood (0-5 years)","Stricter restricted (at least 3 complete occasions)","Class 3","ESXC","Ever had sexual intercourse","Mediator",3,727,158,0.217331499312242
"Joint Maternal Absence + Household Socioeconomic Status","JMAES","time_0_5","Early childhood (0-5 years)","Stricter restricted (at least 3 complete occasions)","Class 3","FDSC","Food insecurity","Mediator",4,738,175,0.237127371273713
"Joint Maternal Absence + Household Socioeconomic Status","JMAES","time_0_5","Early childhood (0-5 years)","Stricter restricted (at least 3 complete occasions)","Class 3","GOVG","No government grant receipt","Mediator",5,738,283,0.383468834688347
"Joint Maternal Absence + Household Socioeconomic Status","JMAES","time_0_5","Early childhood (0-5 years)","Stricter restricted (at least 3 complete occasions)","Class 3","SCHL","School disengagement","Mediator",8,738,66,0.0894308943089428
"Joint Maternal Absence + Household Socioeconomic Status","JMAES","time_0_5","Early childhood (0-5 years)","Stricter restricted (at least 3 complete occasions)","Class 3","SCSP","Low social support","Mediator",7,738,76,0.102981029810298
"Joint Maternal Absence + Household Socioeconomic Status","JMAES","time_0_5","Early childhood (0-5 years)","Stricter restricted (at least 3 complete occasions)","Class 3","VLNC","Violence exposure","Mediator",6,738,241,0.326558265582656
"Joint Maternal Absence + Household Socioeconomic Status","JMAES","time_0_5","Early childhood (0-5 years)","Stricter restricted (at least 3 complete occasions)","Class 4","DNKA","Alcohol use","Mediator",2,125,42,0.336
"Joint Maternal Absence + Household Socioeconomic Status","JMAES","time_0_5","Early childhood (0-5 years)","Stricter restricted (at least 3 complete occasions)","Class 4","DPBN","Depression","Outcome",1,125,8,0.064
"Joint Maternal Absence + Household Socioeconomic Status","JMAES","time_0_5","Early childhood (0-5 years)","Stricter restricted (at least 3 complete occasions)","Class 4","ESXC","Ever had sexual intercourse","Mediator",3,124,29,0.233870967741936
"Joint Maternal Absence + Household Socioeconomic Status","JMAES","time_0_5","Early childhood (0-5 years)","Stricter restricted (at least 3 complete occasions)","Class 4","FDSC","Food insecurity","Mediator",4,125,35,0.28
"Joint Maternal Absence + Household Socioeconomic Status","JMAES","time_0_5","Early childhood (0-5 years)","Stricter restricted (at least 3 complete occasions)","Class 4","GOVG","No government grant receipt","Mediator",5,125,55,0.44
"Joint Maternal Absence + Household Socioeconomic Status","JMAES","time_0_5","Early childhood (0-5 years)","Stricter restricted (at least 3 complete occasions)","Class 4","SCHL","School disengagement","Mediator",8,125,7,0.056
"Joint Maternal Absence + Household Socioeconomic Status","JMAES","time_0_5","Early childhood (0-5 years)","Stricter restricted (at least 3 complete occasions)","Class 4","SCSP","Low social support","Mediator",7,125,14,0.112
"Joint Maternal Absence + Household Socioeconomic Status","JMAES","time_0_5","Early childhood (0-5 years)","Stricter restricted (at least 3 complete occasions)","Class 4","VLNC","Violence exposure","Mediator",6,125,45,0.36
"Joint Maternal Absence + Household Socioeconomic Status","JMAES","time_0_5","Early childhood (0-5 years)","Stricter restricted (at least 3 complete occasions)","Class 5","DNKA","Alcohol use","Mediator",2,98,28,0.285714285714286
"Joint Maternal Absence + Household Socioeconomic Status","JMAES","time_0_5","Early childhood (0-5 years)","Stricter restricted (at least 3 complete occasions)","Class 5","DPBN","Depression","Outcome",1,98,3,0.0306122448979592
"Joint Maternal Absence + Household Socioeconomic Status","JMAES","time_0_5","Early childhood (0-5 years)","Stricter restricted (at least 3 complete occasions)","Class 5","ESXC","Ever had sexual intercourse","Mediator",3,98,10,0.102040816326531
"Joint Maternal Absence + Household Socioeconomic Status","JMAES","time_0_5","Early childhood (0-5 years)","Stricter restricted (at least 3 complete occasions)","Class 5","FDSC","Food insecurity","Mediator",4,98,18,0.183673469387755
"Joint Maternal Absence + Household Socioeconomic Status","JMAES","time_0_5","Early childhood (0-5 years)","Stricter restricted (at least 3 complete occasions)","Class 5","GOVG","No government grant receipt","Mediator",5,98,44,0.448979591836735
"Joint Maternal Absence + Household Socioeconomic Status","JMAES","time_0_5","Early childhood (0-5 years)","Stricter restricted (at least 3 complete occasions)","Class 5","SCHL","School disengagement","Mediator",8,98,5,0.0510204081632653
"Joint Maternal Absence + Household Socioeconomic Status","JMAES","time_0_5","Early childhood (0-5 years)","Stricter restricted (at least 3 complete occasions)","Class 5","SCSP","Low social support","Mediator",7,98,4,0.0408163265306122
"Joint Maternal Absence + Household Socioeconomic Status","JMAES","time_0_5","Early childhood (0-5 years)","Stricter restricted (at least 3 complete occasions)","Class 5","VLNC","Violence exposure","Mediator",6,98,27,0.275510204081633
"Joint Maternal Absence + Household Socioeconomic Status","JMAES","time_0_5","Early childhood (0-5 years)","Unrestricted","Class 1","DNKA","Alcohol use","Mediator",2,261,91,0.348659003831418
"Joint Maternal Absence + Household Socioeconomic Status","JMAES","time_0_5","Early childhood (0-5 years)","Unrestricted","Class 1","DPBN","Depression","Outcome",1,261,8,0.0306513409961686
"Joint Maternal Absence + Household Socioeconomic Status","JMAES","time_0_5","Early childhood (0-5 years)","Unrestricted","Class 1","ESXC","Ever had sexual intercourse","Mediator",3,256,80,0.3125
"Joint Maternal Absence + Household Socioeconomic Status","JMAES","time_0_5","Early childhood (0-5 years)","Unrestricted","Class 1","FDSC","Food insecurity","Mediator",4,261,65,0.24904214559387
"Joint Maternal Absence + Household Socioeconomic Status","JMAES","time_0_5","Early childhood (0-5 years)","Unrestricted","Class 1","GOVG","No government grant receipt","Mediator",5,261,137,0.524904214559387
"Joint Maternal Absence + Household Socioeconomic Status","JMAES","time_0_5","Early childhood (0-5 years)","Unrestricted","Class 1","SCHL","School disengagement","Mediator",8,261,28,0.10727969348659
"Joint Maternal Absence + Household Socioeconomic Status","JMAES","time_0_5","Early childhood (0-5 years)","Unrestricted","Class 1","SCSP","Low social support","Mediator",7,261,29,0.111111111111111
"Joint Maternal Absence + Household Socioeconomic Status","JMAES","time_0_5","Early childhood (0-5 years)","Unrestricted","Class 1","VLNC","Violence exposure","Mediator",6,261,94,0.360153256704981
"Joint Maternal Absence + Household Socioeconomic Status","JMAES","time_0_5","Early childhood (0-5 years)","Unrestricted","Class 2","DNKA","Alcohol use","Mediator",2,1351,461,0.341228719467062
"Joint Maternal Absence + Household Socioeconomic Status","JMAES","time_0_5","Early childhood (0-5 years)","Unrestricted","Class 2","DPBN","Depression","Outcome",1,1350,57,0.0422222222222224
"Joint Maternal Absence + Household Socioeconomic Status","JMAES","time_0_5","Early childhood (0-5 years)","Unrestricted","Class 2","ESXC","Ever had sexual intercourse","Mediator",3,1325,472,0.356226415094339
"Joint Maternal Absence + Household Socioeconomic Status","JMAES","time_0_5","Early childhood (0-5 years)","Unrestricted","Class 2","FDSC","Food insecurity","Mediator",4,1351,385,0.284974093264248
"Joint Maternal Absence + Household Socioeconomic Status","JMAES","time_0_5","Early childhood (0-5 years)","Unrestricted","Class 2","GOVG","No government grant receipt","Mediator",5,1351,726,0.53737971872687
"Joint Maternal Absence + Household Socioeconomic Status","JMAES","time_0_5","Early childhood (0-5 years)","Unrestricted","Class 2","SCHL","School disengagement","Mediator",8,1351,247,0.182827535159143
"Joint Maternal Absence + Household Socioeconomic Status","JMAES","time_0_5","Early childhood (0-5 years)","Unrestricted","Class 2","SCSP","Low social support","Mediator",7,1351,133,0.0984455958549222
"Joint Maternal Absence + Household Socioeconomic Status","JMAES","time_0_5","Early childhood (0-5 years)","Unrestricted","Class 2","VLNC","Violence exposure","Mediator",6,1351,439,0.324944485566247
"Joint Maternal Absence + Household Socioeconomic Status","JMAES","time_0_5","Early childhood (0-5 years)","Unrestricted","Class 3","DNKA","Alcohol use","Mediator",2,516,168,0.325581395348837
"Joint Maternal Absence + Household Socioeconomic Status","JMAES","time_0_5","Early childhood (0-5 years)","Unrestricted","Class 3","DPBN","Depression","Outcome",1,516,22,0.0426356589147286
"Joint Maternal Absence + Household Socioeconomic Status","JMAES","time_0_5","Early childhood (0-5 years)","Unrestricted","Class 3","ESXC","Ever had sexual intercourse","Mediator",3,513,139,0.270955165692007
"Joint Maternal Absence + Household Socioeconomic Status","JMAES","time_0_5","Early childhood (0-5 years)","Unrestricted","Class 3","FDSC","Food insecurity","Mediator",4,516,96,0.186046511627907
"Joint Maternal Absence + Household Socioeconomic Status","JMAES","time_0_5","Early childhood (0-5 years)","Unrestricted","Class 3","GOVG","No government grant receipt","Mediator",5,516,294,0.569767441860466
"Joint Maternal Absence + Household Socioeconomic Status","JMAES","time_0_5","Early childhood (0-5 years)","Unrestricted","Class 3","SCHL","School disengagement","Mediator",8,516,66,0.127906976744186
"Joint Maternal Absence + Household Socioeconomic Status","JMAES","time_0_5","Early childhood (0-5 years)","Unrestricted","Class 3","SCSP","Low social support","Mediator",7,516,50,0.0968992248062015
"Joint Maternal Absence + Household Socioeconomic Status","JMAES","time_0_5","Early childhood (0-5 years)","Unrestricted","Class 3","VLNC","Violence exposure","Mediator",6,516,154,0.298449612403101
"Joint Maternal Absence + Household Socioeconomic Status","JMAES","time_0_5","Early childhood (0-5 years)","Unrestricted","Class 4","DNKA","Alcohol use","Mediator",2,140,44,0.314285714285714
"Joint Maternal Absence + Household Socioeconomic Status","JMAES","time_0_5","Early childhood (0-5 years)","Unrestricted","Class 4","DPBN","Depression","Outcome",1,140,6,0.0428571428571429
"Joint Maternal Absence + Household Socioeconomic Status","JMAES","time_0_5","Early childhood (0-5 years)","Unrestricted","Class 4","ESXC","Ever had sexual intercourse","Mediator",3,140,23,0.164285714285714
"Joint Maternal Absence + Household Socioeconomic Status","JMAES","time_0_5","Early childhood (0-5 years)","Unrestricted","Class 4","FDSC","Food insecurity","Mediator",4,140,26,0.185714285714286
"Joint Maternal Absence + Household Socioeconomic Status","JMAES","time_0_5","Early childhood (0-5 years)","Unrestricted","Class 4","GOVG","No government grant receipt","Mediator",5,140,68,0.485714285714286
"Joint Maternal Absence + Household Socioeconomic Status","JMAES","time_0_5","Early childhood (0-5 years)","Unrestricted","Class 4","SCHL","School disengagement","Mediator",8,140,13,0.0928571428571429
"Joint Maternal Absence + Household Socioeconomic Status","JMAES","time_0_5","Early childhood (0-5 years)","Unrestricted","Class 4","SCSP","Low social support","Mediator",7,140,11,0.0785714285714285
"Joint Maternal Absence + Household Socioeconomic Status","JMAES","time_0_5","Early childhood (0-5 years)","Unrestricted","Class 4","VLNC","Violence exposure","Mediator",6,140,40,0.285714285714286
"Joint Maternal Absence + Household Socioeconomic Status","JMAES","time_0_5","Early childhood (0-5 years)","Unrestricted","Class 5","DNKA","Alcohol use","Mediator",2,360,138,0.383333333333333
"Joint Maternal Absence + Household Socioeconomic Status","JMAES","time_0_5","Early childhood (0-5 years)","Unrestricted","Class 5","DPBN","Depression","Outcome",1,358,22,0.0614525139664804
"Joint Maternal Absence + Household Socioeconomic Status","JMAES","time_0_5","Early childhood (0-5 years)","Unrestricted","Class 5","ESXC","Ever had sexual intercourse","Mediator",3,351,147,0.418803418803419
"Joint Maternal Absence + Household Socioeconomic Status","JMAES","time_0_5","Early childhood (0-5 years)","Unrestricted","Class 5","FDSC","Food insecurity","Mediator",4,360,96,0.266666666666667
"Joint Maternal Absence + Household Socioeconomic Status","JMAES","time_0_5","Early childhood (0-5 years)","Unrestricted","Class 5","GOVG","No government grant receipt","Mediator",5,360,213,0.591666666666668
"Joint Maternal Absence + Household Socioeconomic Status","JMAES","time_0_5","Early childhood (0-5 years)","Unrestricted","Class 5","SCHL","School disengagement","Mediator",8,360,66,0.183333333333333
"Joint Maternal Absence + Household Socioeconomic Status","JMAES","time_0_5","Early childhood (0-5 years)","Unrestricted","Class 5","SCSP","Low social support","Mediator",7,360,37,0.102777777777778
"Joint Maternal Absence + Household Socioeconomic Status","JMAES","time_0_5","Early childhood (0-5 years)","Unrestricted","Class 5","VLNC","Violence exposure","Mediator",6,360,117,0.325
"Joint Maternal Absence + Household Socioeconomic Status","JMAES","time_6_12","Middle-late childhood (6-12 years)","Restricted (at least 2 complete occasions)","High Maternal Absence, Improving SES","DNKA","Alcohol use","Mediator",2,894,303,0.338926174496644
"Joint Maternal Absence + Household Socioeconomic Status","JMAES","time_6_12","Middle-late childhood (6-12 years)","Restricted (at least 2 complete occasions)","High Maternal Absence, Improving SES","DPBN","Depression","Outcome",1,888,47,0.0529279279279279
"Joint Maternal Absence + Household Socioeconomic Status","JMAES","time_6_12","Middle-late childhood (6-12 years)","Restricted (at least 2 complete occasions)","High Maternal Absence, Improving SES","ESXC","Ever had sexual intercourse","Mediator",3,875,380,0.434285714285711
"Joint Maternal Absence + Household Socioeconomic Status","JMAES","time_6_12","Middle-late childhood (6-12 years)","Restricted (at least 2 complete occasions)","High Maternal Absence, Improving SES","FDSC","Food insecurity","Mediator",4,894,245,0.274049217002238
"Joint Maternal Absence + Household Socioeconomic Status","JMAES","time_6_12","Middle-late childhood (6-12 years)","Restricted (at least 2 complete occasions)","High Maternal Absence, Improving SES","GOVG","No government grant receipt","Mediator",5,894,533,0.59619686800895
"Joint Maternal Absence + Household Socioeconomic Status","JMAES","time_6_12","Middle-late childhood (6-12 years)","Restricted (at least 2 complete occasions)","High Maternal Absence, Improving SES","SCHL","School disengagement","Mediator",8,894,234,0.261744966442954
"Joint Maternal Absence + Household Socioeconomic Status","JMAES","time_6_12","Middle-late childhood (6-12 years)","Restricted (at least 2 complete occasions)","High Maternal Absence, Improving SES","SCSP","Low social support","Mediator",7,894,91,0.101789709172259
"Joint Maternal Absence + Household Socioeconomic Status","JMAES","time_6_12","Middle-late childhood (6-12 years)","Restricted (at least 2 complete occasions)","High Maternal Absence, Improving SES","VLNC","Violence exposure","Mediator",6,894,244,0.272930648769575
"Joint Maternal Absence + Household Socioeconomic Status","JMAES","time_6_12","Middle-late childhood (6-12 years)","Restricted (at least 2 complete occasions)","High Maternal Absence, Low SES","DNKA","Alcohol use","Mediator",2,270,104,0.385185185185185
"Joint Maternal Absence + Household Socioeconomic Status","JMAES","time_6_12","Middle-late childhood (6-12 years)","Restricted (at least 2 complete occasions)","High Maternal Absence, Low SES","DPBN","Depression","Outcome",1,265,21,0.0792452830188678
"Joint Maternal Absence + Household Socioeconomic Status","JMAES","time_6_12","Middle-late childhood (6-12 years)","Restricted (at least 2 complete occasions)","High Maternal Absence, Low SES","ESXC","Ever had sexual intercourse","Mediator",3,260,129,0.496153846153847
"Joint Maternal Absence + Household Socioeconomic Status","JMAES","time_6_12","Middle-late childhood (6-12 years)","Restricted (at least 2 complete occasions)","High Maternal Absence, Low SES","FDSC","Food insecurity","Mediator",4,270,75,0.277777777777778
"Joint Maternal Absence + Household Socioeconomic Status","JMAES","time_6_12","Middle-late childhood (6-12 years)","Restricted (at least 2 complete occasions)","High Maternal Absence, Low SES","GOVG","No government grant receipt","Mediator",5,270,160,0.592592592592593
"Joint Maternal Absence + Household Socioeconomic Status","JMAES","time_6_12","Middle-late childhood (6-12 years)","Restricted (at least 2 complete occasions)","High Maternal Absence, Low SES","SCHL","School disengagement","Mediator",8,270,91,0.337037037037038
"Joint Maternal Absence + Household Socioeconomic Status","JMAES","time_6_12","Middle-late childhood (6-12 years)","Restricted (at least 2 complete occasions)","High Maternal Absence, Low SES","SCSP","Low social support","Mediator",7,270,18,0.0666666666666666
"Joint Maternal Absence + Household Socioeconomic Status","JMAES","time_6_12","Middle-late childhood (6-12 years)","Restricted (at least 2 complete occasions)","High Maternal Absence, Low SES","VLNC","Violence exposure","Mediator",6,270,87,0.322222222222222
"Joint Maternal Absence + Household Socioeconomic Status","JMAES","time_6_12","Middle-late childhood (6-12 years)","Restricted (at least 2 complete occasions)","Low Maternal Absence, Higher SES","DNKA","Alcohol use","Mediator",2,480,175,0.364583333333333
"Joint Maternal Absence + Household Socioeconomic Status","JMAES","time_6_12","Middle-late childhood (6-12 years)","Restricted (at least 2 complete occasions)","Low Maternal Absence, Higher SES","DPBN","Depression","Outcome",1,477,19,0.039832285115304
"Joint Maternal Absence + Household Socioeconomic Status","JMAES","time_6_12","Middle-late childhood (6-12 years)","Restricted (at least 2 complete occasions)","Low Maternal Absence, Higher SES","ESXC","Ever had sexual intercourse","Mediator",3,470,152,0.32340425531915
"Joint Maternal Absence + Household Socioeconomic Status","JMAES","time_6_12","Middle-late childhood (6-12 years)","Restricted (at least 2 complete occasions)","Low Maternal Absence, Higher SES","FDSC","Food insecurity","Mediator",4,480,93,0.19375
"Joint Maternal Absence + Household Socioeconomic Status","JMAES","time_6_12","Middle-late childhood (6-12 years)","Restricted (at least 2 complete occasions)","Low Maternal Absence, Higher SES","GOVG","No government grant receipt","Mediator",5,480,258,0.537499999999999
"Joint Maternal Absence + Household Socioeconomic Status","JMAES","time_6_12","Middle-late childhood (6-12 years)","Restricted (at least 2 complete occasions)","Low Maternal Absence, Higher SES","SCHL","School disengagement","Mediator",8,480,83,0.172916666666667
"Joint Maternal Absence + Household Socioeconomic Status","JMAES","time_6_12","Middle-late childhood (6-12 years)","Restricted (at least 2 complete occasions)","Low Maternal Absence, Higher SES","SCSP","Low social support","Mediator",7,480,52,0.108333333333333
"Joint Maternal Absence + Household Socioeconomic Status","JMAES","time_6_12","Middle-late childhood (6-12 years)","Restricted (at least 2 complete occasions)","Low Maternal Absence, Higher SES","VLNC","Violence exposure","Mediator",6,480,144,0.3
"Joint Maternal Absence + Household Socioeconomic Status","JMAES","time_6_12","Middle-late childhood (6-12 years)","Restricted (at least 2 complete occasions)","Low Maternal Absence, Improving SES","DNKA","Alcohol use","Mediator",2,953,334,0.350472193074501
"Joint Maternal Absence + Household Socioeconomic Status","JMAES","time_6_12","Middle-late childhood (6-12 years)","Restricted (at least 2 complete occasions)","Low Maternal Absence, Improving SES","DPBN","Depression","Outcome",1,939,64,0.0681576144834933
"Joint Maternal Absence + Household Socioeconomic Status","JMAES","time_6_12","Middle-late childhood (6-12 years)","Restricted (at least 2 complete occasions)","Low Maternal Absence, Improving SES","ESXC","Ever had sexual intercourse","Mediator",3,926,498,0.537796976241898
"Joint Maternal Absence + Household Socioeconomic Status","JMAES","time_6_12","Middle-late childhood (6-12 years)","Restricted (at least 2 complete occasions)","Low Maternal Absence, Improving SES","FDSC","Food insecurity","Mediator",4,953,342,0.358866736621196
"Joint Maternal Absence + Household Socioeconomic Status","JMAES","time_6_12","Middle-late childhood (6-12 years)","Restricted (at least 2 complete occasions)","Low Maternal Absence, Improving SES","GOVG","No government grant receipt","Mediator",5,953,608,0.637985309548792
"Joint Maternal Absence + Household Socioeconomic Status","JMAES","time_6_12","Middle-late childhood (6-12 years)","Restricted (at least 2 complete occasions)","Low Maternal Absence, Improving SES","SCHL","School disengagement","Mediator",8,953,356,0.373557187827911
"Joint Maternal Absence + Household Socioeconomic Status","JMAES","time_6_12","Middle-late childhood (6-12 years)","Restricted (at least 2 complete occasions)","Low Maternal Absence, Improving SES","SCSP","Low social support","Mediator",7,953,104,0.10912906610703
"Joint Maternal Absence + Household Socioeconomic Status","JMAES","time_6_12","Middle-late childhood (6-12 years)","Restricted (at least 2 complete occasions)","Low Maternal Absence, Improving SES","VLNC","Violence exposure","Mediator",6,953,335,0.351521511017838
"Joint Maternal Absence + Household Socioeconomic Status","JMAES","time_6_12","Middle-late childhood (6-12 years)","Restricted (at least 2 complete occasions)","Low Maternal Absence, Low SES","DNKA","Alcohol use","Mediator",2,484,172,0.355371900826446
"Joint Maternal Absence + Household Socioeconomic Status","JMAES","time_6_12","Middle-late childhood (6-12 years)","Restricted (at least 2 complete occasions)","Low Maternal Absence, Low SES","DPBN","Depression","Outcome",1,470,33,0.0702127659574468
"Joint Maternal Absence + Household Socioeconomic Status","JMAES","time_6_12","Middle-late childhood (6-12 years)","Restricted (at least 2 complete occasions)","Low Maternal Absence, Low SES","ESXC","Ever had sexual intercourse","Mediator",3,463,258,0.557235421166308
"Joint Maternal Absence + Household Socioeconomic Status","JMAES","time_6_12","Middle-late childhood (6-12 years)","Restricted (at least 2 complete occasions)","Low Maternal Absence, Low SES","FDSC","Food insecurity","Mediator",4,484,170,0.351239669421488
"Joint Maternal Absence + Household Socioeconomic Status","JMAES","time_6_12","Middle-late childhood (6-12 years)","Restricted (at least 2 complete occasions)","Low Maternal Absence, Low SES","GOVG","No government grant receipt","Mediator",5,484,295,0.609504132231406
"Joint Maternal Absence + Household Socioeconomic Status","JMAES","time_6_12","Middle-late childhood (6-12 years)","Restricted (at least 2 complete occasions)","Low Maternal Absence, Low SES","SCHL","School disengagement","Mediator",8,484,169,0.349173553719009
"Joint Maternal Absence + Household Socioeconomic Status","JMAES","time_6_12","Middle-late childhood (6-12 years)","Restricted (at least 2 complete occasions)","Low Maternal Absence, Low SES","SCSP","Low social support","Mediator",7,483,49,0.101449275362319
"Joint Maternal Absence + Household Socioeconomic Status","JMAES","time_6_12","Middle-late childhood (6-12 years)","Restricted (at least 2 complete occasions)","Low Maternal Absence, Low SES","VLNC","Violence exposure","Mediator",6,484,160,0.330578512396694
"Joint Maternal Absence + Household Socioeconomic Status","JMAES","time_6_12","Middle-late childhood (6-12 years)","Restricted (at least 2 complete occasions)","Rising Maternal Absence, Improving SES","DNKA","Alcohol use","Mediator",2,638,219,0.343260188087774
"Joint Maternal Absence + Household Socioeconomic Status","JMAES","time_6_12","Middle-late childhood (6-12 years)","Restricted (at least 2 complete occasions)","Rising Maternal Absence, Improving SES","DPBN","Depression","Outcome",1,637,31,0.0486656200941915
"Joint Maternal Absence + Household Socioeconomic Status","JMAES","time_6_12","Middle-late childhood (6-12 years)","Restricted (at least 2 complete occasions)","Rising Maternal Absence, Improving SES","ESXC","Ever had sexual intercourse","Mediator",3,633,196,0.309636650868876
"Joint Maternal Absence + Household Socioeconomic Status","JMAES","time_6_12","Middle-late childhood (6-12 years)","Restricted (at least 2 complete occasions)","Rising Maternal Absence, Improving SES","FDSC","Food insecurity","Mediator",4,638,117,0.183385579937304
"Joint Maternal Absence + Household Socioeconomic Status","JMAES","time_6_12","Middle-late childhood (6-12 years)","Restricted (at least 2 complete occasions)","Rising Maternal Absence, Improving SES","GOVG","No government grant receipt","Mediator",5,638,370,0.579937304075235
"Joint Maternal Absence + Household Socioeconomic Status","JMAES","time_6_12","Middle-late childhood (6-12 years)","Restricted (at least 2 complete occasions)","Rising Maternal Absence, Improving SES","SCHL","School disengagement","Mediator",8,638,118,0.184952978056425
"Joint Maternal Absence + Household Socioeconomic Status","JMAES","time_6_12","Middle-late childhood (6-12 years)","Restricted (at least 2 complete occasions)","Rising Maternal Absence, Improving SES","SCSP","Low social support","Mediator",7,638,57,0.0893416927899687
"Joint Maternal Absence + Household Socioeconomic Status","JMAES","time_6_12","Middle-late childhood (6-12 years)","Restricted (at least 2 complete occasions)","Rising Maternal Absence, Improving SES","VLNC","Violence exposure","Mediator",6,638,209,0.327586206896552
"Joint Maternal Absence + Household Socioeconomic Status","JMAES","time_6_12","Middle-late childhood (6-12 years)","Stricter restricted (at least 3 complete occasions)","Class 1","DNKA","Alcohol use","Mediator",2,806,272,0.337468982630273
"Joint Maternal Absence + Household Socioeconomic Status","JMAES","time_6_12","Middle-late childhood (6-12 years)","Stricter restricted (at least 3 complete occasions)","Class 1","DPBN","Depression","Outcome",1,802,42,0.0523690773067332
"Joint Maternal Absence + Household Socioeconomic Status","JMAES","time_6_12","Middle-late childhood (6-12 years)","Stricter restricted (at least 3 complete occasions)","Class 1","ESXC","Ever had sexual intercourse","Mediator",3,789,341,0.432192648922684
"Joint Maternal Absence + Household Socioeconomic Status","JMAES","time_6_12","Middle-late childhood (6-12 years)","Stricter restricted (at least 3 complete occasions)","Class 1","FDSC","Food insecurity","Mediator",4,806,214,0.265508684863524
"Joint Maternal Absence + Household Socioeconomic Status","JMAES","time_6_12","Middle-late childhood (6-12 years)","Stricter restricted (at least 3 complete occasions)","Class 1","GOVG","No government grant receipt","Mediator",5,806,482,0.598014888337469
"Joint Maternal Absence + Household Socioeconomic Status","JMAES","time_6_12","Middle-late childhood (6-12 years)","Stricter restricted (at least 3 complete occasions)","Class 1","SCHL","School disengagement","Mediator",8,806,211,0.261786600496277
"Joint Maternal Absence + Household Socioeconomic Status","JMAES","time_6_12","Middle-late childhood (6-12 years)","Stricter restricted (at least 3 complete occasions)","Class 1","SCSP","Low social support","Mediator",7,806,83,0.102977667493797
"Joint Maternal Absence + Household Socioeconomic Status","JMAES","time_6_12","Middle-late childhood (6-12 years)","Stricter restricted (at least 3 complete occasions)","Class 1","VLNC","Violence exposure","Mediator",6,806,218,0.270471464019851
"Joint Maternal Absence + Household Socioeconomic Status","JMAES","time_6_12","Middle-late childhood (6-12 years)","Stricter restricted (at least 3 complete occasions)","Class 2","DNKA","Alcohol use","Mediator",2,184,74,0.402173913043478
"Joint Maternal Absence + Household Socioeconomic Status","JMAES","time_6_12","Middle-late childhood (6-12 years)","Stricter restricted (at least 3 complete occasions)","Class 2","DPBN","Depression","Outcome",1,183,10,0.0546448087431694
"Joint Maternal Absence + Household Socioeconomic Status","JMAES","time_6_12","Middle-late childhood (6-12 years)","Stricter restricted (at least 3 complete occasions)","Class 2","ESXC","Ever had sexual intercourse","Mediator",3,180,95,0.527777777777777
"Joint Maternal Absence + Household Socioeconomic Status","JMAES","time_6_12","Middle-late childhood (6-12 years)","Stricter restricted (at least 3 complete occasions)","Class 2","FDSC","Food insecurity","Mediator",4,184,59,0.320652173913043
"Joint Maternal Absence + Household Socioeconomic Status","JMAES","time_6_12","Middle-late childhood (6-12 years)","Stricter restricted (at least 3 complete occasions)","Class 2","GOVG","No government grant receipt","Mediator",5,184,109,0.592391304347826
"Joint Maternal Absence + Household Socioeconomic Status","JMAES","time_6_12","Middle-late childhood (6-12 years)","Stricter restricted (at least 3 complete occasions)","Class 2","SCHL","School disengagement","Mediator",8,184,53,0.28804347826087
"Joint Maternal Absence + Household Socioeconomic Status","JMAES","time_6_12","Middle-late childhood (6-12 years)","Stricter restricted (at least 3 complete occasions)","Class 2","SCSP","Low social support","Mediator",7,184,16,0.0869565217391305
"Joint Maternal Absence + Household Socioeconomic Status","JMAES","time_6_12","Middle-late childhood (6-12 years)","Stricter restricted (at least 3 complete occasions)","Class 2","VLNC","Violence exposure","Mediator",6,184,62,0.33695652173913
"Joint Maternal Absence + Household Socioeconomic Status","JMAES","time_6_12","Middle-late childhood (6-12 years)","Stricter restricted (at least 3 complete occasions)","Class 3","DNKA","Alcohol use","Mediator",2,571,196,0.343257443082312
"Joint Maternal Absence + Household Socioeconomic Status","JMAES","time_6_12","Middle-late childhood (6-12 years)","Stricter restricted (at least 3 complete occasions)","Class 3","DPBN","Depression","Outcome",1,570,26,0.0456140350877193
"Joint Maternal Absence + Household Socioeconomic Status","JMAES","time_6_12","Middle-late childhood (6-12 years)","Stricter restricted (at least 3 complete occasions)","Class 3","ESXC","Ever had sexual intercourse","Mediator",3,566,175,0.309187279151944
"Joint Maternal Absence + Household Socioeconomic Status","JMAES","time_6_12","Middle-late childhood (6-12 years)","Stricter restricted (at least 3 complete occasions)","Class 3","FDSC","Food insecurity","Mediator",4,571,108,0.189141856392294
"Joint Maternal Absence + Household Socioeconomic Status","JMAES","time_6_12","Middle-late childhood (6-12 years)","Stricter restricted (at least 3 complete occasions)","Class 3","GOVG","No government grant receipt","Mediator",5,571,327,0.572679509632225
"Joint Maternal Absence + Household Socioeconomic Status","JMAES","time_6_12","Middle-late childhood (6-12 years)","Stricter restricted (at least 3 complete occasions)","Class 3","SCHL","School disengagement","Mediator",8,571,103,0.180385288966725
"Joint Maternal Absence + Household Socioeconomic Status","JMAES","time_6_12","Middle-late childhood (6-12 years)","Stricter restricted (at least 3 complete occasions)","Class 3","SCSP","Low social support","Mediator",7,571,51,0.0893169877408056
"Joint Maternal Absence + Household Socioeconomic Status","JMAES","time_6_12","Middle-late childhood (6-12 years)","Stricter restricted (at least 3 complete occasions)","Class 3","VLNC","Violence exposure","Mediator",6,571,188,0.329246935201401
"Joint Maternal Absence + Household Socioeconomic Status","JMAES","time_6_12","Middle-late childhood (6-12 years)","Stricter restricted (at least 3 complete occasions)","Class 4","DNKA","Alcohol use","Mediator",2,236,89,0.377118644067797
"Joint Maternal Absence + Household Socioeconomic Status","JMAES","time_6_12","Middle-late childhood (6-12 years)","Stricter restricted (at least 3 complete occasions)","Class 4","DPBN","Depression","Outcome",1,234,17,0.0726495726495726
"Joint Maternal Absence + Household Socioeconomic Status","JMAES","time_6_12","Middle-late childhood (6-12 years)","Stricter restricted (at least 3 complete occasions)","Class 4","ESXC","Ever had sexual intercourse","Mediator",3,227,107,0.471365638766519
"Joint Maternal Absence + Household Socioeconomic Status","JMAES","time_6_12","Middle-late childhood (6-12 years)","Stricter restricted (at least 3 complete occasions)","Class 4","FDSC","Food insecurity","Mediator",4,236,64,0.271186440677966
"Joint Maternal Absence + Household Socioeconomic Status","JMAES","time_6_12","Middle-late childhood (6-12 years)","Stricter restricted (at least 3 complete occasions)","Class 4","GOVG","No government grant receipt","Mediator",5,236,142,0.601694915254237
"Joint Maternal Absence + Household Socioeconomic Status","JMAES","time_6_12","Middle-late childhood (6-12 years)","Stricter restricted (at least 3 complete occasions)","Class 4","SCHL","School disengagement","Mediator",8,236,71,0.300847457627119
"Joint Maternal Absence + Household Socioeconomic Status","JMAES","time_6_12","Middle-late childhood (6-12 years)","Stricter restricted (at least 3 complete occasions)","Class 4","SCSP","Low social support","Mediator",7,236,15,0.0635593220338983
"Joint Maternal Absence + Household Socioeconomic Status","JMAES","time_6_12","Middle-late childhood (6-12 years)","Stricter restricted (at least 3 complete occasions)","Class 4","VLNC","Violence exposure","Mediator",6,236,80,0.338983050847458
"Joint Maternal Absence + Household Socioeconomic Status","JMAES","time_6_12","Middle-late childhood (6-12 years)","Stricter restricted (at least 3 complete occasions)","Class 5","DNKA","Alcohol use","Mediator",2,265,102,0.384905660377359
"Joint Maternal Absence + Household Socioeconomic Status","JMAES","time_6_12","Middle-late childhood (6-12 years)","Stricter restricted (at least 3 complete occasions)","Class 5","DPBN","Depression","Outcome",1,264,15,0.0568181818181818
"Joint Maternal Absence + Household Socioeconomic Status","JMAES","time_6_12","Middle-late childhood (6-12 years)","Stricter restricted (at least 3 complete occasions)","Class 5","ESXC","Ever had sexual intercourse","Mediator",3,260,107,0.411538461538461
"Joint Maternal Absence + Household Socioeconomic Status","JMAES","time_6_12","Middle-late childhood (6-12 years)","Stricter restricted (at least 3 complete occasions)","Class 5","FDSC","Food insecurity","Mediator",4,265,59,0.222641509433962
"Joint Maternal Absence + Household Socioeconomic Status","JMAES","time_6_12","Middle-late childhood (6-12 years)","Stricter restricted (at least 3 complete occasions)","Class 5","GOVG","No government grant receipt","Mediator",5,265,142,0.535849056603774
"Joint Maternal Absence + Household Socioeconomic Status","JMAES","time_6_12","Middle-late childhood (6-12 years)","Stricter restricted (at least 3 complete occasions)","Class 5","SCHL","School disengagement","Mediator",8,265,54,0.20377358490566
"Joint Maternal Absence + Household Socioeconomic Status","JMAES","time_6_12","Middle-late childhood (6-12 years)","Stricter restricted (at least 3 complete occasions)","Class 5","SCSP","Low social support","Mediator",7,265,30,0.113207547169811
"Joint Maternal Absence + Household Socioeconomic Status","JMAES","time_6_12","Middle-late childhood (6-12 years)","Stricter restricted (at least 3 complete occasions)","Class 5","VLNC","Violence exposure","Mediator",6,265,83,0.313207547169811
"Joint Maternal Absence + Household Socioeconomic Status","JMAES","time_6_12","Middle-late childhood (6-12 years)","Stricter restricted (at least 3 complete occasions)","Class 6","DNKA","Alcohol use","Mediator",2,823,286,0.347509113001215
"Joint Maternal Absence + Household Socioeconomic Status","JMAES","time_6_12","Middle-late childhood (6-12 years)","Stricter restricted (at least 3 complete occasions)","Class 6","DPBN","Depression","Outcome",1,814,56,0.068796068796069
"Joint Maternal Absence + Household Socioeconomic Status","JMAES","time_6_12","Middle-late childhood (6-12 years)","Stricter restricted (at least 3 complete occasions)","Class 6","ESXC","Ever had sexual intercourse","Mediator",3,804,425,0.528606965174128
"Joint Maternal Absence + Household Socioeconomic Status","JMAES","time_6_12","Middle-late childhood (6-12 years)","Stricter restricted (at least 3 complete occasions)","Class 6","FDSC","Food insecurity","Mediator",4,823,296,0.359659781287971
"Joint Maternal Absence + Household Socioeconomic Status","JMAES","time_6_12","Middle-late childhood (6-12 years)","Stricter restricted (at least 3 complete occasions)","Class 6","GOVG","No government grant receipt","Mediator",5,823,529,0.64277035236938
"Joint Maternal Absence + Household Socioeconomic Status","JMAES","time_6_12","Middle-late childhood (6-12 years)","Stricter restricted (at least 3 complete occasions)","Class 6","SCHL","School disengagement","Mediator",8,823,306,0.371810449574728
"Joint Maternal Absence + Household Socioeconomic Status","JMAES","time_6_12","Middle-late childhood (6-12 years)","Stricter restricted (at least 3 complete occasions)","Class 6","SCSP","Low social support","Mediator",7,823,93,0.113001215066829
"Joint Maternal Absence + Household Socioeconomic Status","JMAES","time_6_12","Middle-late childhood (6-12 years)","Stricter restricted (at least 3 complete occasions)","Class 6","VLNC","Violence exposure","Mediator",6,823,295,0.358444714459295
"Joint Maternal Absence + Household Socioeconomic Status","JMAES","time_6_12","Middle-late childhood (6-12 years)","Stricter restricted (at least 3 complete occasions)","Class 7","DNKA","Alcohol use","Mediator",2,288,100,0.347222222222222
"Joint Maternal Absence + Household Socioeconomic Status","JMAES","time_6_12","Middle-late childhood (6-12 years)","Stricter restricted (at least 3 complete occasions)","Class 7","DPBN","Depression","Outcome",1,287,12,0.0418118466898954
"Joint Maternal Absence + Household Socioeconomic Status","JMAES","time_6_12","Middle-late childhood (6-12 years)","Stricter restricted (at least 3 complete occasions)","Class 7","ESXC","Ever had sexual intercourse","Mediator",3,283,73,0.257950530035336
"Joint Maternal Absence + Household Socioeconomic Status","JMAES","time_6_12","Middle-late childhood (6-12 years)","Stricter restricted (at least 3 complete occasions)","Class 7","FDSC","Food insecurity","Mediator",4,288,53,0.184027777777778
"Joint Maternal Absence + Household Socioeconomic Status","JMAES","time_6_12","Middle-late childhood (6-12 years)","Stricter restricted (at least 3 complete occasions)","Class 7","GOVG","No government grant receipt","Mediator",5,288,156,0.541666666666667
"Joint Maternal Absence + Household Socioeconomic Status","JMAES","time_6_12","Middle-late childhood (6-12 years)","Stricter restricted (at least 3 complete occasions)","Class 7","SCHL","School disengagement","Mediator",8,288,39,0.135416666666667
"Joint Maternal Absence + Household Socioeconomic Status","JMAES","time_6_12","Middle-late childhood (6-12 years)","Stricter restricted (at least 3 complete occasions)","Class 7","SCSP","Low social support","Mediator",7,288,34,0.118055555555556
"Joint Maternal Absence + Household Socioeconomic Status","JMAES","time_6_12","Middle-late childhood (6-12 years)","Stricter restricted (at least 3 complete occasions)","Class 7","VLNC","Violence exposure","Mediator",6,288,84,0.291666666666667
"Joint Maternal Absence + Household Socioeconomic Status","JMAES","time_6_12","Middle-late childhood (6-12 years)","Stricter restricted (at least 3 complete occasions)","Class 8","DNKA","Alcohol use","Mediator",2,305,110,0.360655737704918
"Joint Maternal Absence + Household Socioeconomic Status","JMAES","time_6_12","Middle-late childhood (6-12 years)","Stricter restricted (at least 3 complete occasions)","Class 8","DPBN","Depression","Outcome",1,295,20,0.0677966101694915
"Joint Maternal Absence + Household Socioeconomic Status","JMAES","time_6_12","Middle-late childhood (6-12 years)","Stricter restricted (at least 3 complete occasions)","Class 8","ESXC","Ever had sexual intercourse","Mediator",3,291,161,0.553264604810996
"Joint Maternal Absence + Household Socioeconomic Status","JMAES","time_6_12","Middle-late childhood (6-12 years)","Stricter restricted (at least 3 complete occasions)","Class 8","FDSC","Food insecurity","Mediator",4,305,112,0.367213114754098
"Joint Maternal Absence + Household Socioeconomic Status","JMAES","time_6_12","Middle-late childhood (6-12 years)","Stricter restricted (at least 3 complete occasions)","Class 8","GOVG","No government grant receipt","Mediator",5,305,184,0.60327868852459
"Joint Maternal Absence + Household Socioeconomic Status","JMAES","time_6_12","Middle-late childhood (6-12 years)","Stricter restricted (at least 3 complete occasions)","Class 8","SCHL","School disengagement","Mediator",8,305,116,0.38032786885246
"Joint Maternal Absence + Household Socioeconomic Status","JMAES","time_6_12","Middle-late childhood (6-12 years)","Stricter restricted (at least 3 complete occasions)","Class 8","SCSP","Low social support","Mediator",7,304,31,0.101973684210526
"Joint Maternal Absence + Household Socioeconomic Status","JMAES","time_6_12","Middle-late childhood (6-12 years)","Stricter restricted (at least 3 complete occasions)","Class 8","VLNC","Violence exposure","Mediator",6,305,101,0.331147540983607
"Joint Maternal Absence + Household Socioeconomic Status","JMAES","time_6_12","Middle-late childhood (6-12 years)","Unrestricted","Class 1","DNKA","Alcohol use","Mediator",2,299,117,0.391304347826087
"Joint Maternal Absence + Household Socioeconomic Status","JMAES","time_6_12","Middle-late childhood (6-12 years)","Unrestricted","Class 1","DPBN","Depression","Outcome",1,295,20,0.0677966101694915
"Joint Maternal Absence + Household Socioeconomic Status","JMAES","time_6_12","Middle-late childhood (6-12 years)","Unrestricted","Class 1","ESXC","Ever had sexual intercourse","Mediator",3,290,117,0.403448275862069
"Joint Maternal Absence + Household Socioeconomic Status","JMAES","time_6_12","Middle-late childhood (6-12 years)","Unrestricted","Class 1","FDSC","Food insecurity","Mediator",4,299,68,0.227424749163879
"Joint Maternal Absence + Household Socioeconomic Status","JMAES","time_6_12","Middle-late childhood (6-12 years)","Unrestricted","Class 1","GOVG","No government grant receipt","Mediator",5,299,163,0.545150501672241
"Joint Maternal Absence + Household Socioeconomic Status","JMAES","time_6_12","Middle-late childhood (6-12 years)","Unrestricted","Class 1","SCHL","School disengagement","Mediator",8,299,64,0.214046822742475
"Joint Maternal Absence + Household Socioeconomic Status","JMAES","time_6_12","Middle-late childhood (6-12 years)","Unrestricted","Class 1","SCSP","Low social support","Mediator",7,299,31,0.103678929765886
"Joint Maternal Absence + Household Socioeconomic Status","JMAES","time_6_12","Middle-late childhood (6-12 years)","Unrestricted","Class 1","VLNC","Violence exposure","Mediator",6,299,94,0.31438127090301
"Joint Maternal Absence + Household Socioeconomic Status","JMAES","time_6_12","Middle-late childhood (6-12 years)","Unrestricted","Class 2","DNKA","Alcohol use","Mediator",2,363,117,0.322314049586777
"Joint Maternal Absence + Household Socioeconomic Status","JMAES","time_6_12","Middle-late childhood (6-12 years)","Unrestricted","Class 2","DPBN","Depression","Outcome",1,346,23,0.0664739884393063
"Joint Maternal Absence + Household Socioeconomic Status","JMAES","time_6_12","Middle-late childhood (6-12 years)","Unrestricted","Class 2","ESXC","Ever had sexual intercourse","Mediator",3,344,200,0.58139534883721
"Joint Maternal Absence + Household Socioeconomic Status","JMAES","time_6_12","Middle-late childhood (6-12 years)","Unrestricted","Class 2","FDSC","Food insecurity","Mediator",4,363,129,0.355371900826446
"Joint Maternal Absence + Household Socioeconomic Status","JMAES","time_6_12","Middle-late childhood (6-12 years)","Unrestricted","Class 2","GOVG","No government grant receipt","Mediator",5,363,222,0.611570247933885
"Joint Maternal Absence + Household Socioeconomic Status","JMAES","time_6_12","Middle-late childhood (6-12 years)","Unrestricted","Class 2","SCHL","School disengagement","Mediator",8,363,143,0.393939393939394
"Joint Maternal Absence + Household Socioeconomic Status","JMAES","time_6_12","Middle-late childhood (6-12 years)","Unrestricted","Class 2","SCSP","Low social support","Mediator",7,361,36,0.0997229916897507
"Joint Maternal Absence + Household Socioeconomic Status","JMAES","time_6_12","Middle-late childhood (6-12 years)","Unrestricted","Class 2","VLNC","Violence exposure","Mediator",6,363,112,0.308539944903581
"Joint Maternal Absence + Household Socioeconomic Status","JMAES","time_6_12","Middle-late childhood (6-12 years)","Unrestricted","Class 3","DNKA","Alcohol use","Mediator",2,222,94,0.423423423423423
"Joint Maternal Absence + Household Socioeconomic Status","JMAES","time_6_12","Middle-late childhood (6-12 years)","Unrestricted","Class 3","DPBN","Depression","Outcome",1,220,11,0.05
"Joint Maternal Absence + Household Socioeconomic Status","JMAES","time_6_12","Middle-late childhood (6-12 years)","Unrestricted","Class 3","ESXC","Ever had sexual intercourse","Mediator",3,212,119,0.561320754716982
"Joint Maternal Absence + Household Socioeconomic Status","JMAES","time_6_12","Middle-late childhood (6-12 years)","Unrestricted","Class 3","FDSC","Food insecurity","Mediator",4,222,78,0.351351351351351
"Joint Maternal Absence + Household Socioeconomic Status","JMAES","time_6_12","Middle-late childhood (6-12 years)","Unrestricted","Class 3","GOVG","No government grant receipt","Mediator",5,222,134,0.603603603603604
"Joint Maternal Absence + Household Socioeconomic Status","JMAES","time_6_12","Middle-late childhood (6-12 years)","Unrestricted","Class 3","SCHL","School disengagement","Mediator",8,222,68,0.306306306306307
"Joint Maternal Absence + Household Socioeconomic Status","JMAES","time_6_12","Middle-late childhood (6-12 years)","Unrestricted","Class 3","SCSP","Low social support","Mediator",7,222,22,0.0990990990990991
"Joint Maternal Absence + Household Socioeconomic Status","JMAES","time_6_12","Middle-late childhood (6-12 years)","Unrestricted","Class 3","VLNC","Violence exposure","Mediator",6,222,80,0.36036036036036
"Joint Maternal Absence + Household Socioeconomic Status","JMAES","time_6_12","Middle-late childhood (6-12 years)","Unrestricted","Class 4","DNKA","Alcohol use","Mediator",2,998,335,0.335671342685371
"Joint Maternal Absence + Household Socioeconomic Status","JMAES","time_6_12","Middle-late childhood (6-12 years)","Unrestricted","Class 4","DPBN","Depression","Outcome",1,974,62,0.0636550308008211
"Joint Maternal Absence + Household Socioeconomic Status","JMAES","time_6_12","Middle-late childhood (6-12 years)","Unrestricted","Class 4","ESXC","Ever had sexual intercourse","Mediator",3,964,517,0.536307053941907
"Joint Maternal Absence + Household Socioeconomic Status","JMAES","time_6_12","Middle-late childhood (6-12 years)","Unrestricted","Class 4","FDSC","Food insecurity","Mediator",4,998,363,0.36372745490982
"Joint Maternal Absence + Household Socioeconomic Status","JMAES","time_6_12","Middle-late childhood (6-12 years)","Unrestricted","Class 4","GOVG","No government grant receipt","Mediator",5,998,629,0.630260521042083
"Joint Maternal Absence + Household Socioeconomic Status","JMAES","time_6_12","Middle-late childhood (6-12 years)","Unrestricted","Class 4","SCHL","School disengagement","Mediator",8,998,383,0.383767535070142
"Joint Maternal Absence + Household Socioeconomic Status","JMAES","time_6_12","Middle-late childhood (6-12 years)","Unrestricted","Class 4","SCSP","Low social support","Mediator",7,998,106,0.106212424849699
"Joint Maternal Absence + Household Socioeconomic Status","JMAES","time_6_12","Middle-late childhood (6-12 years)","Unrestricted","Class 4","VLNC","Violence exposure","Mediator",6,998,340,0.340681362725451
"Joint Maternal Absence + Household Socioeconomic Status","JMAES","time_6_12","Middle-late childhood (6-12 years)","Unrestricted","Class 5","DNKA","Alcohol use","Mediator",2,273,103,0.377289377289377
"Joint Maternal Absence + Household Socioeconomic Status","JMAES","time_6_12","Middle-late childhood (6-12 years)","Unrestricted","Class 5","DPBN","Depression","Outcome",1,266,18,0.0676691729323309
"Joint Maternal Absence + Household Socioeconomic Status","JMAES","time_6_12","Middle-late childhood (6-12 years)","Unrestricted","Class 5","ESXC","Ever had sexual intercourse","Mediator",3,261,130,0.498084291187739
"Joint Maternal Absence + Household Socioeconomic Status","JMAES","time_6_12","Middle-late childhood (6-12 years)","Unrestricted","Class 5","FDSC","Food insecurity","Mediator",4,273,76,0.278388278388278
"Joint Maternal Absence + Household Socioeconomic Status","JMAES","time_6_12","Middle-late childhood (6-12 years)","Unrestricted","Class 5","GOVG","No government grant receipt","Mediator",5,273,160,0.586080586080586
"Joint Maternal Absence + Household Socioeconomic Status","JMAES","time_6_12","Middle-late childhood (6-12 years)","Unrestricted","Class 5","SCHL","School disengagement","Mediator",8,273,92,0.336996336996338
"Joint Maternal Absence + Household Socioeconomic Status","JMAES","time_6_12","Middle-late childhood (6-12 years)","Unrestricted","Class 5","SCSP","Low social support","Mediator",7,273,18,0.0659340659340659
"Joint Maternal Absence + Household Socioeconomic Status","JMAES","time_6_12","Middle-late childhood (6-12 years)","Unrestricted","Class 5","VLNC","Violence exposure","Mediator",6,273,84,0.307692307692308
"Joint Maternal Absence + Household Socioeconomic Status","JMAES","time_6_12","Middle-late childhood (6-12 years)","Unrestricted","Class 6","DNKA","Alcohol use","Mediator",2,638,223,0.349529780564263
"Joint Maternal Absence + Household Socioeconomic Status","JMAES","time_6_12","Middle-late childhood (6-12 years)","Unrestricted","Class 6","DPBN","Depression","Outcome",1,634,29,0.0457413249211358
"Joint Maternal Absence + Household Socioeconomic Status","JMAES","time_6_12","Middle-late childhood (6-12 years)","Unrestricted","Class 6","ESXC","Ever had sexual intercourse","Mediator",3,630,198,0.314285714285713
"Joint Maternal Absence + Household Socioeconomic Status","JMAES","time_6_12","Middle-late childhood (6-12 years)","Unrestricted","Class 6","FDSC","Food insecurity","Mediator",4,638,122,0.191222570532915
"Joint Maternal Absence + Household Socioeconomic Status","JMAES","time_6_12","Middle-late childhood (6-12 years)","Unrestricted","Class 6","GOVG","No government grant receipt","Mediator",5,638,368,0.576802507836991
"Joint Maternal Absence + Household Socioeconomic Status","JMAES","time_6_12","Middle-late childhood (6-12 years)","Unrestricted","Class 6","SCHL","School disengagement","Mediator",8,638,122,0.191222570532916
"Joint Maternal Absence + Household Socioeconomic Status","JMAES","time_6_12","Middle-late childhood (6-12 years)","Unrestricted","Class 6","SCSP","Low social support","Mediator",7,638,55,0.0862068965517241
"Joint Maternal Absence + Household Socioeconomic Status","JMAES","time_6_12","Middle-late childhood (6-12 years)","Unrestricted","Class 6","VLNC","Violence exposure","Mediator",6,638,207,0.324451410658307
"Joint Maternal Absence + Household Socioeconomic Status","JMAES","time_6_12","Middle-late childhood (6-12 years)","Unrestricted","Class 7","DNKA","Alcohol use","Mediator",2,916,301,0.328602620087335
"Joint Maternal Absence + Household Socioeconomic Status","JMAES","time_6_12","Middle-late childhood (6-12 years)","Unrestricted","Class 7","DPBN","Depression","Outcome",1,909,51,0.056105610561056
"Joint Maternal Absence + Household Socioeconomic Status","JMAES","time_6_12","Middle-late childhood (6-12 years)","Unrestricted","Class 7","ESXC","Ever had sexual intercourse","Mediator",3,894,385,0.430648769574944
"Joint Maternal Absence + Household Socioeconomic Status","JMAES","time_6_12","Middle-late childhood (6-12 years)","Unrestricted","Class 7","FDSC","Food insecurity","Mediator",4,916,261,0.284934497816594
"Joint Maternal Absence + Household Socioeconomic Status","JMAES","time_6_12","Middle-late childhood (6-12 years)","Unrestricted","Class 7","GOVG","No government grant receipt","Mediator",5,916,542,0.591703056768558
"Joint Maternal Absence + Household Socioeconomic Status","JMAES","time_6_12","Middle-late childhood (6-12 years)","Unrestricted","Class 7","SCHL","School disengagement","Mediator",8,916,246,0.268558951965068
"Joint Maternal Absence + Household Socioeconomic Status","JMAES","time_6_12","Middle-late childhood (6-12 years)","Unrestricted","Class 7","SCSP","Low social support","Mediator",7,916,94,0.102620087336245
"Joint Maternal Absence + Household Socioeconomic Status","JMAES","time_6_12","Middle-late childhood (6-12 years)","Unrestricted","Class 7","VLNC","Violence exposure","Mediator",6,916,247,0.269650655021834
"Joint Maternal Absence + Household Socioeconomic Status","JMAES","time_6_12","Middle-late childhood (6-12 years)","Unrestricted","Class 8","DNKA","Alcohol use","Mediator",2,312,104,0.333333333333333
"Joint Maternal Absence + Household Socioeconomic Status","JMAES","time_6_12","Middle-late childhood (6-12 years)","Unrestricted","Class 8","DPBN","Depression","Outcome",1,311,13,0.0418006430868167
"Joint Maternal Absence + Household Socioeconomic Status","JMAES","time_6_12","Middle-late childhood (6-12 years)","Unrestricted","Class 8","ESXC","Ever had sexual intercourse","Mediator",3,306,84,0.274509803921569
"Joint Maternal Absence + Household Socioeconomic Status","JMAES","time_6_12","Middle-late childhood (6-12 years)","Unrestricted","Class 8","FDSC","Food insecurity","Mediator",4,312,58,0.185897435897436
"Joint Maternal Absence + Household Socioeconomic Status","JMAES","time_6_12","Middle-late childhood (6-12 years)","Unrestricted","Class 8","GOVG","No government grant receipt","Mediator",5,312,173,0.55448717948718
"Joint Maternal Absence + Household Socioeconomic Status","JMAES","time_6_12","Middle-late childhood (6-12 years)","Unrestricted","Class 8","SCHL","School disengagement","Mediator",8,312,48,0.153846153846154
"Joint Maternal Absence + Household Socioeconomic Status","JMAES","time_6_12","Middle-late childhood (6-12 years)","Unrestricted","Class 8","SCSP","Low social support","Mediator",7,312,37,0.118589743589744
"Joint Maternal Absence + Household Socioeconomic Status","JMAES","time_6_12","Middle-late childhood (6-12 years)","Unrestricted","Class 8","VLNC","Violence exposure","Mediator",6,312,94,0.301282051282051
