model,model_label,coefficient_type,childhood_window,term,exposure_contrast,mediator,mediator_label,m,q_bar,std.error,lower_95,upper_95,odds_ratio,odds_ratio_lower_95,odds_ratio_upper_95,p_value,significant_at_95
JPA,Joint parental absence,A-path (class to pathway variable),Early childhood (0-5 years),C05_C2,"Declining Return to Two-Parent vs Dual Absence, Stable High",DNKA,Alcohol use,100,-0.22189750040972608,0.21750484771253314,-0.648726087761271,0.20493108694181886,0.8009974620387662,0.5227112410467618,1.2274404753716543,0.30788734661969874,FALSE
JPA,Joint parental absence,A-path (class to pathway variable),Early childhood (0-5 years),C05_C3,"Paternal Absence, Stable High vs Dual Absence, Stable High",DNKA,Alcohol use,100,-0.20636846627925057,0.1478221605743481,-0.4963036001639609,0.0835666676054598,0.8135332614765869,0.6087767882809101,1.0871576910769782,0.16288128088171594,FALSE
JPA,Joint parental absence,A-path (class to pathway variable),Early childhood (0-5 years),C05_C4,"Maternal Absence Transition vs Dual Absence, Stable High",DNKA,Alcohol use,100,-0.08733762853770202,0.20159239556098146,-0.48287301943578553,0.30819776236038143,0.9163676515273288,0.6170081664445185,1.3609701109867245,0.6649236360158688,FALSE
JPA,Joint parental absence,A-path (class to pathway variable),Early childhood (0-5 years),C05_C5,"Late Dual Absence vs Dual Absence, Stable High",DNKA,Alcohol use,100,-0.12191829298049081,0.19742489871287183,-0.5092099148191921,0.2653733288582105,0.8852206942923629,0.6009702089446531,1.3039176750200956,0.5369806255444027,FALSE
JPA,Joint parental absence,A-path (class to pathway variable),Early childhood (0-5 years),C05_C6,"Two-Parent, Stable Presence vs Dual Absence, Stable High",DNKA,Alcohol use,100,-0.22154554854070832,0.1585185280954157,-0.5324638846372752,0.08937278755585856,0.8012794242082549,0.5871565000998837,1.0934882191550137,0.16242071012560388,FALSE
JPA,Joint parental absence,A-path (class to pathway variable),Early childhood (0-5 years),C05_C2,"Declining Return to Two-Parent vs Dual Absence, Stable High",ESXC,Ever had sexual intercourse,100,-0.2387662623245589,0.2587672503442574,-0.7463875969523834,0.26885507230326566,0.7875989524081145,0.4740760168935213,1.308465494413912,0.35632198121034087,FALSE
JPA,Joint parental absence,A-path (class to pathway variable),Early childhood (0-5 years),C05_C3,"Paternal Absence, Stable High vs Dual Absence, Stable High",ESXC,Ever had sexual intercourse,100,-0.10004157895841205,0.18367561432523072,-0.4603017545703986,0.26021859665357455,0.9047997966207204,0.6310931815198109,1.297213622231471,0.5860574476567457,FALSE
JPA,Joint parental absence,A-path (class to pathway variable),Early childhood (0-5 years),C05_C4,"Maternal Absence Transition vs Dual Absence, Stable High",ESXC,Ever had sexual intercourse,100,-0.19000527756170393,0.2682442727650343,-0.7166292823392049,0.336618727215797,0.8269547696270227,0.4883957286707549,1.4002051018547972,0.47896735207996,FALSE
JPA,Joint parental absence,A-path (class to pathway variable),Early childhood (0-5 years),C05_C5,"Late Dual Absence vs Dual Absence, Stable High",ESXC,Ever had sexual intercourse,100,-0.09059427742640903,0.24661921006295837,-0.5743616786822231,0.393173123829405,0.9133882179511208,0.5630641699829322,1.4816748803554898,0.7134153115330186,FALSE
JPA,Joint parental absence,A-path (class to pathway variable),Early childhood (0-5 years),C05_C6,"Two-Parent, Stable Presence vs Dual Absence, Stable High",ESXC,Ever had sexual intercourse,100,-0.11729437128703689,0.19438463752487692,-0.4985227436514785,0.26393400107740467,0.889323363364649,0.6074273231180563,1.3020422600787376,0.5463050686876292,FALSE
JPA,Joint parental absence,A-path (class to pathway variable),Early childhood (0-5 years),C05_C2,"Declining Return to Two-Parent vs Dual Absence, Stable High",FDSC,Food insecurity,100,0.18125385473717787,0.23254169856634857,-0.27529227609014856,0.6377999855645042,1.1987194412811086,0.759350150894789,1.892313180173958,0.43597453074539483,FALSE
JPA,Joint parental absence,A-path (class to pathway variable),Early childhood (0-5 years),C05_C3,"Paternal Absence, Stable High vs Dual Absence, Stable High",FDSC,Food insecurity,100,0.1448729287846098,0.14898742849440547,-0.14725313350355754,0.4369989910727772,1.155892680247733,0.863075476443341,1.5480545151812095,0.33093696113331106,FALSE
JPA,Joint parental absence,A-path (class to pathway variable),Early childhood (0-5 years),C05_C4,"Maternal Absence Transition vs Dual Absence, Stable High",FDSC,Food insecurity,100,0.06506352700800742,0.22660294696763486,-0.37985746143013854,0.5099845154461534,1.0672268199574821,0.683958892787028,1.6652654088543515,0.7741030529698651,FALSE
JPA,Joint parental absence,A-path (class to pathway variable),Early childhood (0-5 years),C05_C5,"Late Dual Absence vs Dual Absence, Stable High",FDSC,Food insecurity,100,-0.18549916510146003,0.2175488742475527,-0.6123008971804911,0.24130256697757096,0.8306895291221081,0.5421021117738284,1.2729061164052518,0.3940013752844642,FALSE
JPA,Joint parental absence,A-path (class to pathway variable),Early childhood (0-5 years),C05_C6,"Two-Parent, Stable Presence vs Dual Absence, Stable High",FDSC,Food insecurity,100,0.08130658302073755,0.17025005463526327,-0.25270130575115424,0.41531447179262937,1.0847033972387554,0.7766998429554555,1.5148470424613896,0.6330388052126676,FALSE
JPA,Joint parental absence,A-path (class to pathway variable),Early childhood (0-5 years),C05_C2,"Declining Return to Two-Parent vs Dual Absence, Stable High",GOVG,No government grant receipt,100,-0.07298607081375479,0.22679511817223966,-0.5181154506365113,0.3721433090090018,0.9296137786990699,0.5956420076816374,1.450840884965012,0.7476701377031567,FALSE
JPA,Joint parental absence,A-path (class to pathway variable),Early childhood (0-5 years),C05_C3,"Paternal Absence, Stable High vs Dual Absence, Stable High",GOVG,No government grant receipt,100,-0.16321315896277389,0.1571590663354112,-0.4715156281279345,0.14508931020238675,0.8494101097380431,0.6240557147576385,1.156142821006613,0.2992129990140171,FALSE
JPA,Joint parental absence,A-path (class to pathway variable),Early childhood (0-5 years),C05_C4,"Maternal Absence Transition vs Dual Absence, Stable High",GOVG,No government grant receipt,100,0.10726261559557716,0.21979003697395147,-0.3241553296047342,0.5386805607958886,1.113226566752605,0.7231379089301506,1.7137441885148017,0.6256640653694807,FALSE
JPA,Joint parental absence,A-path (class to pathway variable),Early childhood (0-5 years),C05_C5,"Late Dual Absence vs Dual Absence, Stable High",GOVG,No government grant receipt,100,-0.1200925151188037,0.2098008665153377,-0.5317810987883662,0.2915960685507588,0.886838386963065,0.5875575391455593,1.3385622210464243,0.567168553199338,FALSE
JPA,Joint parental absence,A-path (class to pathway variable),Early childhood (0-5 years),C05_C6,"Two-Parent, Stable Presence vs Dual Absence, Stable High",GOVG,No government grant receipt,100,-0.11110437536690274,0.16970943582187167,-0.44406023215870605,0.22185148142490055,0.894845344243415,0.6414267851438551,1.2483859555919998,0.5128014251108797,FALSE
JPA,Joint parental absence,A-path (class to pathway variable),Early childhood (0-5 years),C05_C2,"Declining Return to Two-Parent vs Dual Absence, Stable High",SCHL,School disengagement,100,-0.13682616262312108,0.31366841100875775,-0.7523241055902963,0.4786717803440541,0.8721218203249235,0.471269997743504,1.61392932528844,0.6627732664981512,FALSE
JPA,Joint parental absence,A-path (class to pathway variable),Early childhood (0-5 years),C05_C3,"Paternal Absence, Stable High vs Dual Absence, Stable High",SCHL,School disengagement,100,-0.33200281345991967,0.22131228885869486,-0.7661804188065049,0.10217479188666556,0.7174853042354572,0.4647849661188497,1.1075770502917073,0.13382253726780702,FALSE
JPA,Joint parental absence,A-path (class to pathway variable),Early childhood (0-5 years),C05_C4,"Maternal Absence Transition vs Dual Absence, Stable High",SCHL,School disengagement,100,-0.12360708698255238,0.3013771890423995,-0.7149948960204646,0.4677807220553598,0.8837270005188884,0.4891946086292309,1.5964472986210374,0.6817884886459407,FALSE
JPA,Joint parental absence,A-path (class to pathway variable),Early childhood (0-5 years),C05_C5,"Late Dual Absence vs Dual Absence, Stable High",SCHL,School disengagement,100,-0.1589830722646751,0.30567040533465956,-0.758763259891928,0.4407971153625778,0.8530107983879422,0.4682451666388803,1.5539453987094647,0.6030923904765326,FALSE
JPA,Joint parental absence,A-path (class to pathway variable),Early childhood (0-5 years),C05_C6,"Two-Parent, Stable Presence vs Dual Absence, Stable High",SCHL,School disengagement,100,-0.183066866636711,0.24016620333675145,-0.6543106789610345,0.28817694568761243,0.8327124731930298,0.5198002483676272,1.3339933276077238,0.44607635616134256,FALSE
JPA,Joint parental absence,A-path (class to pathway variable),Early childhood (0-5 years),C05_C2,"Declining Return to Two-Parent vs Dual Absence, Stable High",SCSP,Low social support,100,-0.3409845460224272,0.351516970382423,-1.0306977769817356,0.34872868493688114,0.71106989697974,0.35675793622157564,1.4172646129356088,0.3322394168790206,FALSE
JPA,Joint parental absence,A-path (class to pathway variable),Early childhood (0-5 years),C05_C3,"Paternal Absence, Stable High vs Dual Absence, Stable High",SCSP,Low social support,100,-0.38629269385281134,0.24601141949915228,-0.8687372298347795,0.09615184212915684,0.6795715901411571,0.41948092293300543,1.100926218284155,0.1165101632061738,FALSE
JPA,Joint parental absence,A-path (class to pathway variable),Early childhood (0-5 years),C05_C4,"Maternal Absence Transition vs Dual Absence, Stable High",SCSP,Low social support,100,-0.2645436458519826,0.3529807335526997,-0.9573502607029782,0.4282629689990131,0.7675561474944783,0.38390879765778135,1.5345895773967924,0.45378759332090546,FALSE
JPA,Joint parental absence,A-path (class to pathway variable),Early childhood (0-5 years),C05_C5,"Late Dual Absence vs Dual Absence, Stable High",SCSP,Low social support,100,-0.5180568604342433,0.30109289663913846,-1.1085348689915895,0.07242114812310307,0.5956769074897302,0.3300421620180653,1.0751080284618502,0.08547569089775608,FALSE
JPA,Joint parental absence,A-path (class to pathway variable),Early childhood (0-5 years),C05_C6,"Two-Parent, Stable Presence vs Dual Absence, Stable High",SCSP,Low social support,100,-0.35510982574444283,0.26594910663734056,-0.8767281649162938,0.16650851342740813,0.7010964405417035,0.41614223549319235,1.181173591663198,0.18196993828340613,FALSE
JPA,Joint parental absence,A-path (class to pathway variable),Early childhood (0-5 years),C05_C2,"Declining Return to Two-Parent vs Dual Absence, Stable High",VLNC,Violence exposure,100,-0.08615697216190277,0.21313148218085098,-0.5043473170536004,0.33203337272979483,0.9174502057742154,0.6038996017973373,1.393799362625878,0.6861124330323618,FALSE
JPA,Joint parental absence,A-path (class to pathway variable),Early childhood (0-5 years),C05_C3,"Paternal Absence, Stable High vs Dual Absence, Stable High",VLNC,Violence exposure,100,-0.12070455075274893,0.14743401238237616,-0.40985584643955997,0.1684467449340621,0.8862957763341512,0.6637459245785035,1.1834651996493724,0.41305998127013677,FALSE
JPA,Joint parental absence,A-path (class to pathway variable),Early childhood (0-5 years),C05_C4,"Maternal Absence Transition vs Dual Absence, Stable High",VLNC,Violence exposure,100,0.08929093653998887,0.2082756539615159,-0.3195475268379966,0.49812939991797434,1.0933987196962953,0.7264776743687525,1.645640055315263,0.6682472484854256,FALSE
JPA,Joint parental absence,A-path (class to pathway variable),Early childhood (0-5 years),C05_C5,"Late Dual Absence vs Dual Absence, Stable High",VLNC,Violence exposure,100,-0.06381694901965923,0.19408632297134457,-0.4444740661663496,0.31684016812703114,0.9381767179815941,0.6411613958440954,1.3727831398893806,0.7423396358723138,FALSE
JPA,Joint parental absence,A-path (class to pathway variable),Early childhood (0-5 years),C05_C6,"Two-Parent, Stable Presence vs Dual Absence, Stable High",VLNC,Violence exposure,100,-0.017057747261549905,0.1592374366961858,-0.32940229812458727,0.29528680360148746,0.9830869124186477,0.7193535639381307,1.3435116274087884,0.914706539971142,FALSE
JPA,Joint parental absence,A-path (class to pathway variable),Middle-late childhood (6-12 years),C612_C2,"Paternal Absence, Stable High vs Dual Absence, Stable High",DNKA,Alcohol use,100,0.016873417252877596,0.1395414846685753,-0.2567966626777763,0.2905434971835315,1.0170165774247317,0.7735254843760796,1.3371540300200875,0.9037668010453521,FALSE
JPA,Joint parental absence,A-path (class to pathway variable),Middle-late childhood (6-12 years),C612_C3,"Maternal Absence Transition vs Dual Absence, Stable High",DNKA,Alcohol use,100,0.0425539006746406,0.19709894046540866,-0.34436799503435067,0.42947579638363187,1.043472298718784,0.7086680937200935,1.5364518987693077,0.8291225762056293,FALSE
JPA,Joint parental absence,A-path (class to pathway variable),Middle-late childhood (6-12 years),C612_C4,"Late Dual Absence vs Dual Absence, Stable High",DNKA,Alcohol use,100,0.0427649765762305,0.18309874490534522,-0.31636028855726034,0.4018902417097214,1.0436925738215854,0.7287968257033015,1.4946472737434577,0.8153531551459698,FALSE
JPA,Joint parental absence,A-path (class to pathway variable),Middle-late childhood (6-12 years),C612_C5,"Rising Paternal Absence vs Dual Absence, Stable High",DNKA,Alcohol use,100,-0.042584164565281336,0.19457124621928418,-0.4242597772648296,0.3390914481342669,0.9583098063984142,0.6542538995425101,1.4036717025019363,0.8267891234471865,FALSE
JPA,Joint parental absence,A-path (class to pathway variable),Middle-late childhood (6-12 years),C612_C6,"From Dual to Paternal Absence vs Dual Absence, Stable High",DNKA,Alcohol use,100,0.09966243129661835,0.1734915035977498,-0.240494903686647,0.4398197662798837,1.104797909923299,0.7862386523564492,1.5524273935307984,0.5657001370841397,FALSE
JPA,Joint parental absence,A-path (class to pathway variable),Middle-late childhood (6-12 years),C612_C7,"Two-Parent, Stable Presence vs Dual Absence, Stable High",DNKA,Alcohol use,100,-0.19262099391581974,0.15697796352339977,-0.5005829287440628,0.11534094091242339,0.8247945170476946,0.6061771985882652,1.1222559953364586,0.22002627650320505,FALSE
JPA,Joint parental absence,A-path (class to pathway variable),Middle-late childhood (6-12 years),C612_C8,"Declining Return to Two-Parent vs Dual Absence, Stable High",DNKA,Alcohol use,100,-0.12846960646597608,0.20920710742994839,-0.5388878185020477,0.2819486055700956,0.8794402913106371,0.5833967347464474,1.3257105840962164,0.539270190380442,FALSE
JPA,Joint parental absence,A-path (class to pathway variable),Middle-late childhood (6-12 years),C612_C2,"Paternal Absence, Stable High vs Dual Absence, Stable High",ESXC,Ever had sexual intercourse,100,-0.25047150730843365,0.16665970675402858,-0.5772447717783237,0.07630175716145637,0.7784336593679291,0.5614431414727088,1.0792882079696757,0.13296773243472426,FALSE
JPA,Joint parental absence,A-path (class to pathway variable),Middle-late childhood (6-12 years),C612_C3,"Maternal Absence Transition vs Dual Absence, Stable High",ESXC,Ever had sexual intercourse,100,-0.09902603755900045,0.22220006496222727,-0.5347932359228809,0.33674116080488,0.9057191250013726,0.5857903980350168,1.4003765444858238,0.6558898219857694,FALSE
JPA,Joint parental absence,A-path (class to pathway variable),Middle-late childhood (6-12 years),C612_C4,"Late Dual Absence vs Dual Absence, Stable High",ESXC,Ever had sexual intercourse,100,-0.27700839327465393,0.22454282734253125,-0.7173359154398206,0.1633191288905127,0.7580481345776128,0.4880507339893631,1.1774123760443367,0.2174574931676876,FALSE
JPA,Joint parental absence,A-path (class to pathway variable),Middle-late childhood (6-12 years),C612_C5,"Rising Paternal Absence vs Dual Absence, Stable High",ESXC,Ever had sexual intercourse,100,-0.1336521171436593,0.23464606545110436,-0.5938529181704102,0.32654868388309155,0.874894372421803,0.5521956162759151,1.3861757325376407,0.5690252103859468,FALSE
JPA,Joint parental absence,A-path (class to pathway variable),Middle-late childhood (6-12 years),C612_C6,"From Dual to Paternal Absence vs Dual Absence, Stable High",ESXC,Ever had sexual intercourse,100,0.045867593101988874,0.21679475010880767,-0.3792486829797598,0.47098386918373747,1.0469357802602284,0.6843753989890383,1.6015691528483025,0.8324586282722546,FALSE
JPA,Joint parental absence,A-path (class to pathway variable),Middle-late childhood (6-12 years),C612_C7,"Two-Parent, Stable Presence vs Dual Absence, Stable High",ESXC,Ever had sexual intercourse,100,-0.18931879100321983,0.18160072964963556,-0.5454039222020968,0.1667663401956571,0.8275226578623641,0.5796076196649893,1.1814781690954979,0.2972700333694178,FALSE
JPA,Joint parental absence,A-path (class to pathway variable),Middle-late childhood (6-12 years),C612_C8,"Declining Return to Two-Parent vs Dual Absence, Stable High",ESXC,Ever had sexual intercourse,100,-0.19741575948086326,0.25176840836208875,-0.6912293666531756,0.29639784769144906,0.8208492864852689,0.5009598270440236,1.3450051575975235,0.433082559653585,FALSE
JPA,Joint parental absence,A-path (class to pathway variable),Middle-late childhood (6-12 years),C612_C2,"Paternal Absence, Stable High vs Dual Absence, Stable High",FDSC,Food insecurity,100,0.05036931534056391,0.14055354343055795,-0.22521410713047954,0.3259527378116074,1.0516594186212744,0.7983452690445666,1.3853498926579058,0.7200944877785933,FALSE
JPA,Joint parental absence,A-path (class to pathway variable),Middle-late childhood (6-12 years),C612_C3,"Maternal Absence Transition vs Dual Absence, Stable High",FDSC,Food insecurity,100,0.04607940629587878,0.18926572302667907,-0.32512471097342155,0.41728352356517906,1.0471575585585986,0.7224372521709137,1.5178327932997928,0.8076737029360523,FALSE
JPA,Joint parental absence,A-path (class to pathway variable),Middle-late childhood (6-12 years),C612_C4,"Late Dual Absence vs Dual Absence, Stable High",FDSC,Food insecurity,100,-0.16310431047823468,0.1886211065812083,-0.5329588333145832,0.20675021235811383,0.8495025717733252,0.5868659596740176,1.2296753757030756,0.38726883630209397,FALSE
JPA,Joint parental absence,A-path (class to pathway variable),Middle-late childhood (6-12 years),C612_C5,"Rising Paternal Absence vs Dual Absence, Stable High",FDSC,Food insecurity,100,-0.08844342212943795,0.20109669333273616,-0.4828704741888012,0.3059836299299253,0.9153548981019175,0.6170097368846921,1.3579600764643287,0.6601347105311439,FALSE
JPA,Joint parental absence,A-path (class to pathway variable),Middle-late childhood (6-12 years),C612_C6,"From Dual to Paternal Absence vs Dual Absence, Stable High",FDSC,Food insecurity,100,0.18155215316804427,0.18680363920273557,-0.18481120957335853,0.5479155159094471,1.1990770707469942,0.8312612031964266,1.7296438424679423,0.331230978581756,FALSE
JPA,Joint parental absence,A-path (class to pathway variable),Middle-late childhood (6-12 years),C612_C7,"Two-Parent, Stable Presence vs Dual Absence, Stable High",FDSC,Food insecurity,100,0.005164666378752027,0.1579874958835547,-0.30470257244019283,0.31503190519769686,1.0051780262580248,0.7373426478055116,1.370303030048638,0.9739253023752248,FALSE
JPA,Joint parental absence,A-path (class to pathway variable),Middle-late childhood (6-12 years),C612_C8,"Declining Return to Two-Parent vs Dual Absence, Stable High",FDSC,Food insecurity,100,0.20014295382585182,0.2044120086067196,-0.20077090393754812,0.6010568115892517,1.2215773748381185,0.8180998335370674,1.824045454531652,0.3276565191057552,FALSE
JPA,Joint parental absence,A-path (class to pathway variable),Middle-late childhood (6-12 years),C612_C2,"Paternal Absence, Stable High vs Dual Absence, Stable High",GOVG,No government grant receipt,100,0.07916592984378946,0.13963659645508844,-0.19464412454533908,0.352975984232918,1.0823839069632588,0.8231275368251564,1.4232969614548354,0.5708021032969457,FALSE
JPA,Joint parental absence,A-path (class to pathway variable),Middle-late childhood (6-12 years),C612_C3,"Maternal Absence Transition vs Dual Absence, Stable High",GOVG,No government grant receipt,100,0.00828268181204941,0.19064149385964044,-0.3657216948303845,0.3822870584544833,1.0083170781200244,0.6936958334841693,1.4656327470239958,0.9653524920613168,FALSE
JPA,Joint parental absence,A-path (class to pathway variable),Middle-late childhood (6-12 years),C612_C4,"Late Dual Absence vs Dual Absence, Stable High",GOVG,No government grant receipt,100,0.03462067978660622,0.18894429121609865,-0.33599405770053087,0.4052354172737433,1.0352269518057293,0.7146273523331766,1.4996555033137486,0.8546398977669747,FALSE
JPA,Joint parental absence,A-path (class to pathway variable),Middle-late childhood (6-12 years),C612_C5,"Rising Paternal Absence vs Dual Absence, Stable High",GOVG,No government grant receipt,100,-0.14052994238539301,0.1923997006989402,-0.5178475872998975,0.23678770252911152,0.8688976476750353,0.5958015797080359,1.2671720717913812,0.46522476070237495,FALSE
JPA,Joint parental absence,A-path (class to pathway variable),Middle-late childhood (6-12 years),C612_C6,"From Dual to Paternal Absence vs Dual Absence, Stable High",GOVG,No government grant receipt,100,0.2129388076650703,0.18736601517161985,-0.15452919948346924,0.5804068148136099,1.2373089351042323,0.8568184731199853,1.786765165454578,0.25589864795899775,FALSE
JPA,Joint parental absence,A-path (class to pathway variable),Middle-late childhood (6-12 years),C612_C7,"Two-Parent, Stable Presence vs Dual Absence, Stable High",GOVG,No government grant receipt,100,0.22256102615020681,0.1527578290677859,-0.07699862941245975,0.5221206817128734,1.24927205558855,0.925891122620462,1.685598479935086,0.14526765119377494,FALSE
JPA,Joint parental absence,A-path (class to pathway variable),Middle-late childhood (6-12 years),C612_C8,"Declining Return to Two-Parent vs Dual Absence, Stable High",GOVG,No government grant receipt,100,0.13738037902014294,0.19919278970422924,-0.25316946720665334,0.5279302252469392,1.147264460864575,0.7763363071298619,1.6954195379950372,0.49043909478312253,FALSE
JPA,Joint parental absence,A-path (class to pathway variable),Middle-late childhood (6-12 years),C612_C2,"Paternal Absence, Stable High vs Dual Absence, Stable High",SCHL,School disengagement,100,0.08703830759737514,0.19878486989262162,-0.30275335978515433,0.4768299749799046,1.0909384701495026,0.7387812870771501,1.6109595173433942,0.6615299133636467,FALSE
JPA,Joint parental absence,A-path (class to pathway variable),Middle-late childhood (6-12 years),C612_C3,"Maternal Absence Transition vs Dual Absence, Stable High",SCHL,School disengagement,100,-0.2519966969414037,0.27438628734760795,-0.7903957804686369,0.2864023865858295,0.7772473053580996,0.4536652079175205,1.3316281767771334,0.35861679286080816,FALSE
JPA,Joint parental absence,A-path (class to pathway variable),Middle-late childhood (6-12 years),C612_C4,"Late Dual Absence vs Dual Absence, Stable High",SCHL,School disengagement,100,0.26728512951794103,0.26926777654975476,-0.2607720852482125,0.7953423442840946,1.3064128901083623,0.7704564980073727,2.2151992278024135,0.3210004407840845,FALSE
JPA,Joint parental absence,A-path (class to pathway variable),Middle-late childhood (6-12 years),C612_C5,"Rising Paternal Absence vs Dual Absence, Stable High",SCHL,School disengagement,100,0.13427144362531368,0.27598755849323925,-0.40706465531691355,0.675607542567541,1.1437032284641107,0.6656011542567152,1.9652265721503333,0.6266705062908922,FALSE
JPA,Joint parental absence,A-path (class to pathway variable),Middle-late childhood (6-12 years),C612_C6,"From Dual to Paternal Absence vs Dual Absence, Stable High",SCHL,School disengagement,100,0.18431841626674428,0.26058363516813426,-0.3266829216392936,0.6953197541727821,1.2023986254292698,0.7213124193300158,2.004349870721872,0.47943301612050315,FALSE
JPA,Joint parental absence,A-path (class to pathway variable),Middle-late childhood (6-12 years),C612_C7,"Two-Parent, Stable Presence vs Dual Absence, Stable High",SCHL,School disengagement,100,6.558486836088529e-4,0.21749615295712127,-0.4258844292139499,0.4271961265811676,1.000656063799382,0.6531918276515937,1.5329532851298369,0.9975943208208315,FALSE
JPA,Joint parental absence,A-path (class to pathway variable),Middle-late childhood (6-12 years),C612_C8,"Declining Return to Two-Parent vs Dual Absence, Stable High",SCHL,School disengagement,100,0.57272037403289755,0.30267937220268404,-0.021018316989851793,1.1664590650556468,1.7730839481134133,0.9792010283898918,3.2106039474109505,0.058668565472300926,FALSE
JPA,Joint parental absence,A-path (class to pathway variable),Middle-late childhood (6-12 years),C612_C2,"Paternal Absence, Stable High vs Dual Absence, Stable High",SCSP,Low social support,100,0.12514609888373032,0.21101037316619342,-0.28861131857438804,0.5389035163418487,1.1333140168849702,0.7493033891196513,1.7141263198835592,0.5531768628815903,FALSE
JPA,Joint parental absence,A-path (class to pathway variable),Middle-late childhood (6-12 years),C612_C3,"Maternal Absence Transition vs Dual Absence, Stable High",SCSP,Low social support,100,-0.004107450582209085,0.29291708103846675,-0.5789278333497568,0.5707129321853387,0.9959009734552143,0.5604989928497577,1.7695281554143694,0.988814841986124,FALSE
JPA,Joint parental absence,A-path (class to pathway variable),Middle-late childhood (6-12 years),C612_C4,"Late Dual Absence vs Dual Absence, Stable High",SCSP,Low social support,100,0.39144288369766267,0.29129664942666833,-0.1797187792027568,0.9626045465980821,1.4791134436046558,0.8355051397978644,2.6185076247182835,0.17911654252056142,FALSE
JPA,Joint parental absence,A-path (class to pathway variable),Middle-late childhood (6-12 years),C612_C5,"Rising Paternal Absence vs Dual Absence, Stable High",SCSP,Low social support,100,0.1663282131321279,0.29953754312059494,-0.42113296241081355,0.7537893886750693,1.1809606449136016,0.6563028320007577,2.125037371213324,0.5787669528076116,FALSE
JPA,Joint parental absence,A-path (class to pathway variable),Middle-late childhood (6-12 years),C612_C6,"From Dual to Paternal Absence vs Dual Absence, Stable High",SCSP,Low social support,100,0.19670907575551091,0.28729422348086064,-0.36669710617527196,0.7601152576862937,1.217389820968938,0.6930195245915924,2.1385226874699836,0.4936104839279405,FALSE
JPA,Joint parental absence,A-path (class to pathway variable),Middle-late childhood (6-12 years),C612_C7,"Two-Parent, Stable Presence vs Dual Absence, Stable High",SCSP,Low social support,100,0.11181345738812187,0.2344428325907018,-0.3479971968839927,0.5716241116602365,1.118304229794478,0.7061008554942211,1.7711412479466344,0.6334682955547619,FALSE
JPA,Joint parental absence,A-path (class to pathway variable),Middle-late childhood (6-12 years),C612_C8,"Declining Return to Two-Parent vs Dual Absence, Stable High",SCSP,Low social support,100,-0.046627176476433364,0.29506184187873175,-0.6252720384297598,0.5320176854768931,0.9544431701317966,0.5351158366446553,1.7023636802140834,0.8744522502382561,FALSE
JPA,Joint parental absence,A-path (class to pathway variable),Middle-late childhood (6-12 years),C612_C2,"Paternal Absence, Stable High vs Dual Absence, Stable High",VLNC,Violence exposure,100,0.12377207300938298,0.13498436672042394,-0.14088876009134532,0.3884329061101113,1.1317578834306496,0.8685859277430491,1.4746680389304454,0.3592424897439914,FALSE
JPA,Joint parental absence,A-path (class to pathway variable),Middle-late childhood (6-12 years),C612_C3,"Maternal Absence Transition vs Dual Absence, Stable High",VLNC,Violence exposure,100,0.007602074986892085,0.18846064074199512,-0.3621501528368493,0.3773543028106335,1.0076310441209266,0.696177826917746,1.4584209404821937,0.9678306396057885,FALSE
JPA,Joint parental absence,A-path (class to pathway variable),Middle-late childhood (6-12 years),C612_C4,"Late Dual Absence vs Dual Absence, Stable High",VLNC,Violence exposure,100,-0.02429399996449725,0.1758347919326106,-0.36902741820148044,0.3204394182724859,0.9759987239828724,0.691406453068986,1.3777330324123411,0.890117882099237,FALSE
JPA,Joint parental absence,A-path (class to pathway variable),Middle-late childhood (6-12 years),C612_C5,"Rising Paternal Absence vs Dual Absence, Stable High",VLNC,Violence exposure,100,0.13162683775135803,0.18606146301139798,-0.2332365040452054,0.49649017954792146,1.1406825801606948,0.7919662481522288,1.6429446983603728,0.47936546732478846,FALSE
JPA,Joint parental absence,A-path (class to pathway variable),Middle-late childhood (6-12 years),C612_C6,"From Dual to Paternal Absence vs Dual Absence, Stable High",VLNC,Violence exposure,100,0.22566697392394833,0.17467501893314438,-0.11683449294108325,0.5681684407889799,1.2531582614003909,0.8897324379770796,1.7650313297406224,0.19648743980893757,FALSE
JPA,Joint parental absence,A-path (class to pathway variable),Middle-late childhood (6-12 years),C612_C7,"Two-Parent, Stable Presence vs Dual Absence, Stable High",VLNC,Violence exposure,100,0.010078735076894996,0.14468963944431273,-0.2736021615879224,0.2937596317417124,1.0101296965925812,0.7606346247452682,1.341461420166,0.9444700086000917,FALSE
JPA,Joint parental absence,A-path (class to pathway variable),Middle-late childhood (6-12 years),C612_C8,"Declining Return to Two-Parent vs Dual Absence, Stable High",VLNC,Violence exposure,100,0.09485867607685554,0.20258286867084227,-0.30247560156603825,0.49219295371974936,1.0995034580035001,0.7389865181527545,1.6358997416942909,0.6396677090102969,FALSE
JPAES,Joint parental absence and socioeconomic status,A-path (class to pathway variable),Early childhood (0-5 years),C05_C2,"Dual Absence, Low SES vs Two-Parent, Low SES",DNKA,Alcohol use,100,0.15036227047650866,0.11650955738571163,-0.07816869594684875,0.3788932368998661,1.1622552172217315,0.92480840195453,1.4606670820725858,0.19704749024146206,FALSE
JPAES,Joint parental absence and socioeconomic status,A-path (class to pathway variable),Early childhood (0-5 years),C05_C3,"Paternal Absence, Low SES vs Two-Parent, Low SES",DNKA,Alcohol use,100,0.022062196812902665,0.10778129471173031,-0.18950023971742025,0.23362463334322559,1.022307366753129,0.8273725185618267,1.2631702512120833,0.8378623551152042,FALSE
JPAES,Joint parental absence and socioeconomic status,A-path (class to pathway variable),Early childhood (0-5 years),C05_C2,"Dual Absence, Low SES vs Two-Parent, Low SES",ESXC,Ever had sexual intercourse,100,0.06546477040110474,0.1420319255512118,-0.21307185386007535,0.34400139466228485,1.0676551235891811,0.8080980701646817,1.410580602789873,0.6449062771177867,FALSE
JPAES,Joint parental absence and socioeconomic status,A-path (class to pathway variable),Early childhood (0-5 years),C05_C3,"Paternal Absence, Low SES vs Two-Parent, Low SES",ESXC,Ever had sexual intercourse,100,0.03177531591087868,0.1292102287367167,-0.2217825209515747,0.28533315277333204,1.032285541110245,0.8010895655878387,1.3302051158328658,0.8057955903330651,FALSE
JPAES,Joint parental absence and socioeconomic status,A-path (class to pathway variable),Early childhood (0-5 years),C05_C2,"Dual Absence, Low SES vs Two-Parent, Low SES",FDSC,Food insecurity,100,-0.11405072106423718,0.12073986074488345,-0.35085464470902494,0.1227532025805506,0.8922127007570156,0.7040860890563055,1.1306053560283713,0.3449896757777089,FALSE
JPAES,Joint parental absence and socioeconomic status,A-path (class to pathway variable),Early childhood (0-5 years),C05_C3,"Paternal Absence, Low SES vs Two-Parent, Low SES",FDSC,Food insecurity,100,0.034252448799451135,0.10774799063375806,-0.17719782878319174,0.245702726382094,1.034845819340035,0.8376140639603281,1.2785194469421772,0.7506348054590801,FALSE
JPAES,Joint parental absence and socioeconomic status,A-path (class to pathway variable),Early childhood (0-5 years),C05_C2,"Dual Absence, Low SES vs Two-Parent, Low SES",GOVG,No government grant receipt,100,0.019858446960158656,0.1173590696687079,-0.21029568357318137,0.2500125774934987,1.020056937646364,0.810344604954676,1.2840415666106346,0.8656472022316821,FALSE
JPAES,Joint parental absence and socioeconomic status,A-path (class to pathway variable),Early childhood (0-5 years),C05_C3,"Paternal Absence, Low SES vs Two-Parent, Low SES",GOVG,No government grant receipt,100,-0.11068172561559475,0.11082397385943844,-0.32824126499314715,0.10687781376195765,0.89522363034125,0.720189242290335,1.112798277537007,0.3182518372761849,FALSE
JPAES,Joint parental absence and socioeconomic status,A-path (class to pathway variable),Early childhood (0-5 years),C05_C2,"Dual Absence, Low SES vs Two-Parent, Low SES",SCHL,School disengagement,100,0.058725286494587046,0.16510693429676063,-0.265038423438656,0.3824889964278301,1.060483871478688,0.7671764718514293,1.4659287438160908,0.7221106314304337,FALSE
JPAES,Joint parental absence and socioeconomic status,A-path (class to pathway variable),Early childhood (0-5 years),C05_C3,"Paternal Absence, Low SES vs Two-Parent, Low SES",SCHL,School disengagement,100,-0.10311872122080938,0.15705159267778096,-0.41146381772266705,0.20522637528104826,0.9020198782232653,0.6626794978140852,1.2278029777498582,0.5116580619247899,FALSE
JPAES,Joint parental absence and socioeconomic status,A-path (class to pathway variable),Early childhood (0-5 years),C05_C2,"Dual Absence, Low SES vs Two-Parent, Low SES",SCSP,Low social support,100,0.06285074339498348,0.18624707740001933,-0.30248003146496816,0.4281815182549351,1.0648678888035261,0.7389832445244194,1.5344645890241262,0.7358179142542585,FALSE
JPAES,Joint parental absence and socioeconomic status,A-path (class to pathway variable),Early childhood (0-5 years),C05_C3,"Paternal Absence, Low SES vs Two-Parent, Low SES",SCSP,Low social support,100,-0.05695934532516841,0.16862054503133872,-0.387984352045175,0.27406566139483823,0.9446324723118856,0.6784229591128621,1.3153011639124343,0.7356115581570777,FALSE
JPAES,Joint parental absence and socioeconomic status,A-path (class to pathway variable),Early childhood (0-5 years),C05_C2,"Dual Absence, Low SES vs Two-Parent, Low SES",VLNC,Violence exposure,100,-0.03602593485237496,0.11168448287752816,-0.25503342792775563,0.18298155822300569,0.9646152760039304,0.7748905945413217,1.2007922631335022,0.7470497550371429,FALSE
JPAES,Joint parental absence and socioeconomic status,A-path (class to pathway variable),Early childhood (0-5 years),C05_C3,"Paternal Absence, Low SES vs Two-Parent, Low SES",VLNC,Violence exposure,100,-0.09697150965824321,0.10176508591630172,-0.2966329923783008,0.10268997306181439,0.9075818630823858,0.743316765225863,1.108147800145211,0.3408388288048987,FALSE
JPAES,Joint parental absence and socioeconomic status,A-path (class to pathway variable),Middle-late childhood (6-12 years),C612_C2,"Paternal Absence, Higher SES vs Dual Absence, Higher SES",DNKA,Alcohol use,100,0.19079624125720465,0.19212089278898556,-0.18597824909955227,0.5675707316139615,1.210212835511133,0.8302916543766449,1.7639766695420789,0.3207769922724659,FALSE
JPAES,Joint parental absence and socioeconomic status,A-path (class to pathway variable),Middle-late childhood (6-12 years),C612_C3,"Paternal Absence, Moderate Low SES vs Dual Absence, Higher SES",DNKA,Alcohol use,100,-0.05754845424143211,0.16925227596920714,-0.3894648690801657,0.27436796059730145,0.9440761447846973,0.67741928552622,1.3156988385106125,0.7338780282090738,FALSE
JPAES,Joint parental absence and socioeconomic status,A-path (class to pathway variable),Middle-late childhood (6-12 years),C612_C4,"Late Dual Absence, Low SES vs Dual Absence, Higher SES",DNKA,Alcohol use,100,-0.07208668660009797,0.19738919088276655,-0.45913963303877714,0.3149662598385812,0.9304502347477289,0.6318270148136619,1.3702130789666012,0.714990755723542,FALSE
JPAES,Joint parental absence and socioeconomic status,A-path (class to pathway variable),Middle-late childhood (6-12 years),C612_C5,"Maternal Absence, Moderate Low SES vs Dual Absence, Higher SES",DNKA,Alcohol use,100,-0.00671553537320447,0.189996934231683,-0.37932211057399456,0.36589103982758564,0.9933069634424334,0.6843251487948351,1.4417981355220282,0.9718076798447202,FALSE
JPAES,Joint parental absence and socioeconomic status,A-path (class to pathway variable),Middle-late childhood (6-12 years),C612_C6,"Two-Parent, Low SES vs Dual Absence, Higher SES",DNKA,Alcohol use,100,-0.299551511686199,0.18380005559828289,-0.6599327206091948,0.060829697236796876,0.7411505435122271,0.5168861091044149,1.0627179149778738,0.10325135112251305,FALSE
JPAES,Joint parental absence and socioeconomic status,A-path (class to pathway variable),Middle-late childhood (6-12 years),C612_C7,"Paternal Absence, Severe Low SES vs Dual Absence, Higher SES",DNKA,Alcohol use,100,-0.220811586510577,0.18096716204903332,-0.5756477030536303,0.1340245300324763,0.8018677487586792,0.5623405211524185,1.1434208674516513,0.2224970602220666,FALSE
JPAES,Joint parental absence and socioeconomic status,A-path (class to pathway variable),Middle-late childhood (6-12 years),C612_C8,"Dual Absence, Severe Low SES vs Dual Absence, Higher SES",DNKA,Alcohol use,100,-0.05832116134480113,0.17237467411649463,-0.39633732813339734,0.27969500544379505,0.9433469322116513,0.6727797101313835,1.3227263264811442,0.7351365276201178,FALSE
JPAES,Joint parental absence and socioeconomic status,A-path (class to pathway variable),Middle-late childhood (6-12 years),C612_C9,"Two-Parent, Higher SES vs Dual Absence, Higher SES",DNKA,Alcohol use,100,-0.1806855211841038,0.1795234283314877,-0.5327013419522606,0.17133029958405294,0.8346978122052056,0.5870170920462799,1.186882711151497,0.31427736103527004,FALSE
JPAES,Joint parental absence and socioeconomic status,A-path (class to pathway variable),Middle-late childhood (6-12 years),C612_C2,"Paternal Absence, Higher SES vs Dual Absence, Higher SES",ESXC,Ever had sexual intercourse,100,-0.05582710552936638,0.24707798387724994,-0.5403376245891626,0.42868341353042977,0.9457026285118373,0.5825515354448015,1.5352349228490543,0.8212602426711322,FALSE
JPAES,Joint parental absence and socioeconomic status,A-path (class to pathway variable),Middle-late childhood (6-12 years),C612_C3,"Paternal Absence, Moderate Low SES vs Dual Absence, Higher SES",ESXC,Ever had sexual intercourse,100,0.1373643293107638,0.21034815872762902,-0.2750985992168369,0.5498272578383645,1.14724604775116,0.7594972337005723,1.7329536378529475,0.5137914478759269,FALSE
JPAES,Joint parental absence and socioeconomic status,A-path (class to pathway variable),Middle-late childhood (6-12 years),C612_C4,"Late Dual Absence, Low SES vs Dual Absence, Higher SES",ESXC,Ever had sexual intercourse,100,0.2205489427145146,0.24987724173420334,-0.2694664107631445,0.71056429619217365,1.2467609431099211,0.7637869341117397,2.0351393560719564,0.37753143645017495,FALSE
JPAES,Joint parental absence and socioeconomic status,A-path (class to pathway variable),Middle-late childhood (6-12 years),C612_C5,"Maternal Absence, Moderate Low SES vs Dual Absence, Higher SES",ESXC,Ever had sexual intercourse,100,0.1045118807391031,0.23468184748824056,-0.3556513064353451,0.5646750679135513,1.1101685834111659,0.7007169131193485,1.7588761745547241,0.6561119569323375,FALSE
JPAES,Joint parental absence and socioeconomic status,A-path (class to pathway variable),Middle-late childhood (6-12 years),C612_C6,"Two-Parent, Low SES vs Dual Absence, Higher SES",ESXC,Ever had sexual intercourse,100,0.07369866558626731,0.2316090640619266,-0.3804621730603362,0.5278595042328709,1.0764823754322088,0.6835454199185086,1.695299640445727,0.7503571051308242,FALSE
JPAES,Joint parental absence and socioeconomic status,A-path (class to pathway variable),Middle-late childhood (6-12 years),C612_C7,"Paternal Absence, Severe Low SES vs Dual Absence, Higher SES",ESXC,Ever had sexual intercourse,100,-0.08831443143365479,0.22355099823024102,-0.526635865974489,0.3500070031071794,0.9154729779825515,0.5905884501608724,1.419077486510193,0.6928309001838895,FALSE
JPAES,Joint parental absence and socioeconomic status,A-path (class to pathway variable),Middle-late childhood (6-12 years),C612_C8,"Dual Absence, Severe Low SES vs Dual Absence, Higher SES",ESXC,Ever had sexual intercourse,100,0.33895960121992774,0.2105096998758826,-0.07375369603907445,0.7516728984789299,1.4034866449191201,0.9289004575294245,2.1205445066797504,0.10743443337719549,FALSE
JPAES,Joint parental absence and socioeconomic status,A-path (class to pathway variable),Middle-late childhood (6-12 years),C612_C9,"Two-Parent, Higher SES vs Dual Absence, Higher SES",ESXC,Ever had sexual intercourse,100,0.021454900029298275,0.22430227231881603,-0.418315912560427,0.46122571261902356,1.0216867112575632,0.6581542763766185,1.5860167948874224,0.9238024529509894,FALSE
JPAES,Joint parental absence and socioeconomic status,A-path (class to pathway variable),Middle-late childhood (6-12 years),C612_C2,"Paternal Absence, Higher SES vs Dual Absence, Higher SES",FDSC,Food insecurity,100,-0.008642429519026195,0.21826360308607887,-0.4366662801185283,0.4193814210804759,0.9913948089208888,0.6461870408947337,1.5210203934055648,0.9684185692532721,FALSE
JPAES,Joint parental absence and socioeconomic status,A-path (class to pathway variable),Middle-late childhood (6-12 years),C612_C3,"Paternal Absence, Moderate Low SES vs Dual Absence, Higher SES",FDSC,Food insecurity,100,0.312053707478826,0.18256198936724466,-0.045919920212466325,0.6700273351701183,1.366228067724096,0.9551184448104477,1.9542907407756716,0.08750853242031154,FALSE
JPAES,Joint parental absence and socioeconomic status,A-path (class to pathway variable),Middle-late childhood (6-12 years),C612_C4,"Late Dual Absence, Low SES vs Dual Absence, Higher SES",FDSC,Food insecurity,100,0.38501725200371745,0.21437948941982302,-0.03539690142640789,0.8054314054338427,1.4696396754515841,0.9652222421367144,2.237661630009886,0.07264186879514511,FALSE
JPAES,Joint parental absence and socioeconomic status,A-path (class to pathway variable),Middle-late childhood (6-12 years),C612_C5,"Maternal Absence, Moderate Low SES vs Dual Absence, Higher SES",FDSC,Food insecurity,100,0.29113585073757503,0.20776599634087747,-0.1162980059674783,0.6985697074426284,1.3379463326005312,0.8902098959035754,2.0108745107829145,0.16127235915215943,FALSE
JPAES,Joint parental absence and socioeconomic status,A-path (class to pathway variable),Middle-late childhood (6-12 years),C612_C6,"Two-Parent, Low SES vs Dual Absence, Higher SES",FDSC,Food insecurity,100,0.541992931150709,0.19528922823812475,0.15907359420433914,0.9249122680970789,1.7194301557765097,1.172424227133952,2.521647021761734,0.00554978279338636,TRUE
JPAES,Joint parental absence and socioeconomic status,A-path (class to pathway variable),Middle-late childhood (6-12 years),C612_C7,"Paternal Absence, Severe Low SES vs Dual Absence, Higher SES",FDSC,Food insecurity,100,0.5617754809959584,0.19487594101969852,0.17962726924191208,0.9439236927500048,1.753783547035451,1.1967712065397635,2.570045730583052,0.003978500550220865,TRUE
JPAES,Joint parental absence and socioeconomic status,A-path (class to pathway variable),Middle-late childhood (6-12 years),C612_C8,"Dual Absence, Severe Low SES vs Dual Absence, Higher SES",FDSC,Food insecurity,100,0.4733609540552831,0.18673403795067403,0.10719876455915262,0.8395231435514137,1.6053807470989925,1.1131554883517811,2.315262665570808,0.01130450437472863,TRUE
JPAES,Joint parental absence and socioeconomic status,A-path (class to pathway variable),Middle-late childhood (6-12 years),C612_C9,"Two-Parent, Higher SES vs Dual Absence, Higher SES",FDSC,Food insecurity,100,-0.08354145904617344,0.20389398818178048,-0.48339291446236304,0.31630999637001617,0.9198529496547673,0.616687470338805,1.372055521938392,0.6820451967738508,FALSE
JPAES,Joint parental absence and socioeconomic status,A-path (class to pathway variable),Middle-late childhood (6-12 years),C612_C2,"Paternal Absence, Higher SES vs Dual Absence, Higher SES",GOVG,No government grant receipt,100,0.30221002056248597,0.1939578846664904,-0.07813126291089723,0.6825513040358692,1.3528453222110168,0.9248430209886324,1.9789201240571672,0.11933552527678182,FALSE
JPAES,Joint parental absence and socioeconomic status,A-path (class to pathway variable),Middle-late childhood (6-12 years),C612_C3,"Paternal Absence, Moderate Low SES vs Dual Absence, Higher SES",GOVG,No government grant receipt,100,0.017056103859915694,0.1671875500030387,-0.31075336951578064,0.344865577235612,1.0172023897047535,0.7328946077334099,1.4118001288357593,0.9187491500342087,FALSE
JPAES,Joint parental absence and socioeconomic status,A-path (class to pathway variable),Middle-late childhood (6-12 years),C612_C4,"Late Dual Absence, Low SES vs Dual Absence, Higher SES",GOVG,No government grant receipt,100,-0.32988074265388395,0.20172057816638936,-0.7254302924227665,0.0656688071149985,0.7190094754810181,0.48411621259347803,1.0678729866574466,0.10210009168697964,FALSE
JPAES,Joint parental absence and socioeconomic status,A-path (class to pathway variable),Middle-late childhood (6-12 years),C612_C5,"Maternal Absence, Moderate Low SES vs Dual Absence, Higher SES",GOVG,No government grant receipt,100,0.13170478795565912,0.19319812317674226,-0.24716254472225782,0.510572120633576,1.1407715000664784,0.7810137335529189,1.666244214994649,0.4954942469211041,FALSE
JPAES,Joint parental absence and socioeconomic status,A-path (class to pathway variable),Middle-late childhood (6-12 years),C612_C6,"Two-Parent, Low SES vs Dual Absence, Higher SES",GOVG,No government grant receipt,100,0.1231962108537328,0.18791997329265756,-0.24527215478059644,0.491664576488062,1.13110633451541,0.7824915504441294,1.6350355978345312,0.512147042173752,FALSE
JPAES,Joint parental absence and socioeconomic status,A-path (class to pathway variable),Middle-late childhood (6-12 years),C612_C7,"Paternal Absence, Severe Low SES vs Dual Absence, Higher SES",GOVG,No government grant receipt,100,0.012823052235368901,0.1857123813496757,-0.3513482801610981,0.3769943846318359,1.0129056201163156,0.7037386129717489,1.4578961227247662,0.9449571744086747,FALSE
JPAES,Joint parental absence and socioeconomic status,A-path (class to pathway variable),Middle-late childhood (6-12 years),C612_C8,"Dual Absence, Severe Low SES vs Dual Absence, Higher SES",GOVG,No government grant receipt,100,0.008172021997813857,0.1747937359786817,-0.3345597033641832,0.35090374735981095,1.0082055041129625,0.7156531166537541,1.4203506068366125,0.9627137904421215,FALSE
JPAES,Joint parental absence and socioeconomic status,A-path (class to pathway variable),Middle-late childhood (6-12 years),C612_C9,"Two-Parent, Higher SES vs Dual Absence, Higher SES",GOVG,No government grant receipt,100,0.16986693615636236,0.17975084947800013,-0.18257494595702253,0.5223088182697473,1.1851471405939968,0.8331222024477123,1.6859156324624296,0.34472526475667475,FALSE
JPAES,Joint parental absence and socioeconomic status,A-path (class to pathway variable),Middle-late childhood (6-12 years),C612_C2,"Paternal Absence, Higher SES vs Dual Absence, Higher SES",SCHL,School disengagement,100,-0.002982960234614015,0.3302977789005232,-0.6509093422875049,0.6449434218182769,0.9970214843708078,0.5215712742354972,1.9058791950419798,0.992795577458256,FALSE
JPAES,Joint parental absence and socioeconomic status,A-path (class to pathway variable),Middle-late childhood (6-12 years),C612_C3,"Paternal Absence, Moderate Low SES vs Dual Absence, Higher SES",SCHL,School disengagement,100,-0.15343342571484686,0.2665709062655712,-0.6761619425998744,0.36929509117018067,0.8577578669148449,0.5085651536481027,1.4467144533528138,0.5649507687200328,FALSE
JPAES,Joint parental absence and socioeconomic status,A-path (class to pathway variable),Middle-late childhood (6-12 years),C612_C4,"Late Dual Absence, Low SES vs Dual Absence, Higher SES",SCHL,School disengagement,100,-0.05972949549790434,0.30074151187081305,-0.649470929562799,0.5300119385669904,0.9420193195893244,0.5223220488256125,1.6989525915568036,0.8425867556917304,FALSE
JPAES,Joint parental absence and socioeconomic status,A-path (class to pathway variable),Middle-late childhood (6-12 years),C612_C5,"Maternal Absence, Moderate Low SES vs Dual Absence, Higher SES",SCHL,School disengagement,100,-0.06829547955237042,0.29438372947183006,-0.6454877726979962,0.5088968135932552,0.9339844594909511,0.5244066884471796,1.663455081310368,0.8165564147301672,FALSE
JPAES,Joint parental absence and socioeconomic status,A-path (class to pathway variable),Middle-late childhood (6-12 years),C612_C6,"Two-Parent, Low SES vs Dual Absence, Higher SES",SCHL,School disengagement,100,-0.24713823223679135,0.2782981968227951,-0.7928275183990331,0.29855105392545045,0.7810327221687943,0.4525633532775582,1.347904351248421,0.37459845712837403,FALSE
JPAES,Joint parental absence and socioeconomic status,A-path (class to pathway variable),Middle-late childhood (6-12 years),C612_C7,"Paternal Absence, Severe Low SES vs Dual Absence, Higher SES",SCHL,School disengagement,100,-0.058283185955766155,0.2742909257247393,-0.5961313901447733,0.479565018233241,0.9433827568586202,0.5509388862955699,1.61537159216007,0.8317438074862631,FALSE
JPAES,Joint parental absence and socioeconomic status,A-path (class to pathway variable),Middle-late childhood (6-12 years),C612_C8,"Dual Absence, Severe Low SES vs Dual Absence, Higher SES",SCHL,School disengagement,100,-0.29869618684980165,0.26475116978263147,-0.8178522622852646,0.2204598885856614,0.7417847391625841,0.4413786027153316,1.2466499188439022,0.2593383245067242,FALSE
JPAES,Joint parental absence and socioeconomic status,A-path (class to pathway variable),Middle-late childhood (6-12 years),C612_C9,"Two-Parent, Higher SES vs Dual Absence, Higher SES",SCHL,School disengagement,100,-0.14765136074642943,0.27960937001379477,-0.6958298254544086,0.4005271039615497,0.8627318447022683,0.498660475090931,1.492611251628985,0.5974828411122721,FALSE
JPAES,Joint parental absence and socioeconomic status,A-path (class to pathway variable),Middle-late childhood (6-12 years),C612_C2,"Paternal Absence, Higher SES vs Dual Absence, Higher SES",SCSP,Low social support,100,0.09197061869022573,0.3088647409057693,-0.5136832523196793,0.6976244897001307,1.0963326099195738,0.5982878703481871,2.0089746945288485,0.7659032789906632,FALSE
JPAES,Joint parental absence and socioeconomic status,A-path (class to pathway variable),Middle-late childhood (6-12 years),C612_C3,"Paternal Absence, Moderate Low SES vs Dual Absence, Higher SES",SCSP,Low social support,100,0.08881184358469932,0.27156762811571744,-0.443781395020429,0.6214050821898276,1.0928750055362657,0.641605663690871,1.8615418243897384,0.74367726988616,FALSE
JPAES,Joint parental absence and socioeconomic status,A-path (class to pathway variable),Middle-late childhood (6-12 years),C612_C4,"Late Dual Absence, Low SES vs Dual Absence, Higher SES",SCSP,Low social support,100,0.1915685230484397,0.3446685121127267,-0.48455877009040665,0.8676958161872861,1.2111478218375045,0.6159689207247112,2.381417303678068,0.5784336377388373,FALSE
JPAES,Joint parental absence and socioeconomic status,A-path (class to pathway variable),Middle-late childhood (6-12 years),C612_C5,"Maternal Absence, Moderate Low SES vs Dual Absence, Higher SES",SCSP,Low social support,100,-0.2825184511577276,0.30060304714743186,-0.8722175667082197,0.3071806643927644,0.7538827318217992,0.41802352559715045,1.3595865747680613,0.34746807349501596,FALSE
JPAES,Joint parental absence and socioeconomic status,A-path (class to pathway variable),Middle-late childhood (6-12 years),C612_C6,"Two-Parent, Low SES vs Dual Absence, Higher SES",SCSP,Low social support,100,-0.212182134774992,0.29187395175493064,-0.784602816007145,0.3602385464571609,0.8088173703804413,0.4563009012123881,1.433671370998755,0.4673354079776173,FALSE
JPAES,Joint parental absence and socioeconomic status,A-path (class to pathway variable),Middle-late childhood (6-12 years),C612_C7,"Paternal Absence, Severe Low SES vs Dual Absence, Higher SES",SCSP,Low social support,100,-0.21025846001908885,0.2832068542410546,-0.7656138672794957,0.3450969472413179,0.8103747694223229,0.4650483653587105,1.4121268148308366,0.45790552675408236,FALSE
JPAES,Joint parental absence and socioeconomic status,A-path (class to pathway variable),Middle-late childhood (6-12 years),C612_C8,"Dual Absence, Severe Low SES vs Dual Absence, Higher SES",SCSP,Low social support,100,-0.07980955556519599,0.27498033577385134,-0.619056435233092,0.4594373241027,0.9232921654988361,0.5384522625577375,1.5831829154587704,0.77166191706341,FALSE
JPAES,Joint parental absence and socioeconomic status,A-path (class to pathway variable),Middle-late childhood (6-12 years),C612_C9,"Two-Parent, Higher SES vs Dual Absence, Higher SES",SCSP,Low social support,100,0.06204768244872127,0.291401838288546,-0.5094371149898581,0.6335324798873007,1.0640130782675177,0.6008336839204573,1.8842549294792819,0.8314047458820164,FALSE
JPAES,Joint parental absence and socioeconomic status,A-path (class to pathway variable),Middle-late childhood (6-12 years),C612_C2,"Paternal Absence, Higher SES vs Dual Absence, Higher SES",VLNC,Violence exposure,100,0.39911083246653234,0.19331461405225797,0.020023570244478373,0.7781980946885863,1.4904988051121537,1.0202253867051494,2.1775449983806454,0.03907485535309174,TRUE
JPAES,Joint parental absence and socioeconomic status,A-path (class to pathway variable),Middle-late childhood (6-12 years),C612_C3,"Paternal Absence, Moderate Low SES vs Dual Absence, Higher SES",VLNC,Violence exposure,100,0.12559320871555096,0.16876934260095566,-0.20530406976590815,0.4564904871970101,1.133820846020161,0.8143996444493017,1.5785244009274642,0.45682358022381453,FALSE
JPAES,Joint parental absence and socioeconomic status,A-path (class to pathway variable),Middle-late childhood (6-12 years),C612_C4,"Late Dual Absence, Low SES vs Dual Absence, Higher SES",VLNC,Violence exposure,100,0.23591974929933474,0.19683327902503314,-0.15000742040883225,0.6218469190075018,1.2660727028684076,0.8607015896436838,1.8623645038370449,0.23077839843605674,FALSE
JPAES,Joint parental absence and socioeconomic status,A-path (class to pathway variable),Middle-late childhood (6-12 years),C612_C5,"Maternal Absence, Moderate Low SES vs Dual Absence, Higher SES",VLNC,Violence exposure,100,0.16298834397456757,0.19095635674863295,-0.2114378441180647,0.5374145320671999,1.1770229701988346,0.8094195896776732,1.711575911978327,0.39343304322793515,FALSE
JPAES,Joint parental absence and socioeconomic status,A-path (class to pathway variable),Middle-late childhood (6-12 years),C612_C6,"Two-Parent, Low SES vs Dual Absence, Higher SES",VLNC,Violence exposure,100,0.2580689017596343,0.18533037908706046,-0.10534283706898734,0.621480640588256,1.2944280039188805,0.9000159108705955,1.8616824848225684,0.16389726700555785,FALSE
JPAES,Joint parental absence and socioeconomic status,A-path (class to pathway variable),Middle-late childhood (6-12 years),C612_C7,"Paternal Absence, Severe Low SES vs Dual Absence, Higher SES",VLNC,Violence exposure,100,0.2169491964666425,0.1813552828074505,-0.13863828536691924,0.5725366783002043,1.242280988270947,0.8705428596063459,1.772758270072187,0.23168340241809138,FALSE
JPAES,Joint parental absence and socioeconomic status,A-path (class to pathway variable),Middle-late childhood (6-12 years),C612_C8,"Dual Absence, Severe Low SES vs Dual Absence, Higher SES",VLNC,Violence exposure,100,0.22147551167726795,0.17281452626754337,-0.11735609170013414,0.56030711505467,1.2479166884599782,0.8892684756531486,1.7512102407466061,0.20007820575866875,FALSE
JPAES,Joint parental absence and socioeconomic status,A-path (class to pathway variable),Middle-late childhood (6-12 years),C612_C9,"Two-Parent, Higher SES vs Dual Absence, Higher SES",VLNC,Violence exposure,100,-0.06513994652602317,0.18284477107489253,-0.4236605082368927,0.29338061518484637,0.9369363332170736,0.6546460911433155,1.340953080418036,0.7216734407740306,FALSE
UHSES,Univariate socioeconomic status,A-path (class to pathway variable),Early childhood (0-5 years),C05_C2,Chronic Low SES vs Improving from Low SES,DNKA,Alcohol use,100,-0.06826682434477689,0.14698790440671894,-0.356772133811409,0.22023848512185523,0.9340112233929877,0.6999319703950743,1.2463739367865356,0.6424536432220092,FALSE
UHSES,Univariate socioeconomic status,A-path (class to pathway variable),Early childhood (0-5 years),C05_C2,Chronic Low SES vs Improving from Low SES,ESXC,Ever had sexual intercourse,100,0.11865070519269198,0.1839877286780989,-0.24234042606663825,0.47964183645202224,1.125976551829217,0.7847889694500976,1.6154956868947568,0.5191317492845307,FALSE
UHSES,Univariate socioeconomic status,A-path (class to pathway variable),Early childhood (0-5 years),C05_C2,Chronic Low SES vs Improving from Low SES,FDSC,Food insecurity,100,0.0602840293675785,0.15556573455899045,-0.24489754044302114,0.3654655991781781,1.0621381821428029,0.7827847379106428,1.4411848664509832,0.6984372473276017,FALSE
UHSES,Univariate socioeconomic status,A-path (class to pathway variable),Early childhood (0-5 years),C05_C2,Chronic Low SES vs Improving from Low SES,GOVG,No government grant receipt,100,-0.2781333380921837,0.14259071758165728,-0.5578756417874564,0.0016089656030889854,0.7571958517326467,0.5724238063319325,1.0016102606827313,0.05133028911448445,FALSE
UHSES,Univariate socioeconomic status,A-path (class to pathway variable),Early childhood (0-5 years),C05_C2,Chronic Low SES vs Improving from Low SES,SCHL,School disengagement,100,0.18061161574948428,0.24522764187996826,-0.3006066583338649,0.6618298898328334,1.1979498240861495,0.7403689334299696,1.9383360325231407,0.46159514300805116,FALSE
UHSES,Univariate socioeconomic status,A-path (class to pathway variable),Early childhood (0-5 years),C05_C2,Chronic Low SES vs Improving from Low SES,SCSP,Low social support,100,-0.15625766687682652,0.23154861058023488,-0.6106636148518136,0.29814828109816055,0.8553387695052929,0.5429904129832721,1.3473615613198073,0.4999432829661563,FALSE
UHSES,Univariate socioeconomic status,A-path (class to pathway variable),Early childhood (0-5 years),C05_C2,Chronic Low SES vs Improving from Low SES,VLNC,Violence exposure,100,0.13934790839047023,0.13997302055037572,-0.135213996953993,0.41390981373493346,1.1495239594728868,0.8735289591486284,1.5127206941028155,0.3196359116064966,FALSE
UHSES,Univariate socioeconomic status,A-path (class to pathway variable),Middle-late childhood (6-12 years),C612_C2,Stable Higher SES vs Minimal Low SES,DNKA,Alcohol use,100,-0.10772608953080959,0.18425017967579224,-0.4692358290485201,0.25378364998690095,0.8978734997027343,0.6254800593945249,1.288892922100232,0.5588840247639069,FALSE
UHSES,Univariate socioeconomic status,A-path (class to pathway variable),Middle-late childhood (6-12 years),C612_C3,Early Improvement from Mild Low SES vs Minimal Low SES,DNKA,Alcohol use,100,-0.0683003591143857,0.20530730035606662,-0.4714403911614968,0.3348396729327254,0.9339799020669788,0.6241026685828146,1.3977162755061865,0.7394870013983885,FALSE
UHSES,Univariate socioeconomic status,A-path (class to pathway variable),Middle-late childhood (6-12 years),C612_C4,Persistent Moderate Low SES vs Minimal Low SES,DNKA,Alcohol use,100,0.023011819196820257,0.23791331243658445,-0.44412410495433485,0.4901477433479754,1.02327863380732,0.6413858167302943,1.6325574016347253,0.9229745410024524,FALSE
UHSES,Univariate socioeconomic status,A-path (class to pathway variable),Middle-late childhood (6-12 years),C612_C5,Improving from High Low SES vs Minimal Low SES,DNKA,Alcohol use,100,-0.11924313228876854,0.22937694119095797,-0.5696343282082177,0.33114806363068056,0.8875919722578666,0.565732273214474,1.39256596541725,0.6033366732277674,FALSE
UHSES,Univariate socioeconomic status,A-path (class to pathway variable),Middle-late childhood (6-12 years),C612_C6,Chronic Low SES vs Minimal Low SES,DNKA,Alcohol use,100,-0.16763875481457655,0.19338162442445841,-0.5470258467444236,0.2117483371152705,0.8456592698525882,0.5786683017990022,1.2358368316777322,0.3861732924633072,FALSE
UHSES,Univariate socioeconomic status,A-path (class to pathway variable),Middle-late childhood (6-12 years),C612_C7,Late Improvement from Chronic Low SES vs Minimal Low SES,DNKA,Alcohol use,100,-0.12124698548971523,0.23228908056288788,-0.577029671326117,0.3345357003466866,0.8858151490840839,0.5615639211357423,1.3972914726428558,0.6017997583905106,FALSE
UHSES,Univariate socioeconomic status,A-path (class to pathway variable),Middle-late childhood (6-12 years),C612_C2,Stable Higher SES vs Minimal Low SES,ESXC,Ever had sexual intercourse,100,0.029608890141886397,0.24953094813923368,-0.460100249525643,0.5193180298094158,1.0300515918294046,0.6312203627930018,1.6808809480346723,0.9055717935551413,FALSE
UHSES,Univariate socioeconomic status,A-path (class to pathway variable),Middle-late childhood (6-12 years),C612_C3,Early Improvement from Mild Low SES vs Minimal Low SES,ESXC,Ever had sexual intercourse,100,0.002734453482963501,0.2728720719334769,-0.5331527697174616,0.5386216766833887,1.0027381955109118,0.5867521560365173,1.7136432791802167,0.9920078157667749,FALSE
UHSES,Univariate socioeconomic status,A-path (class to pathway variable),Middle-late childhood (6-12 years),C612_C4,Persistent Moderate Low SES vs Minimal Low SES,ESXC,Ever had sexual intercourse,100,0.2610734494862089,0.2871216518405872,-0.3022862541688712,0.8244331531412891,1.2983230230906408,0.7391264565745782,2.280587654917936,0.36339983691329625,FALSE
UHSES,Univariate socioeconomic status,A-path (class to pathway variable),Middle-late childhood (6-12 years),C612_C5,Improving from High Low SES vs Minimal Low SES,ESXC,Ever had sexual intercourse,100,0.1665063364947649,0.27557179188346387,-0.37421618930985756,0.7072288622993873,1.1811710203306478,0.6878281946513244,2.028362591295322,0.545824652125235,FALSE
UHSES,Univariate socioeconomic status,A-path (class to pathway variable),Middle-late childhood (6-12 years),C612_C6,Chronic Low SES vs Minimal Low SES,ESXC,Ever had sexual intercourse,100,0.010320952433847012,0.23787889991152417,-0.4562068286484832,0.47684873351617724,1.010374397172036,0.63368275979497,1.6109897368693702,0.9653972088419147,FALSE
UHSES,Univariate socioeconomic status,A-path (class to pathway variable),Middle-late childhood (6-12 years),C612_C7,Late Improvement from Chronic Low SES vs Minimal Low SES,ESXC,Ever had sexual intercourse,100,-0.12688550061718498,0.28617178946669697,-0.6881993712126254,0.4344283699782555,0.8808345218325712,0.5024800349843603,1.544080164053012,0.6575445453449351,FALSE
UHSES,Univariate socioeconomic status,A-path (class to pathway variable),Middle-late childhood (6-12 years),C612_C2,Stable Higher SES vs Minimal Low SES,FDSC,Food insecurity,100,0.3948283410990617,0.21211493458515415,-0.021345716801817904,0.8110023989999413,1.4841294050308889,0.978880490632184,2.2501624171249177,0.06294337364679015,FALSE
UHSES,Univariate socioeconomic status,A-path (class to pathway variable),Middle-late childhood (6-12 years),C612_C3,Early Improvement from Mild Low SES vs Minimal Low SES,FDSC,Food insecurity,100,0.21039212374759186,0.2442085072408833,-0.2691797756382227,0.6899640231334064,1.2341619092791403,0.7640058936542612,1.9936438068955697,0.3892796653625723,FALSE
UHSES,Univariate socioeconomic status,A-path (class to pathway variable),Middle-late childhood (6-12 years),C612_C4,Persistent Moderate Low SES vs Minimal Low SES,FDSC,Food insecurity,100,0.5729943579083101,0.25304471742515894,0.07640110418736368,1.0695876116292564,1.7735698110812192,1.079395437369607,2.9141774792416233,0.023774953833597623,TRUE
UHSES,Univariate socioeconomic status,A-path (class to pathway variable),Middle-late childhood (6-12 years),C612_C5,Improving from High Low SES vs Minimal Low SES,FDSC,Food insecurity,100,0.46667664525076097,0.2519423305512614,-0.02789451012781269,0.9612478006293346,1.5946856708539934,0.9724909493363914,2.6149573839863076,0.06436104610148519,FALSE
UHSES,Univariate socioeconomic status,A-path (class to pathway variable),Middle-late childhood (6-12 years),C612_C6,Chronic Low SES vs Minimal Low SES,FDSC,Food insecurity,100,0.9181113412986519,0.21120385277169543,0.503853916159506,1.332368766437798,2.50455566935016,1.6550875639483111,3.7900104124460277,1.4646091894832125e-5,TRUE
UHSES,Univariate socioeconomic status,A-path (class to pathway variable),Middle-late childhood (6-12 years),C612_C7,Late Improvement from Chronic Low SES vs Minimal Low SES,FDSC,Food insecurity,100,0.6185402908711031,0.25938284755720503,0.10949622538461445,1.1275843563575916,1.8562165271065694,1.1157158595289502,3.0881875220078547,0.01729455397102697,TRUE
UHSES,Univariate socioeconomic status,A-path (class to pathway variable),Middle-late childhood (6-12 years),C612_C2,Stable Higher SES vs Minimal Low SES,GOVG,No government grant receipt,100,-0.3005111735744976,0.18564850872427424,-0.6647868264392516,0.06376447929025642,0.7404396307546259,0.5143831689116197,1.0658413414888508,0.10580371880230732,FALSE
UHSES,Univariate socioeconomic status,A-path (class to pathway variable),Middle-late childhood (6-12 years),C612_C3,Early Improvement from Mild Low SES vs Minimal Low SES,GOVG,No government grant receipt,100,-0.22026766556710028,0.20696108430565277,-0.6266536260059611,0.1861182948717605,0.8023040200589202,0.5343770377281379,1.2045647457819466,0.2875865831257247,FALSE
UHSES,Univariate socioeconomic status,A-path (class to pathway variable),Middle-late childhood (6-12 years),C612_C4,Persistent Moderate Low SES vs Minimal Low SES,GOVG,No government grant receipt,100,-0.17548755936009708,0.23061123327962663,-0.6280331854860383,0.2770580667658441,0.8390478354005162,0.5336403410950558,1.3192429729837274,0.4468587999505791,FALSE
UHSES,Univariate socioeconomic status,A-path (class to pathway variable),Middle-late childhood (6-12 years),C612_C5,Improving from High Low SES vs Minimal Low SES,GOVG,No government grant receipt,100,-0.16356244854859625,0.21745501561432243,-0.5902424278013778,0.2631175307041853,0.849113471441969,0.5541929166775595,1.300979615016841,0.452113883285282,FALSE
UHSES,Univariate socioeconomic status,A-path (class to pathway variable),Middle-late childhood (6-12 years),C612_C6,Chronic Low SES vs Minimal Low SES,GOVG,No government grant receipt,100,-0.1884314293990581,0.18750404619997985,-0.5561565801523006,0.17929372135418442,0.828257295591977,0.5734086844269815,1.1963720925972354,0.3150452337843479,FALSE
UHSES,Univariate socioeconomic status,A-path (class to pathway variable),Middle-late childhood (6-12 years),C612_C7,Late Improvement from Chronic Low SES vs Minimal Low SES,GOVG,No government grant receipt,100,-0.23609153367635677,0.23317352671232103,-0.6935825062219297,0.2213994388692162,0.7897083857126559,0.49978238453924173,1.2478217595440726,0.31150419482285074,FALSE
UHSES,Univariate socioeconomic status,A-path (class to pathway variable),Middle-late childhood (6-12 years),C612_C2,Stable Higher SES vs Minimal Low SES,SCHL,School disengagement,100,0.10597301333922828,0.33531865833592117,-0.5520219943804213,0.7639680210588778,1.111791872551566,0.5757843997300666,2.1467778016410395,0.7520394274352893,FALSE
UHSES,Univariate socioeconomic status,A-path (class to pathway variable),Middle-late childhood (6-12 years),C612_C3,Early Improvement from Mild Low SES vs Minimal Low SES,SCHL,School disengagement,100,0.06833445070233234,0.3603382735071786,-0.6391413576497269,0.7758102590543916,1.0707233527786935,0.5277453740825245,2.1723515818186487,0.8496465450582908,FALSE
UHSES,Univariate socioeconomic status,A-path (class to pathway variable),Middle-late childhood (6-12 years),C612_C4,Persistent Moderate Low SES vs Minimal Low SES,SCHL,School disengagement,100,-0.24613000798187834,0.393628815568898,-1.0187999531475138,0.5265399371837572,0.7818205754027967,0.36102793074858114,1.6930640542291682,0.531963055715202,FALSE
UHSES,Univariate socioeconomic status,A-path (class to pathway variable),Middle-late childhood (6-12 years),C612_C5,Improving from High Low SES vs Minimal Low SES,SCHL,School disengagement,100,-0.12847020781147292,0.35875364275642013,-0.8323185197759326,0.5753781041529868,0.8794397624633371,0.4350394685215466,1.7778025943944102,0.720329841365573,FALSE
UHSES,Univariate socioeconomic status,A-path (class to pathway variable),Middle-late childhood (6-12 years),C612_C6,Chronic Low SES vs Minimal Low SES,SCHL,School disengagement,100,-0.11371210297386494,0.32691839592435584,-0.7550540055725381,0.5276297996248083,0.8925148712752665,0.46998523222359506,1.694910267028416,0.7280236613754583,FALSE
UHSES,Univariate socioeconomic status,A-path (class to pathway variable),Middle-late childhood (6-12 years),C612_C7,Late Improvement from Chronic Low SES vs Minimal Low SES,SCHL,School disengagement,100,-0.2508964260881979,0.3831857833359887,-1.0027673536963804,0.5009745015199845,0.7781029585527323,0.3668627959972943,1.650328735195542,0.5127585112657251,FALSE
UHSES,Univariate socioeconomic status,A-path (class to pathway variable),Middle-late childhood (6-12 years),C612_C2,Stable Higher SES vs Minimal Low SES,SCSP,Low social support,100,0.14375453681604342,0.287721019030736,-0.4207804256947899,0.7082894993268768,1.1546006617838271,0.6565342436340202,2.0305150890724586,0.6174329113976125,FALSE
UHSES,Univariate socioeconomic status,A-path (class to pathway variable),Middle-late childhood (6-12 years),C612_C3,Early Improvement from Mild Low SES vs Minimal Low SES,SCSP,Low social support,100,0.21134554926340784,0.3225103686122641,-0.4216989167755484,0.8443900153023641,1.2353391518514705,0.6559314996368967,2.3265582167374057,0.5124496950516,FALSE
UHSES,Univariate socioeconomic status,A-path (class to pathway variable),Middle-late childhood (6-12 years),C612_C4,Persistent Moderate Low SES vs Minimal Low SES,SCSP,Low social support,100,0.19155949005513667,0.35835818109833517,-0.5116666113113575,0.8947855914216307,1.2111368815967525,0.5994956195913281,2.446811115924164,0.5930823935979355,FALSE
UHSES,Univariate socioeconomic status,A-path (class to pathway variable),Middle-late childhood (6-12 years),C612_C5,Improving from High Low SES vs Minimal Low SES,SCSP,Low social support,100,0.178992247968617,0.346659828455225,-0.5013425794720757,0.8593270754093097,1.1960114726134767,0.6057168904968769,2.3615709996953314,0.6057451109349179,FALSE
UHSES,Univariate socioeconomic status,A-path (class to pathway variable),Middle-late childhood (6-12 years),C612_C6,Chronic Low SES vs Minimal Low SES,SCSP,Low social support,100,-0.06027064468155008,0.287131736536607,-0.6233393967416501,0.5027981073785499,0.9415096845102905,0.5361510238192558,1.653341030130157,0.8337599983893638,FALSE
UHSES,Univariate socioeconomic status,A-path (class to pathway variable),Middle-late childhood (6-12 years),C612_C7,Late Improvement from Chronic Low SES vs Minimal Low SES,SCSP,Low social support,100,0.1086945286736375,0.38323234828998076,-0.64365742584626,0.8610464831935349,1.1148217522433044,0.5253674135402672,2.365634996087503,0.7767765892749416,FALSE
UHSES,Univariate socioeconomic status,A-path (class to pathway variable),Middle-late childhood (6-12 years),C612_C2,Stable Higher SES vs Minimal Low SES,VLNC,Violence exposure,100,-0.25248340466668306,0.1801893986750761,-0.6059170766231058,0.10095026728973966,0.7768691051340805,0.5455738641107414,1.1062216249958088,0.16134599807560046,FALSE
UHSES,Univariate socioeconomic status,A-path (class to pathway variable),Middle-late childhood (6-12 years),C612_C3,Early Improvement from Mild Low SES vs Minimal Low SES,VLNC,Violence exposure,100,-0.1693025469126215,0.20282961196336696,-0.5675231339780752,0.2289180401528322,0.8442534384716427,0.5669279055874815,1.257238991671414,0.4041667899457173,FALSE
UHSES,Univariate socioeconomic status,A-path (class to pathway variable),Middle-late childhood (6-12 years),C612_C4,Persistent Moderate Low SES vs Minimal Low SES,VLNC,Violence exposure,100,-0.10218220101677852,0.24014731229047545,-0.573738383380373,0.36937398134681587,0.9028650337545024,0.5634152346318302,1.4468285894136275,0.670614203918984,FALSE
UHSES,Univariate socioeconomic status,A-path (class to pathway variable),Middle-late childhood (6-12 years),C612_C5,Improving from High Low SES vs Minimal Low SES,VLNC,Violence exposure,100,-0.24531115777491946,0.22712605568147912,-0.6912031453158257,0.2005808297659868,0.7824610315257982,0.5009729630528684,1.2221123913064444,0.28046645822230887,FALSE
UHSES,Univariate socioeconomic status,A-path (class to pathway variable),Middle-late childhood (6-12 years),C612_C6,Chronic Low SES vs Minimal Low SES,VLNC,Violence exposure,100,-0.10325386507807628,0.18018570682623472,-0.4565771051192071,0.2500693749630546,0.9018979840144031,0.6334481654141846,1.2841144989935904,0.5666666154427582,FALSE
UHSES,Univariate socioeconomic status,A-path (class to pathway variable),Middle-late childhood (6-12 years),C612_C7,Late Improvement from Chronic Low SES vs Minimal Low SES,VLNC,Violence exposure,100,-0.08044557755724374,0.21888789362187006,-0.5097636098545928,0.34887245474010536,0.9227051180838162,0.6006375468287167,1.4174683874380865,0.7132772656915756,FALSE
ULWOF,Univariate lived without father,A-path (class to pathway variable),Early childhood (0-5 years),C05_C2,Declining Paternal Absence vs Stable Low Paternal Absence,DNKA,Alcohol use,100,-0.0571630718400682,0.21767854460919261,-0.48427337364332046,0.3699472299631841,0.944440045232355,0.6161447411542711,1.44765821967011,0.792905459094736,FALSE
ULWOF,Univariate lived without father,A-path (class to pathway variable),Early childhood (0-5 years),C05_C3,Stable High Paternal Absence vs Stable Low Paternal Absence,DNKA,Alcohol use,100,-0.04096822150401617,0.13977974921228817,-0.3149809529326044,0.23304450992457207,0.9598596323586079,0.7298027747393108,1.262437669082179,0.769461473203543,FALSE
ULWOF,Univariate lived without father,A-path (class to pathway variable),Early childhood (0-5 years),C05_C2,Declining Paternal Absence vs Stable Low Paternal Absence,ESXC,Ever had sexual intercourse,100,-0.18888538371344304,0.2581173874047768,-0.6952143042914771,0.3174435368645911,0.8278813899476721,0.4989675056486763,1.3736116842531865,0.46442207300993843,FALSE
ULWOF,Univariate lived without father,A-path (class to pathway variable),Early childhood (0-5 years),C05_C3,Stable High Paternal Absence vs Stable Low Paternal Absence,ESXC,Ever had sexual intercourse,100,0.10295423029414724,0.16702467690827902,-0.22445294900106344,0.4303614095893579,1.1084406749113263,0.7989531673602037,1.5378132035665995,0.5376455587119735,FALSE
ULWOF,Univariate lived without father,A-path (class to pathway variable),Early childhood (0-5 years),C05_C2,Declining Paternal Absence vs Stable Low Paternal Absence,FDSC,Food insecurity,100,0.29312521039243816,0.21423970631319997,-0.12720309436355742,0.7134535151484338,1.3406106383074423,0.8805548187151797,2.041027821715225,0.1715033890971691,FALSE
ULWOF,Univariate lived without father,A-path (class to pathway variable),Early childhood (0-5 years),C05_C3,Stable High Paternal Absence vs Stable Low Paternal Absence,FDSC,Food insecurity,100,0.09584368838775051,0.1453037423235285,-0.18900331238865034,0.3806906891641514,1.1005870160168865,0.8277837647486451,1.4632949224279126,0.5095297036003537,FALSE
ULWOF,Univariate lived without father,A-path (class to pathway variable),Early childhood (0-5 years),C05_C2,Declining Paternal Absence vs Stable Low Paternal Absence,GOVG,No government grant receipt,100,0.2638795547012459,0.22346276761303963,-0.17449654309954765,0.7022556525020395,1.3019713705259277,0.8398797576049061,2.018300160612492,0.2378661803282558,FALSE
ULWOF,Univariate lived without father,A-path (class to pathway variable),Early childhood (0-5 years),C05_C3,Stable High Paternal Absence vs Stable Low Paternal Absence,GOVG,No government grant receipt,100,-0.020017666853023485,0.14121670324910554,-0.2968419505407978,0.25680661683475087,0.980181356433828,0.7431614593472289,1.2927950977764082,0.8872801689244549,FALSE
ULWOF,Univariate lived without father,A-path (class to pathway variable),Early childhood (0-5 years),C05_C2,Declining Paternal Absence vs Stable Low Paternal Absence,SCHL,School disengagement,100,0.28623675086212513,0.3132221299915879,-0.3286632682334489,0.9011367699576991,1.3314076298460973,0.7198853842155136,2.4624007038899975,0.36109258935182087,FALSE
ULWOF,Univariate lived without father,A-path (class to pathway variable),Early childhood (0-5 years),C05_C3,Stable High Paternal Absence vs Stable Low Paternal Absence,SCHL,School disengagement,100,-0.10644303905456756,0.1967496852837443,-0.49217814707507324,0.27929206896593817,0.899026256088307,0.6112934559905157,1.3221934591570341,0.5885315877098569,FALSE
ULWOF,Univariate lived without father,A-path (class to pathway variable),Early childhood (0-5 years),C05_C2,Declining Paternal Absence vs Stable Low Paternal Absence,SCSP,Low social support,100,0.17808642271473246,0.35872166796410254,-0.5259061347249006,0.8820789801543656,1.1949285857448284,0.5910195782933045,2.4159171328187985,0.619695473768672,FALSE
ULWOF,Univariate lived without father,A-path (class to pathway variable),Early childhood (0-5 years),C05_C3,Stable High Paternal Absence vs Stable Low Paternal Absence,SCSP,Low social support,100,0.055457566267526084,0.2200805469192728,-0.37599792553236666,0.4869130580674188,1.0570241626402233,0.6866037573780953,1.6272851239146309,0.8010611235261158,FALSE
ULWOF,Univariate lived without father,A-path (class to pathway variable),Early childhood (0-5 years),C05_C2,Declining Paternal Absence vs Stable Low Paternal Absence,VLNC,Violence exposure,100,-0.08519813748535704,0.22231721662381856,-0.5215912747433156,0.3511949997726015,0.9183303107156561,0.5935752547479112,1.420764347626439,0.7016525510413629,FALSE
ULWOF,Univariate lived without father,A-path (class to pathway variable),Early childhood (0-5 years),C05_C3,Stable High Paternal Absence vs Stable Low Paternal Absence,VLNC,Violence exposure,100,-0.2244952767343414,0.13751277140301624,-0.49405621985585535,0.045065666387172576,0.7989193501993411,0.6101464797792814,1.0460965510344833,0.1026049416363497,FALSE
ULWOF,Univariate lived without father,A-path (class to pathway variable),Middle-late childhood (6-12 years),C612_C2,Stable Low Paternal Absence vs Rising Paternal Absence,DNKA,Alcohol use,100,-0.41934960209577077,0.17412628423350163,-0.7606677480881117,-0.07803145610342987,0.6574743006909085,0.4673542478875051,0.924935331224484,0.016042742074943828,TRUE
ULWOF,Univariate lived without father,A-path (class to pathway variable),Middle-late childhood (6-12 years),C612_C3,Declining Paternal Absence vs Rising Paternal Absence,DNKA,Alcohol use,100,-0.17229208992432765,0.24339340688824734,-0.6494349510015753,0.30485077115292003,0.841733275449395,0.5223408415594905,1.3564225705258641,0.47905165520407555,FALSE
ULWOF,Univariate lived without father,A-path (class to pathway variable),Middle-late childhood (6-12 years),C612_C4,Stable High Paternal Absence vs Rising Paternal Absence,DNKA,Alcohol use,100,-0.05566258245732232,0.1828897146426539,-0.4141896838528865,0.3028645189382419,0.9458582312132864,0.6608755819493581,1.353731047098185,0.760871042171873,FALSE
ULWOF,Univariate lived without father,A-path (class to pathway variable),Middle-late childhood (6-12 years),C612_C2,Stable Low Paternal Absence vs Rising Paternal Absence,ESXC,Ever had sexual intercourse,100,-0.009802563379869957,0.21218337046909955,-0.42570019990521074,0.40609507314547083,0.9902453251400485,0.6533121758159652,1.500945245260432,0.9631524748248217,FALSE
ULWOF,Univariate lived without father,A-path (class to pathway variable),Middle-late childhood (6-12 years),C612_C3,Declining Paternal Absence vs Rising Paternal Absence,ESXC,Ever had sexual intercourse,100,-0.016391524954531486,0.2927886975197148,-0.590331113118445,0.5575480632093821,0.9837420850705233,0.5541437700823505,1.7463852202021242,0.955355794683517,FALSE
ULWOF,Univariate lived without father,A-path (class to pathway variable),Middle-late childhood (6-12 years),C612_C4,Stable High Paternal Absence vs Rising Paternal Absence,ESXC,Ever had sexual intercourse,100,-0.10610829621434487,0.21782689062108423,-0.5330685248999039,0.3208519324712142,0.8993272490655162,0.5868015889470583,1.378301484089401,0.6261774480031645,FALSE
ULWOF,Univariate lived without father,A-path (class to pathway variable),Middle-late childhood (6-12 years),C612_C2,Stable Low Paternal Absence vs Rising Paternal Absence,FDSC,Food insecurity,100,0.1904508365213529,0.1842447278896679,-0.170691330097862,0.5515930031405678,1.209794894449925,0.8430817672791558,1.736016295739066,0.3013005538886837,FALSE
ULWOF,Univariate lived without father,A-path (class to pathway variable),Middle-late childhood (6-12 years),C612_C3,Declining Paternal Absence vs Rising Paternal Absence,FDSC,Food insecurity,100,0.21385373871291793,0.2508883377022614,-0.2779472121962179,0.7056546896220538,1.2384415054976408,0.7573367986054966,2.025172110167329,0.3940234262517355,FALSE
ULWOF,Univariate lived without father,A-path (class to pathway variable),Middle-late childhood (6-12 years),C612_C4,Stable High Paternal Absence vs Rising Paternal Absence,FDSC,Food insecurity,100,0.10167030658997192,0.19527413864745988,-0.2811170982487222,0.484457711428666,1.1070184348733598,0.7549399281606598,1.623294476072095,0.6026218762790965,FALSE
ULWOF,Univariate lived without father,A-path (class to pathway variable),Middle-late childhood (6-12 years),C612_C2,Stable Low Paternal Absence vs Rising Paternal Absence,GOVG,No government grant receipt,100,0.6888417459264229,0.1775984564880241,0.34073693056016635,1.0369465612926794,1.9914076409260015,1.4059833209623311,2.820591349280104,1.0532997021650559e-4,TRUE
ULWOF,Univariate lived without father,A-path (class to pathway variable),Middle-late childhood (6-12 years),C612_C3,Declining Paternal Absence vs Rising Paternal Absence,GOVG,No government grant receipt,100,0.5589258566450127,0.24889732896984498,0.07100537485793579,1.0468463384320896,1.7487930366505497,1.0735869962304363,2.8486532491317713,0.02476252288163261,TRUE
ULWOF,Univariate lived without father,A-path (class to pathway variable),Middle-late childhood (6-12 years),C612_C4,Stable High Paternal Absence vs Rising Paternal Absence,GOVG,No government grant receipt,100,0.43521846910271283,0.18701117361363812,0.06861477463095034,0.8018221635744753,1.545300622516814,1.0710235442288651,2.2295999250606346,0.019983572501783176,TRUE
ULWOF,Univariate lived without father,A-path (class to pathway variable),Middle-late childhood (6-12 years),C612_C2,Stable Low Paternal Absence vs Rising Paternal Absence,SCHL,School disengagement,100,-0.11602472190587992,0.2367826377282758,-0.5801542593052273,0.34810481549346745,0.8904532093249287,0.5598120036936873,1.4163807006019837,0.6241386626003362,FALSE
ULWOF,Univariate lived without father,A-path (class to pathway variable),Middle-late childhood (6-12 years),C612_C3,Declining Paternal Absence vs Rising Paternal Absence,SCHL,School disengagement,100,0.4090247659897959,0.3490988159591948,-0.2754668466981787,1.0935163786777706,1.5053490014819175,0.7592176022471251,2.9847511563950793,0.24142513264971188,FALSE
ULWOF,Univariate lived without father,A-path (class to pathway variable),Middle-late childhood (6-12 years),C612_C4,Stable High Paternal Absence vs Rising Paternal Absence,SCHL,School disengagement,100,0.01831498023931599,0.2559903454547387,-0.4835074457147668,0.5201374061933988,1.0184837281203363,0.6166168443950015,1.6822587865948797,0.9429656755137801,FALSE
ULWOF,Univariate lived without father,A-path (class to pathway variable),Middle-late childhood (6-12 years),C612_C2,Stable Low Paternal Absence vs Rising Paternal Absence,SCSP,Low social support,100,-0.14005084007587756,0.28384328445991286,-0.6964143054068472,0.41631262525509216,0.8693140382836553,0.4983691031989764,1.516359847161947,0.6217301752692816,FALSE
ULWOF,Univariate lived without father,A-path (class to pathway variable),Middle-late childhood (6-12 years),C612_C3,Declining Paternal Absence vs Rising Paternal Absence,SCSP,Low social support,100,-0.03819077417131317,0.38661735914031453,-0.7960975905963672,0.7197160422537408,0.9625292976454395,0.45108585551726593,2.053849921238245,0.9213147403716171,FALSE
ULWOF,Univariate lived without father,A-path (class to pathway variable),Middle-late childhood (6-12 years),C612_C4,Stable High Paternal Absence vs Rising Paternal Absence,SCSP,Low social support,100,-0.11442667334715978,0.29464480699222984,-0.6919777064135211,0.46312435971920146,0.8918773344001373,0.5005850791239838,1.589030941570834,0.6977604570909599,FALSE
ULWOF,Univariate lived without father,A-path (class to pathway variable),Middle-late childhood (6-12 years),C612_C2,Stable Low Paternal Absence vs Rising Paternal Absence,VLNC,Violence exposure,100,-0.11400142112237274,0.17317031145324113,-0.4534351990732791,0.22543235682853366,0.892256687875566,0.63544152987700675,1.2528642835364712,0.5103424119521787,FALSE
ULWOF,Univariate lived without father,A-path (class to pathway variable),Middle-late childhood (6-12 years),C612_C3,Declining Paternal Absence vs Rising Paternal Absence,VLNC,Violence exposure,100,-0.14150310148646364,0.25266200085672547,-0.6368387990918916,0.3538325961189642,0.86805248332769,0.5289619387782059,1.4245166968947438,0.5754726455578822,FALSE
ULWOF,Univariate lived without father,A-path (class to pathway variable),Middle-late childhood (6-12 years),C612_C4,Stable High Paternal Absence vs Rising Paternal Absence,VLNC,Violence exposure,100,0.10732524794011418,0.1839461057297988,-0.25325800043521174,0.46790849631544007,1.1132962929260155,0.7762675786125682,1.596651296525939,0.5596002175011661,FALSE
ULWOM,Univariate lived without mother,A-path (class to pathway variable),Early childhood (0-5 years),C05_C2,Stable High Maternal Absence vs Late-Onset Maternal Absence,DNKA,Alcohol use,100,0.07121487663229617,0.18081165489990042,-0.28345856143030035,0.42588831469489263,1.0738119381731221,0.7531743319604658,1.5309497809912647,0.6937393292438647,FALSE
ULWOM,Univariate lived without mother,A-path (class to pathway variable),Early childhood (0-5 years),C05_C3,Stable Low Maternal Absence vs Late-Onset Maternal Absence,DNKA,Alcohol use,100,-0.1493604994560493,0.14295652657912225,-0.4296388838783985,0.1309178849662999,0.8612585756796612,0.6507440464645471,1.1398741766624378,0.2961830263309839,FALSE
ULWOM,Univariate lived without mother,A-path (class to pathway variable),Early childhood (0-5 years),C05_C4,"Early Peak, Declining Maternal Absence vs Late-Onset Maternal Absence",DNKA,Alcohol use,100,-0.1150487615211812,0.18731752337678,-0.4823709854162107,0.2522734623738483,0.8913226805974022,0.6173180033022432,1.2869479210026658,0.5391476814149299,FALSE
ULWOM,Univariate lived without mother,A-path (class to pathway variable),Early childhood (0-5 years),C05_C2,Stable High Maternal Absence vs Late-Onset Maternal Absence,ESXC,Ever had sexual intercourse,100,0.16237372765844177,0.23087039120672204,-0.2905356153168455,0.6152830706337291,1.1762997749434632,0.747862893463908,1.8501802571366899,0.4819847981018719,FALSE
ULWOM,Univariate lived without mother,A-path (class to pathway variable),Early childhood (0-5 years),C05_C3,Stable Low Maternal Absence vs Late-Onset Maternal Absence,ESXC,Ever had sexual intercourse,100,0.04584351228360565,0.18136877936890208,-0.3097690382949644,0.4014560628621757,1.0469105694933942,0.733616373947602,1.493998470371199,0.8004669766209216,FALSE
ULWOM,Univariate lived without mother,A-path (class to pathway variable),Early childhood (0-5 years),C05_C4,"Early Peak, Declining Maternal Absence vs Late-Onset Maternal Absence",ESXC,Ever had sexual intercourse,100,-0.007654425046069964,0.23950361611103618,-0.47744185759443764,0.46213300750229774,0.9923747954623934,0.6203683542560601,1.587456432799509,0.9745084565196751,FALSE
ULWOM,Univariate lived without mother,A-path (class to pathway variable),Early childhood (0-5 years),C05_C2,Stable High Maternal Absence vs Late-Onset Maternal Absence,FDSC,Food insecurity,100,0.20321044254398518,0.19292554379607438,-0.17520052169055333,0.5816214067785237,1.2253303027430054,0.8392887083039698,1.7889366745495192,0.29235654688085333,FALSE
ULWOM,Univariate lived without mother,A-path (class to pathway variable),Early childhood (0-5 years),C05_C3,Stable Low Maternal Absence vs Late-Onset Maternal Absence,FDSC,Food insecurity,100,0.26927235459582055,0.15671972335353926,-0.03802380113291959,0.5765685103245607,1.3090116078289546,0.9626900275052134,1.7799201617071552,0.08587332809195658,FALSE
ULWOM,Univariate lived without mother,A-path (class to pathway variable),Early childhood (0-5 years),C05_C4,"Early Peak, Declining Maternal Absence vs Late-Onset Maternal Absence",FDSC,Food insecurity,100,0.2254605944906549,0.20634268455616733,-0.1793226148409757,0.6302438038222855,1.2528996619942936,0.8358362027316752,1.8780684037077384,0.27473977918135994,FALSE
ULWOM,Univariate lived without mother,A-path (class to pathway variable),Early childhood (0-5 years),C05_C2,Stable High Maternal Absence vs Late-Onset Maternal Absence,GOVG,No government grant receipt,100,0.08657282869919118,0.1843383249600985,-0.27493845826771046,0.44808411566609285,1.0904307794812442,0.759618870047656,1.5653103572393843,0.6386618212456456,FALSE
ULWOM,Univariate lived without mother,A-path (class to pathway variable),Early childhood (0-5 years),C05_C3,Stable Low Maternal Absence vs Late-Onset Maternal Absence,GOVG,No government grant receipt,100,-0.05959806373128286,0.14714740604914756,-0.34809577850903434,0.22889965104646864,0.9421431389894126,0.7060312503553934,1.2572158723824438,0.685484051349736,FALSE
ULWOM,Univariate lived without mother,A-path (class to pathway variable),Early childhood (0-5 years),C05_C4,"Early Peak, Declining Maternal Absence vs Late-Onset Maternal Absence",GOVG,No government grant receipt,100,-0.08552983446741896,0.19173472954238582,-0.46152741309112927,0.29046774415629134,0.9180257538361469,0.6303201506172355,1.3370527403909735,0.6555798013449461,FALSE
ULWOM,Univariate lived without mother,A-path (class to pathway variable),Early childhood (0-5 years),C05_C2,Stable High Maternal Absence vs Late-Onset Maternal Absence,SCHL,School disengagement,100,0.13501754638026314,0.2765814847617304,-0.40762284965101986,0.6776579424115461,1.1445568670051463,0.6652297231386515,1.9692602062755322,0.6255223271710295,FALSE
ULWOM,Univariate lived without mother,A-path (class to pathway variable),Early childhood (0-5 years),C05_C3,Stable Low Maternal Absence vs Late-Onset Maternal Absence,SCHL,School disengagement,100,-0.13931531363142055,0.22367725783018255,-0.5779361012912497,0.2993054740284087,0.8699536769540921,0.56105513339535,1.348921621064019,0.5334484025619277,FALSE
ULWOM,Univariate lived without mother,A-path (class to pathway variable),Early childhood (0-5 years),C05_C4,"Early Peak, Declining Maternal Absence vs Late-Onset Maternal Absence",SCHL,School disengagement,100,-0.09608086141482046,0.2897770905283076,-0.6645093829758728,0.4723476601462319,0.9083905593530004,0.5145259009586274,1.60375484846196,0.7402634073177308,FALSE
ULWOM,Univariate lived without mother,A-path (class to pathway variable),Early childhood (0-5 years),C05_C2,Stable High Maternal Absence vs Late-Onset Maternal Absence,SCSP,Low social support,100,0.4103419601463521,0.2948567733570476,-0.16801922804512687,0.988703148337831,1.507333144854401,0.8453375803392474,2.687746602564206,0.16422382972395821,FALSE
ULWOM,Univariate lived without mother,A-path (class to pathway variable),Early childhood (0-5 years),C05_C3,Stable Low Maternal Absence vs Late-Onset Maternal Absence,SCSP,Low social support,100,9.985362617054231e-4,0.21629955970740256,-0.4230485414361702,0.42504561395958107,1.0009990349650157,0.6550468354259096,1.5296601919302395,0.9963168115975023,FALSE
ULWOM,Univariate lived without mother,A-path (class to pathway variable),Early childhood (0-5 years),C05_C4,"Early Peak, Declining Maternal Absence vs Late-Onset Maternal Absence",SCSP,Low social support,100,0.038474896848790664,0.2959203082186459,-0.5419096681809176,0.6188594618784989,1.0392246402172542,0.5816364584955196,1.8568090721620416,0.8965669427602412,FALSE
ULWOM,Univariate lived without mother,A-path (class to pathway variable),Early childhood (0-5 years),C05_C2,Stable High Maternal Absence vs Late-Onset Maternal Absence,VLNC,Violence exposure,100,0.07952002637585015,0.17577985194141016,-0.26518997899455277,0.42423003174625307,1.0827672432160862,0.7670602108049933,1.5284131368923448,0.6510364071567498,FALSE
ULWOM,Univariate lived without mother,A-path (class to pathway variable),Early childhood (0-5 years),C05_C3,Stable Low Maternal Absence vs Late-Onset Maternal Absence,VLNC,Violence exposure,100,-0.07931103649703816,0.1449621241868373,-0.36355014590085577,0.20492807290677942,0.9237525589967519,0.695203864717987,1.227436775828628,0.5843414047802811,FALSE
ULWOM,Univariate lived without mother,A-path (class to pathway variable),Early childhood (0-5 years),C05_C4,"Early Peak, Declining Maternal Absence vs Late-Onset Maternal Absence",VLNC,Violence exposure,100,-0.08151936695097815,0.18900813308885703,-0.4522081874239813,0.28916945352202494,0.9217148588745406,0.6362217025792276,1.3353179836934599,0.6662993029212392,FALSE
ULWOM,Univariate lived without mother,A-path (class to pathway variable),Middle-late childhood (6-12 years),C612_C2,Declining Maternal Absence vs Stable High Maternal Absence,DNKA,Alcohol use,100,0.0960769339222446,0.16004560947992807,-0.21769617566666605,0.4098500435111552,1.100843752963904,0.8043697916606483,1.5065918449494893,0.5483318969987683,FALSE
ULWOM,Univariate lived without mother,A-path (class to pathway variable),Middle-late childhood (6-12 years),C612_C3,Stable Low Maternal Absence vs Stable High Maternal Absence,DNKA,Alcohol use,100,-0.06620460542745536,0.11386588715027184,-0.2893865122779607,0.15697730142304994,0.9359393464294414,0.74872275892985,1.1699690569668437,0.560957573890718,FALSE
ULWOM,Univariate lived without mother,A-path (class to pathway variable),Middle-late childhood (6-12 years),C612_C4,Late-Onset Maternal Absence vs Stable High Maternal Absence,DNKA,Alcohol use,100,0.1727937982409228,0.1876860993883993,-0.19520239232357947,0.5407899888054251,1.1886209840749167,0.822668139489261,1.7173630240018143,0.35730044703497477,FALSE
ULWOM,Univariate lived without mother,A-path (class to pathway variable),Middle-late childhood (6-12 years),C612_C5,Mid-Childhood Onset Maternal Absence vs Stable High Maternal Absence,DNKA,Alcohol use,100,0.06089401822233453,0.19017468649403646,-0.31195396551522864,0.4337420019598977,1.0627862722398933,0.7320152253964367,1.543020720436325,0.748833059238514,FALSE
ULWOM,Univariate lived without mother,A-path (class to pathway variable),Middle-late childhood (6-12 years),C612_C2,Declining Maternal Absence vs Stable High Maternal Absence,ESXC,Ever had sexual intercourse,100,0.05594868510583422,0.1957307421254167,-0.3277902086783006,0.43968757888996907,1.0575434146158194,0.7205141614688695,1.5522221957681928,0.7750112106779006,FALSE
ULWOM,Univariate lived without mother,A-path (class to pathway variable),Middle-late childhood (6-12 years),C612_C3,Stable Low Maternal Absence vs Stable High Maternal Absence,ESXC,Ever had sexual intercourse,100,-0.19464611749955485,0.14019639488162108,-0.4694420046014141,0.08014976960230441,0.8231258963712964,0.6253511139906068,1.0834493232984426,0.16503570674155887,FALSE
ULWOM,Univariate lived without mother,A-path (class to pathway variable),Middle-late childhood (6-12 years),C612_C4,Late-Onset Maternal Absence vs Stable High Maternal Absence,ESXC,Ever had sexual intercourse,100,0.05562401315323192,0.23084830347402427,-0.39692922480316145,0.5081772511096253,1.0572001156632207,0.6723816118896062,1.6622585519810886,0.8095990445077874,FALSE
ULWOM,Univariate lived without mother,A-path (class to pathway variable),Middle-late childhood (6-12 years),C612_C5,Mid-Childhood Onset Maternal Absence vs Stable High Maternal Absence,ESXC,Ever had sexual intercourse,100,-0.35527774676133284,0.22936806871640214,-0.8049122454518219,0.09435675192915627,0.7009787215984887,0.4471271622798788,1.0989517291420516,0.12144305520870868,FALSE
ULWOM,Univariate lived without mother,A-path (class to pathway variable),Middle-late childhood (6-12 years),C612_C2,Declining Maternal Absence vs Stable High Maternal Absence,FDSC,Food insecurity,100,0.24169072626962593,0.1620409446106953,-0.07597166319360474,0.5593531157328566,1.2734003026475342,0.9268424699429,1.749540384012324,0.13587525836203795,FALSE
ULWOM,Univariate lived without mother,A-path (class to pathway variable),Middle-late childhood (6-12 years),C612_C3,Stable Low Maternal Absence vs Stable High Maternal Absence,FDSC,Food insecurity,100,0.008737601731767575,0.11917833082175595,-0.22486449467207403,0.24233969813560918,1.008775885996762,0.7986244292928406,1.2742269718315948,0.9415560467856474,FALSE
ULWOM,Univariate lived without mother,A-path (class to pathway variable),Middle-late childhood (6-12 years),C612_C4,Late-Onset Maternal Absence vs Stable High Maternal Absence,FDSC,Food insecurity,100,-0.09271833723027074,0.19600258924371652,-0.47698727536353597,0.2915506009029945,0.9114501857288613,0.620650426794243,1.3385013611544356,0.6362046337250984,FALSE
ULWOM,Univariate lived without mother,A-path (class to pathway variable),Middle-late childhood (6-12 years),C612_C5,Mid-Childhood Onset Maternal Absence vs Stable High Maternal Absence,FDSC,Food insecurity,100,0.024585657301447482,0.1996734530406712,-0.36693982679564224,0.41611114139853717,1.0248903766913537,0.6928513348750368,1.516054355908827,0.9020137085681033,FALSE
ULWOM,Univariate lived without mother,A-path (class to pathway variable),Middle-late childhood (6-12 years),C612_C2,Declining Maternal Absence vs Stable High Maternal Absence,GOVG,No government grant receipt,100,0.17944401555107753,0.16432488839872694,-0.1427006105920976,0.5015886416942527,1.1965519138927878,0.8670136047321743,1.6513425796620176,0.2748795592617914,FALSE
ULWOM,Univariate lived without mother,A-path (class to pathway variable),Middle-late childhood (6-12 years),C612_C3,Stable Low Maternal Absence vs Stable High Maternal Absence,GOVG,No government grant receipt,100,0.10186865800040137,0.11722566961072316,-0.12790315196278804,0.3316404679635908,1.1072380353195976,0.8799385953438925,1.3932518397823812,0.3848595137879385,FALSE
ULWOM,Univariate lived without mother,A-path (class to pathway variable),Middle-late childhood (6-12 years),C612_C4,Late-Onset Maternal Absence vs Stable High Maternal Absence,GOVG,No government grant receipt,100,-0.060717485648727594,0.19150523731488348,-0.43615944657884065,0.3147244752813855,0.9410890733923948,0.6465146331703343,1.3698818226519838,0.751217051211448,FALSE
ULWOM,Univariate lived without mother,A-path (class to pathway variable),Middle-late childhood (6-12 years),C612_C5,Mid-Childhood Onset Maternal Absence vs Stable High Maternal Absence,GOVG,No government grant receipt,100,0.049452058280053356,0.19421111513054545,-0.33131490176655826,0.4302190183266649,1.0506952188714092,0.7179790405700842,1.537594247991808,0.7990222118964021,FALSE
ULWOM,Univariate lived without mother,A-path (class to pathway variable),Middle-late childhood (6-12 years),C612_C2,Declining Maternal Absence vs Stable High Maternal Absence,SCHL,School disengagement,100,0.33769243721416886,0.2330271030432073,-0.11914046058978112,0.7945253350181188,1.4017093234768154,0.8876831075120915,2.213390128633341,0.1473555878378332,FALSE
ULWOM,Univariate lived without mother,A-path (class to pathway variable),Middle-late childhood (6-12 years),C612_C3,Stable Low Maternal Absence vs Stable High Maternal Absence,SCHL,School disengagement,100,0.20776998367594746,0.1657427716439559,-0.11710586982783916,0.532645837179734,1.230930002989197,0.8894910179174094,1.7034333587836996,0.21001811230247824,FALSE
ULWOM,Univariate lived without mother,A-path (class to pathway variable),Middle-late childhood (6-12 years),C612_C4,Late-Onset Maternal Absence vs Stable High Maternal Absence,SCHL,School disengagement,100,0.25187358242649993,0.27215766629748206,-0.28170791628013514,0.785455081133135,1.286433399216104,0.7544940277744339,2.193404890825004,0.3547779248513858,FALSE
ULWOM,Univariate lived without mother,A-path (class to pathway variable),Middle-late childhood (6-12 years),C612_C5,Mid-Childhood Onset Maternal Absence vs Stable High Maternal Absence,SCHL,School disengagement,100,0.3057430469318024,0.286075676950438,-0.25517255389643084,0.8666586477600355,1.3576334136541364,0.7747827946357958,2.378948653263017,0.28526553073136873,FALSE
ULWOM,Univariate lived without mother,A-path (class to pathway variable),Middle-late childhood (6-12 years),C612_C2,Declining Maternal Absence vs Stable High Maternal Absence,SCSP,Low social support,100,0.16940672499791204,0.2480588527449416,-0.3168875026182575,0.6557009526140816,1.1846018481399503,0.7284126950376223,1.9264924241114532,0.49468032698896813,FALSE
ULWOM,Univariate lived without mother,A-path (class to pathway variable),Middle-late childhood (6-12 years),C612_C3,Stable Low Maternal Absence vs Stable High Maternal Absence,SCSP,Low social support,100,0.20181238221613482,0.17499808762281804,-0.14120766372756058,0.5448324281598302,1.2236184139989312,0.8683089766950217,1.724319410788655,0.24883752750282007,FALSE
ULWOM,Univariate lived without mother,A-path (class to pathway variable),Middle-late childhood (6-12 years),C612_C4,Late-Onset Maternal Absence vs Stable High Maternal Absence,SCSP,Low social support,100,0.6249343719380026,0.33677855195571815,-0.03553949297779846,1.2854082368538036,1.868123352093921,0.9650846194119235,3.616143899138292,0.063654308181466,FALSE
ULWOM,Univariate lived without mother,A-path (class to pathway variable),Middle-late childhood (6-12 years),C612_C5,Mid-Childhood Onset Maternal Absence vs Stable High Maternal Absence,SCSP,Low social support,100,0.39064254775344603,0.3112725461444346,-0.21961013598946294,1.000895231496355,1.4779301295377185,0.8028317321565098,2.7207164095620957,0.20955138534763762,FALSE
ULWOM,Univariate lived without mother,A-path (class to pathway variable),Middle-late childhood (6-12 years),C612_C2,Declining Maternal Absence vs Stable High Maternal Absence,VLNC,Violence exposure,100,0.15922731393703674,0.16177073366659345,-0.15795342643869018,0.4764080543127637,1.1726044657255144,0.8538895497197073,1.6102799635980654,0.3250509325516706,FALSE
ULWOM,Univariate lived without mother,A-path (class to pathway variable),Middle-late childhood (6-12 years),C612_C3,Stable Low Maternal Absence vs Stable High Maternal Absence,VLNC,Violence exposure,100,0.11948689186804387,0.11615528140122787,-0.10819504385707693,0.3471688275931647,1.126918472174353,0.8974525367545205,1.415055605637165,0.30364860282667516,FALSE
ULWOM,Univariate lived without mother,A-path (class to pathway variable),Middle-late childhood (6-12 years),C612_C4,Late-Onset Maternal Absence vs Stable High Maternal Absence,VLNC,Violence exposure,100,0.11918677741009717,0.19055888883181343,-0.2544495424679515,0.4928230972881458,1.1265803183928838,0.7753431740068402,1.6369309182555782,0.5317164639953775,FALSE
ULWOM,Univariate lived without mother,A-path (class to pathway variable),Middle-late childhood (6-12 years),C612_C5,Mid-Childhood Onset Maternal Absence vs Stable High Maternal Absence,VLNC,Violence exposure,100,-0.018713110095597642,0.19160322150357081,-0.3943562648682066,0.35693004467701134,0.9814608930784877,0.6741138503724697,1.4289359046846275,0.9222021947753289,FALSE
