"model","pv_draw_id","mediator","estimate","std.error"
"ULWOM",1,"DNKA",0.303769328746011,0.155206186406385
"ULWOM",1,"ESXC",0.43540162063466,0.189757327835381
"ULWOM",1,"FDSC",0.716046863025078,0.144325773018792
"ULWOM",1,"GOVG",0.103521049016955,0.160417182325411
"ULWOM",1,"VLNC",0.620731944632146,0.148908577589638
"ULWOM",1,"SCSP",0.0375219150945173,0.24313460464264
"ULWOM",1,"SCHL",0.176703762162598,0.186398648618536
"ULWOM",2,"DNKA",0.301623967058351,0.154946825275847
"ULWOM",2,"ESXC",0.442771532991194,0.190220677378446
"ULWOM",2,"FDSC",0.721232214743631,0.144308691317659
"ULWOM",2,"GOVG",0.111937005866185,0.160603542528554
"ULWOM",2,"VLNC",0.623449391841546,0.148582413572229
"ULWOM",2,"SCSP",0.0459090878712092,0.243137769834415
"ULWOM",2,"SCHL",0.187740298828215,0.186556702479891
"ULWOM",3,"DNKA",0.305560166644101,0.154830404227597
"ULWOM",3,"ESXC",0.439254105367708,0.189768310490231
"ULWOM",3,"FDSC",0.71773239560105,0.144114769950215
"ULWOM",3,"GOVG",0.10436659276176,0.160350286035902
"ULWOM",3,"VLNC",0.61955764812242,0.148555143902666
"ULWOM",3,"SCSP",0.0466295212697891,0.242941726470871
"ULWOM",3,"SCHL",0.185268992470043,0.186286007103216
"ULWOM",4,"DNKA",0.295904517689373,0.155286974066417
"ULWOM",4,"ESXC",0.43180147850128,0.190262367388212
"ULWOM",4,"FDSC",0.713470966670641,0.14437206798617
"ULWOM",4,"GOVG",0.108926120254737,0.160655971203936
"ULWOM",4,"VLNC",0.614950382341734,0.149070688030412
"ULWOM",4,"SCSP",0.058655373750256,0.243772714135102
"ULWOM",4,"SCHL",0.184112547273881,0.18617529761962
"ULWOM",5,"DNKA",0.302739562544838,0.154815490394234
"ULWOM",5,"ESXC",0.432927220390645,0.190064490508018
"ULWOM",5,"FDSC",0.717025751152061,0.14427187439371
"ULWOM",5,"GOVG",0.103093679887408,0.160448201105865
"ULWOM",5,"VLNC",0.61979266738766,0.148671373650307
"ULWOM",5,"SCSP",0.043816852113326,0.243335701265144
"ULWOM",5,"SCHL",0.182591596994469,0.186536157653089
"ULWOM",6,"DNKA",0.303811884147435,0.155089789363435
"ULWOM",6,"ESXC",0.445249557558017,0.189662829307968
"ULWOM",6,"FDSC",0.708958618627119,0.144456558455021
"ULWOM",6,"GOVG",0.109026919394179,0.160497047112389
"ULWOM",6,"VLNC",0.617847205217582,0.148733959416834
"ULWOM",6,"SCSP",0.0573108886164553,0.243561297409192
"ULWOM",6,"SCHL",0.184040141642552,0.186866943573184
"ULWOM",7,"DNKA",0.306631809404867,0.155060306346106
"ULWOM",7,"ESXC",0.433747439478376,0.190275753023127
"ULWOM",7,"FDSC",0.71880988142718,0.144262646385759
"ULWOM",7,"GOVG",0.105328493454725,0.160436065903753
"ULWOM",7,"VLNC",0.60982862020597,0.148631214894483
"ULWOM",7,"SCSP",0.0226603026812534,0.243633323878488
"ULWOM",7,"SCHL",0.179230534627315,0.186834597885071
"ULWOM",8,"DNKA",0.303777530584574,0.154782935564951
"ULWOM",8,"ESXC",0.441330905553444,0.189730251341167
"ULWOM",8,"FDSC",0.724124357132439,0.144332565646037
"ULWOM",8,"GOVG",0.108118283585014,0.160460062801115
"ULWOM",8,"VLNC",0.620477969625029,0.148569774818213
"ULWOM",8,"SCSP",0.0397126030792222,0.243688231444325
"ULWOM",8,"SCHL",0.181736446235752,0.186813471451939
"ULWOM",9,"DNKA",0.307024181638727,0.154889394701712
"ULWOM",9,"ESXC",0.437698516152661,0.190151931271153
"ULWOM",9,"FDSC",0.727054120257393,0.144310138561011
"ULWOM",9,"GOVG",0.107774443009993,0.160390399184955
"ULWOM",9,"VLNC",0.62664969518856,0.148744898363483
"ULWOM",9,"SCSP",0.0385541750738296,0.243731519114237
"ULWOM",9,"SCHL",0.183221455675468,0.186429468752796
"ULWOM",10,"DNKA",0.307144440043113,0.154756208363957
"ULWOM",10,"ESXC",0.437505867963306,0.189586209365238
"ULWOM",10,"FDSC",0.7206320860452,0.144257712024125
"ULWOM",10,"GOVG",0.107036669935044,0.160408742403026
"ULWOM",10,"VLNC",0.616979981557722,0.148373906601664
"ULWOM",10,"SCSP",0.0415009877757552,0.242944843818361
"ULWOM",10,"SCHL",0.189739592489475,0.186592546484754
"ULWOM",11,"DNKA",0.300038984439266,0.155063008069705
"ULWOM",11,"ESXC",0.443906517089549,0.189980727459075
"ULWOM",11,"FDSC",0.723138775003487,0.144323778852443
"ULWOM",11,"GOVG",0.108353088042885,0.160347580988989
"ULWOM",11,"VLNC",0.620514789457674,0.148549176787266
"ULWOM",11,"SCSP",0.047378433219091,0.24307515255266
"ULWOM",11,"SCHL",0.183683583906012,0.186188260330383
"ULWOM",12,"DNKA",0.310438684091297,0.154795350829775
"ULWOM",12,"ESXC",0.434193216035228,0.18984818266259
"ULWOM",12,"FDSC",0.718730237771101,0.144221354247573
"ULWOM",12,"GOVG",0.105376039538595,0.160277364457071
"ULWOM",12,"VLNC",0.618636470533717,0.148665696874838
"ULWOM",12,"SCSP",0.0499099296737369,0.243153203406032
"ULWOM",12,"SCHL",0.18734238750841,0.186398875610985
"ULWOM",13,"DNKA",0.300233928250382,0.155105238132718
"ULWOM",13,"ESXC",0.44182260647061,0.189992481353192
"ULWOM",13,"FDSC",0.718411445516119,0.144366298224272
"ULWOM",13,"GOVG",0.0999272076873109,0.160511476693921
"ULWOM",13,"VLNC",0.618254750236076,0.148719120440197
"ULWOM",13,"SCSP",0.0361558978730994,0.243431063558071
"ULWOM",13,"SCHL",0.186224370841372,0.186278862262211
"ULWOM",14,"DNKA",0.299225416588313,0.155209318603605
"ULWOM",14,"ESXC",0.431204922641008,0.189762772627523
"ULWOM",14,"FDSC",0.719542116651033,0.144163838854355
"ULWOM",14,"GOVG",0.104659594473378,0.160504422869048
"ULWOM",14,"VLNC",0.616519875801914,0.148621468082361
"ULWOM",14,"SCSP",0.0404093104604308,0.24308091022781
"ULWOM",14,"SCHL",0.186641074998412,0.186511146520352
"ULWOM",15,"DNKA",0.309319875926323,0.154906598644154
"ULWOM",15,"ESXC",0.435699603049838,0.189885389365864
"ULWOM",15,"FDSC",0.717822332227191,0.144178154319926
"ULWOM",15,"GOVG",0.10940128899357,0.160295756886899
"ULWOM",15,"VLNC",0.61900186845893,0.148449821716684
"ULWOM",15,"SCSP",0.0414804036606757,0.243173063941206
"ULWOM",15,"SCHL",0.178646299876194,0.186296462981604
"ULWOM",16,"DNKA",0.311540628170587,0.154979696927753
"ULWOM",16,"ESXC",0.434677516247089,0.19013609338901
"ULWOM",16,"FDSC",0.71760073929627,0.14428989524194
"ULWOM",16,"GOVG",0.109795415043866,0.160387748314709
"ULWOM",16,"VLNC",0.612070212935929,0.148924855179779
"ULWOM",16,"SCSP",0.0324474043979461,0.243067899688902
"ULWOM",16,"SCHL",0.187634299002044,0.186357793704398
"ULWOM",17,"DNKA",0.305087604874352,0.155075489322364
"ULWOM",17,"ESXC",0.450100630116026,0.18957766228753
"ULWOM",17,"FDSC",0.720147099096441,0.144246045572237
"ULWOM",17,"GOVG",0.103925550342076,0.160471924482615
"ULWOM",17,"VLNC",0.621520401527571,0.148627222041218
"ULWOM",17,"SCSP",0.0454011034683308,0.243343929672978
"ULWOM",17,"SCHL",0.175863758854407,0.186591514593263
"ULWOM",18,"DNKA",0.304645575629409,0.154954373542756
"ULWOM",18,"ESXC",0.437536404647513,0.18973856516905
"ULWOM",18,"FDSC",0.721991128200665,0.144216403902022
"ULWOM",18,"GOVG",0.106998858668167,0.160376457092142
"ULWOM",18,"VLNC",0.622177057651175,0.148631576582458
"ULWOM",18,"SCSP",0.046864943293748,0.243154445665291
"ULWOM",18,"SCHL",0.185317708474703,0.186466261321266
"ULWOM",19,"DNKA",0.307524202122601,0.155025729334081
"ULWOM",19,"ESXC",0.436987141807779,0.190624852851899
"ULWOM",19,"FDSC",0.720528666076158,0.1443329945057
"ULWOM",19,"GOVG",0.101676179388501,0.160241368074187
"ULWOM",19,"VLNC",0.617936208189607,0.148574441407893
"ULWOM",19,"SCSP",0.0420052463340724,0.243218395734813
"ULWOM",19,"SCHL",0.190264262061444,0.1868499501054
"ULWOM",20,"DNKA",0.307451600433768,0.154961420669583
"ULWOM",20,"ESXC",0.429340177398236,0.190138482684307
"ULWOM",20,"FDSC",0.722797666455066,0.144260499107121
"ULWOM",20,"GOVG",0.0930944074490927,0.160745341395853
"ULWOM",20,"VLNC",0.614496479706696,0.148493152179564
"ULWOM",20,"SCSP",0.0245800047791228,0.243335459295842
"ULWOM",20,"SCHL",0.181756082158533,0.18656573281305
"ULWOM",21,"DNKA",0.296273985909423,0.155016738056732
"ULWOM",21,"ESXC",0.448578288632807,0.190115333254883
"ULWOM",21,"FDSC",0.726063591564759,0.144328434522745
"ULWOM",21,"GOVG",0.101722085532758,0.160524428373729
"ULWOM",21,"VLNC",0.622420104575648,0.148578018473544
"ULWOM",21,"SCSP",0.0330151216631641,0.243596398881767
"ULWOM",21,"SCHL",0.187917663514502,0.186584837555999
"ULWOM",22,"DNKA",0.310562844104334,0.154895062893917
"ULWOM",22,"ESXC",0.438166871233738,0.189663317120196
"ULWOM",22,"FDSC",0.724718964920483,0.144241962793779
"ULWOM",22,"GOVG",0.107078146112899,0.160558698114714
"ULWOM",22,"VLNC",0.624537657471261,0.148656885078915
"ULWOM",22,"SCSP",0.0475944973184033,0.243496347998511
"ULWOM",22,"SCHL",0.188710769934515,0.186211707127494
"ULWOM",23,"DNKA",0.301056664484638,0.155088043884028
"ULWOM",23,"ESXC",0.429404418406295,0.190067161090612
"ULWOM",23,"FDSC",0.719870907435768,0.14409334340123
"ULWOM",23,"GOVG",0.102029180903344,0.16043337424916
"ULWOM",23,"VLNC",0.618440084692913,0.148484093813687
"ULWOM",23,"SCSP",0.0348601781804724,0.24312547464859
"ULWOM",23,"SCHL",0.1904690373926,0.186360818442952
"ULWOM",24,"DNKA",0.306317133900657,0.154750146054165
"ULWOM",24,"ESXC",0.446112766421438,0.190097125054222
"ULWOM",24,"FDSC",0.727418623370046,0.144384611584183
"ULWOM",24,"GOVG",0.105113830086929,0.1604615785913
"ULWOM",24,"VLNC",0.621454283928053,0.148545281237068
"ULWOM",24,"SCSP",0.039146429770962,0.243776389322882
"ULWOM",24,"SCHL",0.194210113459376,0.186519493828057
"ULWOM",25,"DNKA",0.297252510108299,0.155066409875852
"ULWOM",25,"ESXC",0.423388326536175,0.190490363899574
"ULWOM",25,"FDSC",0.7237713434625,0.144311924016097
"ULWOM",25,"GOVG",0.09674059017382,0.160495958378182
"ULWOM",25,"VLNC",0.617567186729042,0.148435251125269
"ULWOM",25,"SCSP",0.0285071928250301,0.243036880861183
"ULWOM",25,"SCHL",0.173516278997166,0.186546967425013
"ULWOM",26,"DNKA",0.305297322701527,0.155176004742389
"ULWOM",26,"ESXC",0.424264017403514,0.191078063749979
"ULWOM",26,"FDSC",0.717026502778685,0.144354010679869
"ULWOM",26,"GOVG",0.0939001991704272,0.160748113824467
"ULWOM",26,"VLNC",0.616256453890483,0.148864722169595
"ULWOM",26,"SCSP",0.0260223373638784,0.243130679281242
"ULWOM",26,"SCHL",0.190737039985677,0.186498542398845
"ULWOM",27,"DNKA",0.309913301580604,0.154669535876894
"ULWOM",27,"ESXC",0.436322828936114,0.190335680482391
"ULWOM",27,"FDSC",0.730268668900565,0.144361510685468
"ULWOM",27,"GOVG",0.105305390033859,0.160323104813104
"ULWOM",27,"VLNC",0.618505007343197,0.148470754896631
"ULWOM",27,"SCSP",0.0421624584577106,0.243405858060464
"ULWOM",27,"SCHL",0.198963476677687,0.186428634342978
"ULWOM",28,"DNKA",0.311414677720871,0.155001584778635
"ULWOM",28,"ESXC",0.431441894335753,0.190349007749999
"ULWOM",28,"FDSC",0.718839676935299,0.144201948835496
"ULWOM",28,"GOVG",0.107955957667401,0.160302443225179
"ULWOM",28,"VLNC",0.612510347771851,0.148606393436779
"ULWOM",28,"SCSP",0.0487446496979137,0.243224205169184
"ULWOM",28,"SCHL",0.183331282631527,0.186128601217857
"ULWOM",29,"DNKA",0.306721161645608,0.154970423814849
"ULWOM",29,"ESXC",0.442364996220064,0.190057568034222
"ULWOM",29,"FDSC",0.724709554538062,0.144258986610462
"ULWOM",29,"GOVG",0.104543045274789,0.160420857183096
"ULWOM",29,"VLNC",0.620291180562388,0.148585098267256
"ULWOM",29,"SCSP",0.0413210102415583,0.243472286854054
"ULWOM",29,"SCHL",0.179266968569943,0.186524865136848
"ULWOM",30,"DNKA",0.306961670082782,0.154812194168487
"ULWOM",30,"ESXC",0.447597512966038,0.189954864870658
"ULWOM",30,"FDSC",0.722164577032559,0.144327871591271
"ULWOM",30,"GOVG",0.108587736280989,0.160316323825075
"ULWOM",30,"VLNC",0.615838896936537,0.148405797161568
"ULWOM",30,"SCSP",0.0533970103042769,0.243804589320145
"ULWOM",30,"SCHL",0.187173454448976,0.186428485858531
"ULWOM",31,"DNKA",0.303534836432187,0.155037245211173
"ULWOM",31,"ESXC",0.430082033366838,0.190158555485364
"ULWOM",31,"FDSC",0.717528613361699,0.144239817369098
"ULWOM",31,"GOVG",0.103931292602244,0.160496441248252
"ULWOM",31,"VLNC",0.61933192305959,0.148576350369709
"ULWOM",31,"SCSP",0.0330904614656111,0.243099575035514
"ULWOM",31,"SCHL",0.189120965111116,0.186337532620347
"ULWOM",32,"DNKA",0.310416101732093,0.154846144486888
"ULWOM",32,"ESXC",0.442942527431208,0.189957004751871
"ULWOM",32,"FDSC",0.726428397142406,0.144187031720205
"ULWOM",32,"GOVG",0.106304033615241,0.160340596236656
"ULWOM",32,"VLNC",0.616093708802841,0.148593123771763
"ULWOM",32,"SCSP",0.0353784952902184,0.24318384148827
"ULWOM",32,"SCHL",0.188562849201291,0.18630979217579
"ULWOM",33,"DNKA",0.308965621309335,0.154909880262211
"ULWOM",33,"ESXC",0.434870988810222,0.189464289386459
"ULWOM",33,"FDSC",0.715655984346452,0.144337909166341
"ULWOM",33,"GOVG",0.109353732208247,0.160359147701063
"ULWOM",33,"VLNC",0.619252924930014,0.148470713729226
"ULWOM",33,"SCSP",0.043233346560146,0.243002541654483
"ULWOM",33,"SCHL",0.181302160254284,0.186475043787596
"ULWOM",34,"DNKA",0.309754128487955,0.155048997345202
"ULWOM",34,"ESXC",0.449580990631788,0.189938296669211
"ULWOM",34,"FDSC",0.721661108628505,0.144355789374332
"ULWOM",34,"GOVG",0.0946627368122708,0.160634700994274
"ULWOM",34,"VLNC",0.624757406528575,0.149013920322676
"ULWOM",34,"SCSP",0.0531624742918138,0.243574018768879
"ULWOM",34,"SCHL",0.181912669013047,0.186366576525241
"ULWOM",35,"DNKA",0.300482244104475,0.154851134919835
"ULWOM",35,"ESXC",0.436120647044664,0.190385653559328
"ULWOM",35,"FDSC",0.724183427393554,0.144384044119175
"ULWOM",35,"GOVG",0.102072051484679,0.160460232247501
"ULWOM",35,"VLNC",0.62045066736282,0.148638466201956
"ULWOM",35,"SCSP",0.0425091429115653,0.243506658756752
"ULWOM",35,"SCHL",0.183304932070004,0.186582464033318
"ULWOM",36,"DNKA",0.306651185783517,0.155220347600618
"ULWOM",36,"ESXC",0.438637733837585,0.190181725966632
"ULWOM",36,"FDSC",0.721935673312364,0.144307642779248
"ULWOM",36,"GOVG",0.102993961863138,0.160531592674252
"ULWOM",36,"VLNC",0.622935319780537,0.148718862513718
"ULWOM",36,"SCSP",0.0198928778637166,0.243699514825219
"ULWOM",36,"SCHL",0.185821475839145,0.186502767948382
"ULWOM",37,"DNKA",0.304882052227488,0.155007366751189
"ULWOM",37,"ESXC",0.433714181535531,0.189836511025145
"ULWOM",37,"FDSC",0.718999768040702,0.144253026812446
"ULWOM",37,"GOVG",0.106243859013676,0.16039806925784
"ULWOM",37,"VLNC",0.617630021196488,0.148513978979577
"ULWOM",37,"SCSP",0.0454636958706476,0.243098991662056
"ULWOM",37,"SCHL",0.182813118193593,0.186201607613777
"ULWOM",38,"DNKA",0.308522543721147,0.154735278687446
"ULWOM",38,"ESXC",0.435510476151626,0.190281933914248
"ULWOM",38,"FDSC",0.718894592747724,0.144120994617194
"ULWOM",38,"GOVG",0.101799860574444,0.16065687381599
"ULWOM",38,"VLNC",0.618143307235317,0.148519613492909
"ULWOM",38,"SCSP",0.0273919480806988,0.243346580749459
"ULWOM",38,"SCHL",0.196726294825233,0.186274424868739
"ULWOM",39,"DNKA",0.306769678629648,0.154774827625158
"ULWOM",39,"ESXC",0.4508096768779,0.190138631082211
"ULWOM",39,"FDSC",0.725468677271884,0.144263822956048
"ULWOM",39,"GOVG",0.110663001678556,0.160309354464601
"ULWOM",39,"VLNC",0.620631096171151,0.148541798040435
"ULWOM",39,"SCSP",0.0502567799813024,0.24317386633542
"ULWOM",39,"SCHL",0.197746446563392,0.186426551411957
"ULWOM",40,"DNKA",0.316436996317881,0.154958092952725
"ULWOM",40,"ESXC",0.431448004663815,0.190032393338673
"ULWOM",40,"FDSC",0.724743017315568,0.144217550886506
"ULWOM",40,"GOVG",0.102576100301223,0.160465864664179
"ULWOM",40,"VLNC",0.614439939845196,0.148718118930074
"ULWOM",40,"SCSP",0.0353520369843264,0.243385443989278
"ULWOM",40,"SCHL",0.178776357522805,0.186404810881603
"ULWOM",41,"DNKA",0.315947924825275,0.154992511107811
"ULWOM",41,"ESXC",0.435644908141184,0.190200789060259
"ULWOM",41,"FDSC",0.723272858606165,0.144232726312961
"ULWOM",41,"GOVG",0.105799397845126,0.160402954078495
"ULWOM",41,"VLNC",0.61761115743467,0.148568244086088
"ULWOM",41,"SCSP",0.0352799066674041,0.24314327410559
"ULWOM",41,"SCHL",0.189159619545167,0.186183244562237
"ULWOM",42,"DNKA",0.310277192120829,0.155132422701659
"ULWOM",42,"ESXC",0.441958930098231,0.189844989073655
"ULWOM",42,"FDSC",0.720199397610992,0.144321537037438
"ULWOM",42,"GOVG",0.101033011761635,0.160475201531551
"ULWOM",42,"VLNC",0.620567844790887,0.148621601949975
"ULWOM",42,"SCSP",0.053068614644169,0.243316015308607
"ULWOM",42,"SCHL",0.188993499825088,0.186981391186807
"ULWOM",43,"DNKA",0.306731944085883,0.15495841950196
"ULWOM",43,"ESXC",0.445131651456257,0.190072564832836
"ULWOM",43,"FDSC",0.723371068087324,0.14439650614647
"ULWOM",43,"GOVG",0.108438349851731,0.160448945780519
"ULWOM",43,"VLNC",0.624953657183752,0.14867633237556
"ULWOM",43,"SCSP",0.0465063185731442,0.243318291983138
"ULWOM",43,"SCHL",0.197466747077218,0.186571903527062
"ULWOM",44,"DNKA",0.307921308257475,0.155113526000209
"ULWOM",44,"ESXC",0.434164706006069,0.189600982052015
"ULWOM",44,"FDSC",0.718324626733757,0.144233508968707
"ULWOM",44,"GOVG",0.0977923707188686,0.160607448157757
"ULWOM",44,"VLNC",0.623993174753267,0.148621275910271
"ULWOM",44,"SCSP",0.0363417832336976,0.242884083744486
"ULWOM",44,"SCHL",0.184774795727118,0.18649439586344
"ULWOM",45,"DNKA",0.312040904252227,0.154761491708422
"ULWOM",45,"ESXC",0.433307914747661,0.190453934833484
"ULWOM",45,"FDSC",0.717772344790954,0.144314194975345
"ULWOM",45,"GOVG",0.105853341023375,0.160335483026646
"ULWOM",45,"VLNC",0.617892077707602,0.148753473899176
"ULWOM",45,"SCSP",0.0510207203250585,0.243200899156255
"ULWOM",45,"SCHL",0.175812299424058,0.18631872731395
"ULWOM",46,"DNKA",0.308861453802911,0.155080461535502
"ULWOM",46,"ESXC",0.44742992734812,0.189633122092163
"ULWOM",46,"FDSC",0.716293704447967,0.144305335865958
"ULWOM",46,"GOVG",0.102729072449068,0.160568205586252
"ULWOM",46,"VLNC",0.615552488390976,0.149152746902669
"ULWOM",46,"SCSP",0.0441663597236938,0.244078952530879
"ULWOM",46,"SCHL",0.180709988024424,0.186456515478391
"ULWOM",47,"DNKA",0.297475325668295,0.155114423846603
"ULWOM",47,"ESXC",0.426721477016306,0.190274559106985
"ULWOM",47,"FDSC",0.730490916207741,0.144587534233677
"ULWOM",47,"GOVG",0.101704712248693,0.160609094476797
"ULWOM",47,"VLNC",0.623924579279902,0.148821727088578
"ULWOM",47,"SCSP",0.0369247632219974,0.243847443421868
"ULWOM",47,"SCHL",0.17285726590862,0.186421565800181
"ULWOM",48,"DNKA",0.306282684948336,0.15509451235654
"ULWOM",48,"ESXC",0.447022588774037,0.189421876502883
"ULWOM",48,"FDSC",0.72628574682074,0.14430145133411
"ULWOM",48,"GOVG",0.106861541600423,0.16053296958357
"ULWOM",48,"VLNC",0.627434502963419,0.148817980674896
"ULWOM",48,"SCSP",0.0345620574601611,0.243015866662289
"ULWOM",48,"SCHL",0.188473339543478,0.186379320269827
"ULWOM",49,"DNKA",0.312317791271966,0.154948593966636
"ULWOM",49,"ESXC",0.438036474971998,0.19014978433736
"ULWOM",49,"FDSC",0.721092602636678,0.144340836174912
"ULWOM",49,"GOVG",0.108152044210452,0.16024728068474
"ULWOM",49,"VLNC",0.617590109263462,0.14850802247827
"ULWOM",49,"SCSP",0.0365462697020207,0.243198368510287
"ULWOM",49,"SCHL",0.194812719078406,0.186215706932016
"ULWOM",50,"DNKA",0.30997845860816,0.155007585981523
"ULWOM",50,"ESXC",0.438475292808967,0.190246158026638
"ULWOM",50,"FDSC",0.716463639977683,0.144525745867724
"ULWOM",50,"GOVG",0.106105062800096,0.160457605557289
"ULWOM",50,"VLNC",0.617897800424978,0.148654876270078
"ULWOM",50,"SCSP",0.0446231620282871,0.243106861192378
"ULWOM",50,"SCHL",0.189262753509939,0.186473390272506
"ULWOM",51,"DNKA",0.307293294091114,0.155013617352181
"ULWOM",51,"ESXC",0.425692049954775,0.19018602731165
"ULWOM",51,"FDSC",0.71670699022884,0.14435776099878
"ULWOM",51,"GOVG",0.107645307705361,0.160316701749176
"ULWOM",51,"VLNC",0.614663180792995,0.148560345215716
"ULWOM",51,"SCSP",0.0376226230415893,0.243278051728096
"ULWOM",51,"SCHL",0.173417369987527,0.186406715458523
"ULWOM",52,"DNKA",0.305159296039388,0.154959641022295
"ULWOM",52,"ESXC",0.431704621631309,0.18962536063882
"ULWOM",52,"FDSC",0.716154283931259,0.144245989772664
"ULWOM",52,"GOVG",0.106866268059357,0.160406390380083
"ULWOM",52,"VLNC",0.615316352575844,0.148591832257795
"ULWOM",52,"SCSP",0.0506896308463011,0.243438126661908
"ULWOM",52,"SCHL",0.180029938356943,0.18606416337924
"ULWOM",53,"DNKA",0.309454936214215,0.15497057035293
"ULWOM",53,"ESXC",0.429018003893349,0.189824160702006
"ULWOM",53,"FDSC",0.718061517163477,0.14426154627974
"ULWOM",53,"GOVG",0.102351910711195,0.160519238200408
"ULWOM",53,"VLNC",0.617530586258361,0.148676926677098
"ULWOM",53,"SCSP",0.0337386479168058,0.243298829028728
"ULWOM",53,"SCHL",0.183867296230892,0.186756762329928
"ULWOM",54,"DNKA",0.313566859564034,0.154905447777872
"ULWOM",54,"ESXC",0.445416342318005,0.189706802917957
"ULWOM",54,"FDSC",0.72242884930815,0.144369264565766
"ULWOM",54,"GOVG",0.112829784964689,0.160357149561104
"ULWOM",54,"VLNC",0.625180429516367,0.148513546212393
"ULWOM",54,"SCSP",0.0450112425455753,0.243529511555904
"ULWOM",54,"SCHL",0.192019710474154,0.18664216231355
"ULWOM",55,"DNKA",0.302929361064005,0.154941955162133
"ULWOM",55,"ESXC",0.437701075341628,0.19000159777623
"ULWOM",55,"FDSC",0.716214639687258,0.144394017962083
"ULWOM",55,"GOVG",0.0988676804222437,0.160429737263338
"ULWOM",55,"VLNC",0.616338903861438,0.148642427779097
"ULWOM",55,"SCSP",0.0342159261579921,0.243896719973195
"ULWOM",55,"SCHL",0.193260586160308,0.187002821696947
"ULWOM",56,"DNKA",0.306503689306162,0.154904252875435
"ULWOM",56,"ESXC",0.441164795095975,0.189804586635244
"ULWOM",56,"FDSC",0.718201963413459,0.14410551773686
"ULWOM",56,"GOVG",0.106869982791689,0.160331846890009
"ULWOM",56,"VLNC",0.617848243000682,0.148652038383226
"ULWOM",56,"SCSP",0.0406768847237879,0.242989062121581
"ULWOM",56,"SCHL",0.181280276681638,0.186275825903435
"ULWOM",57,"DNKA",0.302281292366864,0.155502349742591
"ULWOM",57,"ESXC",0.427616752483857,0.190126904848602
"ULWOM",57,"FDSC",0.724716906413265,0.144420003171962
"ULWOM",57,"GOVG",0.110593418012861,0.160560128845585
"ULWOM",57,"VLNC",0.616614865737177,0.148797590255516
"ULWOM",57,"SCSP",0.0268582120766418,0.243287648961579
"ULWOM",57,"SCHL",0.178636807933112,0.186261831923837
"ULWOM",58,"DNKA",0.29351559685198,0.155162418015576
"ULWOM",58,"ESXC",0.459209995033987,0.189876216857191
"ULWOM",58,"FDSC",0.722468456147749,0.144288791944691
"ULWOM",58,"GOVG",0.118525802531548,0.160443292058814
"ULWOM",58,"VLNC",0.631336166034288,0.14891409494385
"ULWOM",58,"SCSP",0.0588465919985374,0.243571244471709
"ULWOM",58,"SCHL",0.193221784971083,0.186990980769293
"ULWOM",59,"DNKA",0.300443451445889,0.154906908135652
"ULWOM",59,"ESXC",0.462663850002666,0.189992056693386
"ULWOM",59,"FDSC",0.721370221937596,0.14424483783887
"ULWOM",59,"GOVG",0.108252380951909,0.160548634070365
"ULWOM",59,"VLNC",0.627087382411634,0.148799414978133
"ULWOM",59,"SCSP",0.0366145980131018,0.2431855749579
"ULWOM",59,"SCHL",0.183820139224799,0.186196227506174
"ULWOM",60,"DNKA",0.300916335959402,0.15523330507512
"ULWOM",60,"ESXC",0.418974812758858,0.190026041276839
"ULWOM",60,"FDSC",0.71609330254359,0.144213391480061
"ULWOM",60,"GOVG",0.102541762699499,0.160524955716076
"ULWOM",60,"VLNC",0.617818847341496,0.148522629857227
"ULWOM",60,"SCSP",0.0480671604597285,0.243032860702422
"ULWOM",60,"SCHL",0.177614264578968,0.186512293713459
"ULWOM",61,"DNKA",0.308594038320637,0.154978272063882
"ULWOM",61,"ESXC",0.454913384324219,0.190122086551667
"ULWOM",61,"FDSC",0.7292294629107,0.14436279570762
"ULWOM",61,"GOVG",0.106837309570553,0.16044553336826
"ULWOM",61,"VLNC",0.609520710853041,0.148634198022184
"ULWOM",61,"SCSP",0.0397575296880973,0.243630399300631
"ULWOM",61,"SCHL",0.197977474912598,0.186929376179764
"ULWOM",62,"DNKA",0.31114262453947,0.154891198643059
"ULWOM",62,"ESXC",0.432313048642822,0.189962420400503
"ULWOM",62,"FDSC",0.719571379843272,0.144346421962342
"ULWOM",62,"GOVG",0.110712835141902,0.160397024827396
"ULWOM",62,"VLNC",0.620887184045029,0.148723573175573
"ULWOM",62,"SCSP",0.046295370674357,0.243331317545337
"ULWOM",62,"SCHL",0.187795117700974,0.186269450100887
"ULWOM",63,"DNKA",0.308531094111092,0.155416594699776
"ULWOM",63,"ESXC",0.424860638020422,0.190582212470532
"ULWOM",63,"FDSC",0.7196560584413,0.144371672162528
"ULWOM",63,"GOVG",0.0953798813920552,0.161041663687045
"ULWOM",63,"VLNC",0.617518205059585,0.148692923240781
"ULWOM",63,"SCSP",0.0388573769477946,0.243219382770706
"ULWOM",63,"SCHL",0.171543582309994,0.186834084923233
"ULWOM",64,"DNKA",0.305330316558953,0.154859966847871
"ULWOM",64,"ESXC",0.463080860684996,0.190414618045621
"ULWOM",64,"FDSC",0.717354703793853,0.144439372932539
"ULWOM",64,"GOVG",0.108692897921317,0.160503945309934
"ULWOM",64,"VLNC",0.622334212277373,0.148521297588181
"ULWOM",64,"SCSP",0.0502166216683004,0.243418149480214
"ULWOM",64,"SCHL",0.188907680361696,0.186831233854463
"ULWOM",65,"DNKA",0.306240361949152,0.155014414782301
"ULWOM",65,"ESXC",0.438428114830654,0.189877552639744
"ULWOM",65,"FDSC",0.715870247962594,0.14428722647978
"ULWOM",65,"GOVG",0.108849412445142,0.160576694152172
"ULWOM",65,"VLNC",0.616602427502975,0.148708478118252
"ULWOM",65,"SCSP",0.0393381789091915,0.243694191552455
"ULWOM",65,"SCHL",0.185345057853755,0.186457034282169
"ULWOM",66,"DNKA",0.303083481611799,0.15522078342849
"ULWOM",66,"ESXC",0.440563423542098,0.189597077145947
"ULWOM",66,"FDSC",0.711846511319863,0.144227316823484
"ULWOM",66,"GOVG",0.102303643709447,0.160531253675113
"ULWOM",66,"VLNC",0.624329158011062,0.148874570359857
"ULWOM",66,"SCSP",0.0489867873575026,0.243338667801613
"ULWOM",66,"SCHL",0.183198596900192,0.186259822693087
"ULWOM",67,"DNKA",0.304032648489216,0.154882157015765
"ULWOM",67,"ESXC",0.437996474818091,0.18989318554404
"ULWOM",67,"FDSC",0.724974040436609,0.14420291545148
"ULWOM",67,"GOVG",0.101424961166961,0.160417735468664
"ULWOM",67,"VLNC",0.622647750508976,0.1486730235654
"ULWOM",67,"SCSP",0.0462262578259989,0.243099772549609
"ULWOM",67,"SCHL",0.195733237443706,0.186924592407298
"ULWOM",68,"DNKA",0.305693364115468,0.154878784677956
"ULWOM",68,"ESXC",0.443024477884874,0.190483241156362
"ULWOM",68,"FDSC",0.717406139788268,0.144210983329983
"ULWOM",68,"GOVG",0.108320731129732,0.160314680139827
"ULWOM",68,"VLNC",0.620888180380123,0.1486056666503
"ULWOM",68,"SCSP",0.0448038550534838,0.243066544299269
"ULWOM",68,"SCHL",0.184832650823826,0.18654730549298
"ULWOM",69,"DNKA",0.302216757549315,0.154931005818796
"ULWOM",69,"ESXC",0.451405196946855,0.19034161601782
"ULWOM",69,"FDSC",0.715602390394003,0.14435552474916
"ULWOM",69,"GOVG",0.106697305664799,0.160598493433471
"ULWOM",69,"VLNC",0.617961707281069,0.148585522698272
"ULWOM",69,"SCSP",0.02674551656569,0.243253088165431
"ULWOM",69,"SCHL",0.189771232303694,0.186283025720538
"ULWOM",70,"DNKA",0.309377939996694,0.155080419520054
"ULWOM",70,"ESXC",0.434903046589466,0.189724677115141
"ULWOM",70,"FDSC",0.720881461645719,0.144214020192786
"ULWOM",70,"GOVG",0.102769102263865,0.160588394988243
"ULWOM",70,"VLNC",0.61646992475238,0.148555383276449
"ULWOM",70,"SCSP",0.0383453183168794,0.242871797246169
"ULWOM",70,"SCHL",0.181647655783323,0.186396485787921
"ULWOM",71,"DNKA",0.296460699393238,0.15536680866999
"ULWOM",71,"ESXC",0.447059746987157,0.19041812236453
"ULWOM",71,"FDSC",0.71967061642633,0.144479667538087
"ULWOM",71,"GOVG",0.113168344034939,0.160667500632351
"ULWOM",71,"VLNC",0.61955285494816,0.149008228078178
"ULWOM",71,"SCSP",0.021296475240347,0.243449063973466
"ULWOM",71,"SCHL",0.167771708421049,0.186734637569849
"ULWOM",72,"DNKA",0.310172358402161,0.154822334463443
"ULWOM",72,"ESXC",0.440214286512421,0.190216722905231
"ULWOM",72,"FDSC",0.721221191389163,0.144220943217097
"ULWOM",72,"GOVG",0.10247863322955,0.160448819985717
"ULWOM",72,"VLNC",0.61699849714877,0.148538512912293
"ULWOM",72,"SCSP",0.0445904908299975,0.243271997901219
"ULWOM",72,"SCHL",0.19107352551476,0.186219191419763
"ULWOM",73,"DNKA",0.296483242119227,0.155314942992059
"ULWOM",73,"ESXC",0.443414455202867,0.190034987195608
"ULWOM",73,"FDSC",0.723898857469463,0.144373763101081
"ULWOM",73,"GOVG",0.0982029204078861,0.160638359782553
"ULWOM",73,"VLNC",0.627312148370195,0.148988250495899
"ULWOM",73,"SCSP",0.0430583659541928,0.243798564863771
"ULWOM",73,"SCHL",0.195254800276019,0.186776667377361
"ULWOM",74,"DNKA",0.307059302263075,0.154740917558774
"ULWOM",74,"ESXC",0.428838029445334,0.190903612210597
"ULWOM",74,"FDSC",0.721292347819618,0.144312222097874
"ULWOM",74,"GOVG",0.110280095870031,0.160389871517837
"ULWOM",74,"VLNC",0.61886920467446,0.14841053639633
"ULWOM",74,"SCSP",0.0316969081244034,0.243231221517225
"ULWOM",74,"SCHL",0.185635922043246,0.186658129231888
"ULWOM",75,"DNKA",0.306466468982768,0.154977334395042
"ULWOM",75,"ESXC",0.443436229191566,0.189760383724823
"ULWOM",75,"FDSC",0.725173396430713,0.144243349728755
"ULWOM",75,"GOVG",0.104089077901088,0.160299227538464
"ULWOM",75,"VLNC",0.615171455130712,0.148719123516482
"ULWOM",75,"SCSP",0.0488683499750207,0.243179674900249
"ULWOM",75,"SCHL",0.189691606399737,0.18644977156236
"ULWOM",76,"DNKA",0.308828880027167,0.155168438198566
"ULWOM",76,"ESXC",0.430725821185128,0.18980105326235
"ULWOM",76,"FDSC",0.713054356483916,0.144345664772892
"ULWOM",76,"GOVG",0.107867566907826,0.160438846980748
"ULWOM",76,"VLNC",0.616491582774661,0.148610629595173
"ULWOM",76,"SCSP",0.0428225790642373,0.243281338431503
"ULWOM",76,"SCHL",0.176358443195525,0.186404290583108
"ULWOM",77,"DNKA",0.308357598276441,0.154851084915743
"ULWOM",77,"ESXC",0.439963555241748,0.190171670506538
"ULWOM",77,"FDSC",0.727721428534736,0.144205490256199
"ULWOM",77,"GOVG",0.10857242136592,0.160272822528208
"ULWOM",77,"VLNC",0.614241880958654,0.148534379556208
"ULWOM",77,"SCSP",0.0306519880402391,0.243440541043987
"ULWOM",77,"SCHL",0.19519778363545,0.186486316715775
"ULWOM",78,"DNKA",0.302790118386607,0.155125979091373
"ULWOM",78,"ESXC",0.43010239164224,0.190501828549974
"ULWOM",78,"FDSC",0.718936980480321,0.14426447969007
"ULWOM",78,"GOVG",0.107613678711534,0.160467926897453
"ULWOM",78,"VLNC",0.608018642772931,0.148563016233524
"ULWOM",78,"SCSP",0.024285705102435,0.243524661818469
"ULWOM",78,"SCHL",0.172770549945905,0.186538826568032
"ULWOM",79,"DNKA",0.309502102986834,0.154869913358679
"ULWOM",79,"ESXC",0.446629584845468,0.190321346617364
"ULWOM",79,"FDSC",0.722244847288494,0.144196234221877
"ULWOM",79,"GOVG",0.107942816167405,0.160351296373557
"ULWOM",79,"VLNC",0.616155660650073,0.148402654800804
"ULWOM",79,"SCSP",0.0382041708633014,0.242798685901759
"ULWOM",79,"SCHL",0.193176884703372,0.186521086126381
"ULWOM",80,"DNKA",0.312143487473439,0.155049076438139
"ULWOM",80,"ESXC",0.438393802022675,0.190217481690741
"ULWOM",80,"FDSC",0.71873217585414,0.144416601994488
"ULWOM",80,"GOVG",0.107483988998256,0.160563842640716
"ULWOM",80,"VLNC",0.622430214065024,0.14874062281968
"ULWOM",80,"SCSP",0.0514518659744816,0.243758034864518
"ULWOM",80,"SCHL",0.190194486384084,0.186654957209045
"ULWOM",81,"DNKA",0.30137124304429,0.154893600624265
"ULWOM",81,"ESXC",0.441883517617344,0.189530382977993
"ULWOM",81,"FDSC",0.718557452663543,0.144087775156176
"ULWOM",81,"GOVG",0.107696926564249,0.160419767790556
"ULWOM",81,"VLNC",0.622090286272261,0.14856942945253
"ULWOM",81,"SCSP",0.0495881090411265,0.243418921488994
"ULWOM",81,"SCHL",0.17890546644546,0.186386544311413
"ULWOM",82,"DNKA",0.309944524377471,0.154797141839333
"ULWOM",82,"ESXC",0.440619810899914,0.190024116384132
"ULWOM",82,"FDSC",0.723994880416541,0.144248273320615
"ULWOM",82,"GOVG",0.106570062930211,0.16030597788165
"ULWOM",82,"VLNC",0.617133150799227,0.148548663683962
"ULWOM",82,"SCSP",0.0361721856424761,0.243178847577973
"ULWOM",82,"SCHL",0.191972465210493,0.186431162227054
"ULWOM",83,"DNKA",0.303419270977773,0.155073244609389
"ULWOM",83,"ESXC",0.446059775663381,0.189829216215428
"ULWOM",83,"FDSC",0.721492367049764,0.144200242631572
"ULWOM",83,"GOVG",0.104532983185072,0.16053513281414
"ULWOM",83,"VLNC",0.61944028687311,0.149188034121688
"ULWOM",83,"SCSP",0.0513032367227379,0.24336858698631
"ULWOM",83,"SCHL",0.179885625993878,0.186572877803755
"ULWOM",84,"DNKA",0.308100550740015,0.154927286994368
"ULWOM",84,"ESXC",0.441808544248134,0.189487647490581
"ULWOM",84,"FDSC",0.711102276914487,0.144267475557797
"ULWOM",84,"GOVG",0.108572399541926,0.160427498589429
"ULWOM",84,"VLNC",0.619934843306624,0.148813582150966
"ULWOM",84,"SCSP",0.0480899342261999,0.243401130126176
"ULWOM",84,"SCHL",0.174562951686623,0.186556567251572
"ULWOM",85,"DNKA",0.314454033008622,0.154835552020704
"ULWOM",85,"ESXC",0.43275509384997,0.190230468110882
"ULWOM",85,"FDSC",0.720880809312612,0.144270904018915
"ULWOM",85,"GOVG",0.104010064692995,0.160248000577272
"ULWOM",85,"VLNC",0.611744517531929,0.148584576116646
"ULWOM",85,"SCSP",0.0341945849546952,0.243157159984779
"ULWOM",85,"SCHL",0.195504887040996,0.186332810036983
"ULWOM",86,"DNKA",0.309569262400862,0.155008161326384
"ULWOM",86,"ESXC",0.429384116701866,0.190316769345159
"ULWOM",86,"FDSC",0.721359592889359,0.144256931648848
"ULWOM",86,"GOVG",0.108658590806596,0.160316067234531
"ULWOM",86,"VLNC",0.609145316099389,0.148850778055749
"ULWOM",86,"SCSP",0.037260383459392,0.24312959380388
"ULWOM",86,"SCHL",0.188301564101084,0.186188721245495
"ULWOM",87,"DNKA",0.307600468293106,0.1548562910647
"ULWOM",87,"ESXC",0.442314189305443,0.189593988398631
"ULWOM",87,"FDSC",0.718767746746261,0.14413609477882
"ULWOM",87,"GOVG",0.106167453345479,0.160346552021704
"ULWOM",87,"VLNC",0.623930352573495,0.148577427427876
"ULWOM",87,"SCSP",0.0487957550348481,0.243248085096767
"ULWOM",87,"SCHL",0.174242854286581,0.186631979771615
"ULWOM",88,"DNKA",0.302724311511895,0.154974732680273
"ULWOM",88,"ESXC",0.44958670722761,0.189939912693598
"ULWOM",88,"FDSC",0.715362722772623,0.144164776369313
"ULWOM",88,"GOVG",0.10652112983111,0.160324773830197
"ULWOM",88,"VLNC",0.624599033910194,0.148616513216424
"ULWOM",88,"SCSP",0.0387732830817159,0.243304696323074
"ULWOM",88,"SCHL",0.180391459506416,0.186408506790225
"ULWOM",89,"DNKA",0.304881953354903,0.154871395669056
"ULWOM",89,"ESXC",0.425483890211484,0.190008570865466
"ULWOM",89,"FDSC",0.717443553063424,0.144462413047958
"ULWOM",89,"GOVG",0.0927087329211841,0.16082043567136
"ULWOM",89,"VLNC",0.618088671592877,0.148595481748102
"ULWOM",89,"SCSP",0.0345146352528112,0.243534679426314
"ULWOM",89,"SCHL",0.184870275092554,0.186706620096864
"ULWOM",90,"DNKA",0.300990196249764,0.155203732245762
"ULWOM",90,"ESXC",0.432227186893909,0.190359797103337
"ULWOM",90,"FDSC",0.722894264848776,0.144434870087572
"ULWOM",90,"GOVG",0.0969029919118408,0.160823591899123
"ULWOM",90,"VLNC",0.622414368368019,0.14885677378104
"ULWOM",90,"SCSP",0.0308700757197229,0.243463339208526
"ULWOM",90,"SCHL",0.177267273408917,0.186764699169772
"ULWOM",91,"DNKA",0.308457113379941,0.155249899398217
"ULWOM",91,"ESXC",0.429749592372585,0.189927156316128
"ULWOM",91,"FDSC",0.717241072265499,0.144326649141877
"ULWOM",91,"GOVG",0.09803799048466,0.160663359047374
"ULWOM",91,"VLNC",0.617777104324452,0.14869486058581
"ULWOM",91,"SCSP",0.0336816638438728,0.244016397329841
"ULWOM",91,"SCHL",0.194207311780507,0.186470135764125
"ULWOM",92,"DNKA",0.294096040502183,0.155188738817053
"ULWOM",92,"ESXC",0.442876887338609,0.190338219261522
"ULWOM",92,"FDSC",0.724791445247374,0.144660105736137
"ULWOM",92,"GOVG",0.09688644029083,0.160693384951556
"ULWOM",92,"VLNC",0.617998497890878,0.148697337636621
"ULWOM",92,"SCSP",0.0355328628106119,0.24379094251659
"ULWOM",92,"SCHL",0.19214251171111,0.186740923655286
"ULWOM",93,"DNKA",0.309184648828564,0.154837393061877
"ULWOM",93,"ESXC",0.434742455162099,0.189704234231655
"ULWOM",93,"FDSC",0.722371618236969,0.144275972513669
"ULWOM",93,"GOVG",0.10043743830625,0.160430247846591
"ULWOM",93,"VLNC",0.618650638619932,0.148448844284104
"ULWOM",93,"SCSP",0.0372198130407276,0.243410997394748
"ULWOM",93,"SCHL",0.177725907768251,0.186355759573312
"ULWOM",94,"DNKA",0.307812068671641,0.154945454858447
"ULWOM",94,"ESXC",0.427812698740836,0.190226078671525
"ULWOM",94,"FDSC",0.719110846600849,0.144285668331598
"ULWOM",94,"GOVG",0.108120623408278,0.160435562136794
"ULWOM",94,"VLNC",0.616327711330976,0.148500181542313
"ULWOM",94,"SCSP",0.0347060780235368,0.243194938862941
"ULWOM",94,"SCHL",0.181383437003722,0.186511953246714
"ULWOM",95,"DNKA",0.310483492791106,0.154992018465052
"ULWOM",95,"ESXC",0.440220772463653,0.189897312740548
"ULWOM",95,"FDSC",0.724590740871939,0.144236542885393
"ULWOM",95,"GOVG",0.102915170421701,0.16059486943204
"ULWOM",95,"VLNC",0.618825605169316,0.148812733133251
"ULWOM",95,"SCSP",0.0491946710320866,0.243406636859625
"ULWOM",95,"SCHL",0.181228434521294,0.186640597853064
"ULWOM",96,"DNKA",0.305118183564767,0.154973190119272
"ULWOM",96,"ESXC",0.447409677890754,0.190154410890889
"ULWOM",96,"FDSC",0.724169196577884,0.14417928036957
"ULWOM",96,"GOVG",0.0985663843365494,0.160443077138003
"ULWOM",96,"VLNC",0.621547098072031,0.148777458645526
"ULWOM",96,"SCSP",0.0529367198000841,0.243478450304523
"ULWOM",96,"SCHL",0.189079720011312,0.186413929750321
"ULWOM",97,"DNKA",0.304311329653964,0.155001233717472
"ULWOM",97,"ESXC",0.435685109961519,0.189906876692875
"ULWOM",97,"FDSC",0.714427742577299,0.144238099077695
"ULWOM",97,"GOVG",0.100930777007949,0.160644690734982
"ULWOM",97,"VLNC",0.618890477235687,0.148581814581879
"ULWOM",97,"SCSP",0.0470342316697491,0.243290266056435
"ULWOM",97,"SCHL",0.177533838092359,0.186255136926966
"ULWOM",98,"DNKA",0.304838953173736,0.154860567726442
"ULWOM",98,"ESXC",0.438654790702712,0.189912827621513
"ULWOM",98,"FDSC",0.721171647738501,0.144192017615452
"ULWOM",98,"GOVG",0.103143456437085,0.160518360347294
"ULWOM",98,"VLNC",0.616156933288862,0.148576748220439
"ULWOM",98,"SCSP",0.0400763979339084,0.243094580583885
"ULWOM",98,"SCHL",0.185854675688946,0.186909111197988
"ULWOM",99,"DNKA",0.308845191920889,0.155067043648729
"ULWOM",99,"ESXC",0.445939973085862,0.189390763897033
"ULWOM",99,"FDSC",0.714578417897986,0.144271852112925
"ULWOM",99,"GOVG",0.102686026777163,0.16045277326318
"ULWOM",99,"VLNC",0.620224689987284,0.148598204396233
"ULWOM",99,"SCSP",0.0672850475876895,0.243964412596023
"ULWOM",99,"SCHL",0.17746980341783,0.186279020537227
"ULWOM",100,"DNKA",0.302126069553682,0.15497714906207
"ULWOM",100,"ESXC",0.443099596114604,0.189870881592021
"ULWOM",100,"FDSC",0.72493363094171,0.14427602845251
"ULWOM",100,"GOVG",0.101534624486119,0.160527715622444
"ULWOM",100,"VLNC",0.62144764487265,0.148599785579764
"ULWOM",100,"SCSP",0.0434353331354399,0.243769411245786
"ULWOM",100,"SCHL",0.180307758929935,0.186638083828566
"ULWOF",1,"DNKA",0.225853108328681,0.198447951524645
"ULWOF",1,"ESXC",0.3028413173222,0.239225249015537
"ULWOF",1,"FDSC",0.701385952269144,0.185691019474208
"ULWOF",1,"GOVG",-0.0903927931566328,0.203769687049275
"ULWOF",1,"VLNC",0.952256258183828,0.19097137592264
"ULWOF",1,"SCSP",-0.392212396031133,0.281552874143387
"ULWOF",1,"SCHL",0.224236031947819,0.23529304090829
"ULWOF",2,"DNKA",0.232816232385135,0.198340938092779
"ULWOF",2,"ESXC",0.293279378437105,0.239820541457346
"ULWOF",2,"FDSC",0.698903037022732,0.185405105347389
"ULWOF",2,"GOVG",-0.087559909798738,0.203743390480796
"ULWOF",2,"VLNC",0.932662612111456,0.190526037615852
"ULWOF",2,"SCSP",-0.39725231219448,0.281541896220308
"ULWOF",2,"SCHL",0.223794033702313,0.235300637116724
"ULWOF",3,"DNKA",0.240443975505609,0.198879987522899
"ULWOF",3,"ESXC",0.300930450112643,0.239344935463246
"ULWOF",3,"FDSC",0.707986425696886,0.185491731683437
"ULWOF",3,"GOVG",-0.0951294634428356,0.203980755356195
"ULWOF",3,"VLNC",0.93325061901341,0.191272593514338
"ULWOF",3,"SCSP",-0.393969643391681,0.282674048246467
"ULWOF",3,"SCHL",0.229797374354207,0.235897757708624
"ULWOF",4,"DNKA",0.22825768855785,0.198545476927788
"ULWOF",4,"ESXC",0.316108175604267,0.239125018661206
"ULWOF",4,"FDSC",0.712988105161484,0.185408811266196
"ULWOF",4,"GOVG",-0.0844482057619767,0.203559375478145
"ULWOF",4,"VLNC",0.931987640726809,0.19091779803568
"ULWOF",4,"SCSP",-0.395460346506988,0.281315693849132
"ULWOF",4,"SCHL",0.216690997902377,0.235879553333041
"ULWOF",5,"DNKA",0.215325963664203,0.198056289925868
"ULWOF",5,"ESXC",0.295517483633496,0.239259221229048
"ULWOF",5,"FDSC",0.71211994036555,0.185304459520068
"ULWOF",5,"GOVG",-0.0708987880857499,0.20347908922146
"ULWOF",5,"VLNC",0.941384619298604,0.19059300758647
"ULWOF",5,"SCSP",-0.396096142188858,0.281632675540786
"ULWOF",5,"SCHL",0.222659050301348,0.234785753160619
"ULWOF",6,"DNKA",0.228926223203684,0.198817721734065
"ULWOF",6,"ESXC",0.31490283190821,0.239520335709454
"ULWOF",6,"FDSC",0.717453546051541,0.18508943283543
"ULWOF",6,"GOVG",-0.0824398106432918,0.203586021028602
"ULWOF",6,"VLNC",0.928528512987414,0.190763901910647
"ULWOF",6,"SCSP",-0.387000840027658,0.28206473765904
"ULWOF",6,"SCHL",0.223842163594379,0.236184797397084
"ULWOF",7,"DNKA",0.216186255971175,0.198626149650524
"ULWOF",7,"ESXC",0.307175018709623,0.239800111870891
"ULWOF",7,"FDSC",0.70536001438354,0.185470493077461
"ULWOF",7,"GOVG",-0.0684838023131283,0.203228658995055
"ULWOF",7,"VLNC",0.920123757002947,0.191098229693114
"ULWOF",7,"SCSP",-0.396046928886808,0.282347277062322
"ULWOF",7,"SCHL",0.215356022303256,0.235953642581438
"ULWOF",8,"DNKA",0.21270448295236,0.198597220389011
"ULWOF",8,"ESXC",0.30766882138053,0.239685480676375
"ULWOF",8,"FDSC",0.712906442013229,0.185449123420517
"ULWOF",8,"GOVG",-0.0708006313171774,0.203645987119739
"ULWOF",8,"VLNC",0.935665846219982,0.190756399776005
"ULWOF",8,"SCSP",-0.374241089709171,0.282455153482143
"ULWOF",8,"SCHL",0.217154279383374,0.235390825899982
"ULWOF",9,"DNKA",0.221307268352973,0.19816923586319
"ULWOF",9,"ESXC",0.300033875493762,0.239740769962383
"ULWOF",9,"FDSC",0.713973687471342,0.185074004301225
"ULWOF",9,"GOVG",-0.0783340825049143,0.203282996401193
"ULWOF",9,"VLNC",0.940975270617385,0.190624107954918
"ULWOF",9,"SCSP",-0.388947324749559,0.281489529671512
"ULWOF",9,"SCHL",0.22924505290286,0.235218487020919
"ULWOF",10,"DNKA",0.214360571788223,0.198371998044303
"ULWOF",10,"ESXC",0.302166262721741,0.239737720465172
"ULWOF",10,"FDSC",0.711677021627336,0.185317094047186
"ULWOF",10,"GOVG",-0.0766887236558725,0.203250767891823
"ULWOF",10,"VLNC",0.933153108013711,0.190727518141388
"ULWOF",10,"SCSP",-0.381131761643371,0.282062537245512
"ULWOF",10,"SCHL",0.219773452223349,0.235835861354593
"ULWOF",11,"DNKA",0.218026558285702,0.198017105533432
"ULWOF",11,"ESXC",0.30149431344054,0.239794924266889
"ULWOF",11,"FDSC",0.70909944352114,0.18530877071744
"ULWOF",11,"GOVG",-0.0761797608565722,0.203068982649857
"ULWOF",11,"VLNC",0.940461745643238,0.190671038882904
"ULWOF",11,"SCSP",-0.395337968475514,0.282042715336338
"ULWOF",11,"SCHL",0.223250329293765,0.235391422136784
"ULWOF",12,"DNKA",0.23759320117243,0.198635589158676
"ULWOF",12,"ESXC",0.305882464902485,0.240730143241764
"ULWOF",12,"FDSC",0.703748935816518,0.185982148511912
"ULWOF",12,"GOVG",-0.0877512317086873,0.203261153088814
"ULWOF",12,"VLNC",0.942817315041502,0.190644205906558
"ULWOF",12,"SCSP",-0.436892316645878,0.282659781066013
"ULWOF",12,"SCHL",0.232749577260666,0.235843442624443
"ULWOF",13,"DNKA",0.213522131569619,0.198187463383228
"ULWOF",13,"ESXC",0.297175133238179,0.239807512195061
"ULWOF",13,"FDSC",0.710178550114708,0.185393542900804
"ULWOF",13,"GOVG",-0.0694997938109549,0.202883837583639
"ULWOF",13,"VLNC",0.950861926720751,0.190992831445714
"ULWOF",13,"SCSP",-0.3836680163164,0.281277123073088
"ULWOF",13,"SCHL",0.232161999238856,0.235292378109446
"ULWOF",14,"DNKA",0.21701822999884,0.198322644457618
"ULWOF",14,"ESXC",0.311563524550249,0.239782906910118
"ULWOF",14,"FDSC",0.710203942582875,0.185306041317376
"ULWOF",14,"GOVG",-0.0739157652293372,0.203439614556295
"ULWOF",14,"VLNC",0.940897340847639,0.190792709410575
"ULWOF",14,"SCSP",-0.395864584539184,0.28161520922145
"ULWOF",14,"SCHL",0.228977257685945,0.235819378218792
"ULWOF",15,"DNKA",0.216482193853783,0.19862306602178
"ULWOF",15,"ESXC",0.299964502781961,0.239276112494976
"ULWOF",15,"FDSC",0.717044776198186,0.185296246241655
"ULWOF",15,"GOVG",-0.0708594034165792,0.204124345307087
"ULWOF",15,"VLNC",0.935650790971014,0.190758265558925
"ULWOF",15,"SCSP",-0.388199230907849,0.282026525528589
"ULWOF",15,"SCHL",0.225831874397193,0.235616012669091
"ULWOF",16,"DNKA",0.222808557236281,0.198324750107458
"ULWOF",16,"ESXC",0.302184605400984,0.239690059622436
"ULWOF",16,"FDSC",0.698396275418381,0.185467794618476
"ULWOF",16,"GOVG",-0.0984221280863481,0.203976943088848
"ULWOF",16,"VLNC",0.929935252129182,0.191049476333227
"ULWOF",16,"SCSP",-0.396791008311703,0.281882123902257
"ULWOF",16,"SCHL",0.224199691826611,0.235352075615536
"ULWOF",17,"DNKA",0.213905637432156,0.198352295208562
"ULWOF",17,"ESXC",0.29997910170249,0.2394177087587
"ULWOF",17,"FDSC",0.717737452328927,0.185223134677405
"ULWOF",17,"GOVG",-0.0611572430390345,0.20320621867891
"ULWOF",17,"VLNC",0.942448419578518,0.190582496276876
"ULWOF",17,"SCSP",-0.388646878557819,0.28186827897331
"ULWOF",17,"SCHL",0.224888612949677,0.235373340590925
"ULWOF",18,"DNKA",0.220489287133565,0.198711809802769
"ULWOF",18,"ESXC",0.299714520499448,0.24013625252379
"ULWOF",18,"FDSC",0.709998438335569,0.185538738843172
"ULWOF",18,"GOVG",-0.0714342829353721,0.203605317423291
"ULWOF",18,"VLNC",0.93871661774854,0.190745451990436
"ULWOF",18,"SCSP",-0.389948583563881,0.281785333307587
"ULWOF",18,"SCHL",0.218900930477245,0.236421672578332
"ULWOF",19,"DNKA",0.213859633643351,0.198286918969433
"ULWOF",19,"ESXC",0.289734532512523,0.238916163428462
"ULWOF",19,"FDSC",0.711154478900215,0.18522856741325
"ULWOF",19,"GOVG",-0.0732752895290834,0.203219963016849
"ULWOF",19,"VLNC",0.952446673581212,0.191014467474353
"ULWOF",19,"SCSP",-0.388941889015136,0.282193678559812
"ULWOF",19,"SCHL",0.225090295240505,0.236317449569059
"ULWOF",20,"DNKA",0.210754027482591,0.198155784978686
"ULWOF",20,"ESXC",0.302847042560463,0.239161116224056
"ULWOF",20,"FDSC",0.716597994367085,0.185211940787066
"ULWOF",20,"GOVG",-0.0790692706316459,0.203489881829459
"ULWOF",20,"VLNC",0.937740853218968,0.190772575929457
"ULWOF",20,"SCSP",-0.406743404077788,0.282198784127249
"ULWOF",20,"SCHL",0.221012148467573,0.23520544381909
"ULWOF",21,"DNKA",0.225568769798293,0.198664268268743
"ULWOF",21,"ESXC",0.306887997347604,0.239613803287483
"ULWOF",21,"FDSC",0.702107038019824,0.185340296472182
"ULWOF",21,"GOVG",-0.08755096609527,0.203507535715772
"ULWOF",21,"VLNC",0.92692684571923,0.191016776679109
"ULWOF",21,"SCSP",-0.380936084177716,0.281808363927433
"ULWOF",21,"SCHL",0.219670194543811,0.235797432216604
"ULWOF",22,"DNKA",0.225544200970295,0.198600333800036
"ULWOF",22,"ESXC",0.307359260323232,0.239754764148324
"ULWOF",22,"FDSC",0.702614895525319,0.185708104899542
"ULWOF",22,"GOVG",-0.0756454454634153,0.203314560450058
"ULWOF",22,"VLNC",0.930476095144744,0.190816402738751
"ULWOF",22,"SCSP",-0.40498472183841,0.282308587063953
"ULWOF",22,"SCHL",0.240031762806632,0.2363179745233
"ULWOF",23,"DNKA",0.209371298390616,0.198175433925832
"ULWOF",23,"ESXC",0.300156024570705,0.239545398364633
"ULWOF",23,"FDSC",0.716156319687578,0.185267829870179
"ULWOF",23,"GOVG",-0.0681884941582183,0.203596173637684
"ULWOF",23,"VLNC",0.934167341975983,0.190572277043777
"ULWOF",23,"SCSP",-0.381574043927882,0.282097148954473
"ULWOF",23,"SCHL",0.218393050187027,0.235103440849466
"ULWOF",24,"DNKA",0.204432430356824,0.198201497748292
"ULWOF",24,"ESXC",0.291156935301386,0.239679492009345
"ULWOF",24,"FDSC",0.717061825483984,0.185346697838134
"ULWOF",24,"GOVG",-0.0629320680291075,0.20338395584369
"ULWOF",24,"VLNC",0.939854876660793,0.190561615410995
"ULWOF",24,"SCSP",-0.389126101428624,0.281682832290485
"ULWOF",24,"SCHL",0.222607463593905,0.234923504127321
"ULWOF",25,"DNKA",0.216641057668986,0.197968866745652
"ULWOF",25,"ESXC",0.292825102241781,0.239474856240904
"ULWOF",25,"FDSC",0.710325433878697,0.18549845026928
"ULWOF",25,"GOVG",-0.0656651387467343,0.203086256122892
"ULWOF",25,"VLNC",0.945280379520931,0.190864371334789
"ULWOF",25,"SCSP",-0.384070878917865,0.281921958661015
"ULWOF",25,"SCHL",0.228840964501047,0.235360801346864
"ULWOF",26,"DNKA",0.224708467791949,0.198449444308667
"ULWOF",26,"ESXC",0.300828682741279,0.23950393692058
"ULWOF",26,"FDSC",0.700123822337852,0.186048718298383
"ULWOF",26,"GOVG",-0.0598048728433159,0.203382821209751
"ULWOF",26,"VLNC",0.931085952545334,0.19091013780882
"ULWOF",26,"SCSP",-0.408344069086606,0.282502682968693
"ULWOF",26,"SCHL",0.224756674097457,0.235753453357515
"ULWOF",27,"DNKA",0.21035107103429,0.198332437294242
"ULWOF",27,"ESXC",0.298616542699024,0.239313603201891
"ULWOF",27,"FDSC",0.728345133707611,0.185689214071898
"ULWOF",27,"GOVG",-0.0580864522721033,0.203229680116797
"ULWOF",27,"VLNC",0.93801314312544,0.190737132677563
"ULWOF",27,"SCSP",-0.383651424936408,0.282122010692
"ULWOF",27,"SCHL",0.225033318499589,0.235372140392034
"ULWOF",28,"DNKA",0.202425447657522,0.19839080779613
"ULWOF",28,"ESXC",0.299624280816282,0.239273716726841
"ULWOF",28,"FDSC",0.722295984862045,0.185463216028201
"ULWOF",28,"GOVG",-0.058063632241741,0.20387300018377
"ULWOF",28,"VLNC",0.940832616603485,0.190707868222431
"ULWOF",28,"SCSP",-0.374630929692951,0.283136807373018
"ULWOF",28,"SCHL",0.230170949831958,0.235265999087175
"ULWOF",29,"DNKA",0.220262814005274,0.198341039393058
"ULWOF",29,"ESXC",0.297472829968828,0.239393063909558
"ULWOF",29,"FDSC",0.722347412030981,0.185256518759664
"ULWOF",29,"GOVG",-0.065346715938753,0.203017981974803
"ULWOF",29,"VLNC",0.942124575585921,0.190743949425
"ULWOF",29,"SCSP",-0.39343641306459,0.28175431637992
"ULWOF",29,"SCHL",0.236123823442603,0.235721427746997
"ULWOF",30,"DNKA",0.222706545285325,0.197985566244699
"ULWOF",30,"ESXC",0.29699954802963,0.239795775158204
"ULWOF",30,"FDSC",0.711589698660188,0.185581610178534
"ULWOF",30,"GOVG",-0.0645672435922634,0.20341095575844
"ULWOF",30,"VLNC",0.948271005231971,0.191098286816883
"ULWOF",30,"SCSP",-0.428124414900205,0.282595857875647
"ULWOF",30,"SCHL",0.217192903732055,0.235749903507515
"ULWOF",31,"DNKA",0.251274068654796,0.199167355099017
"ULWOF",31,"ESXC",0.308777137586414,0.239774989957477
"ULWOF",31,"FDSC",0.698745279779094,0.185715273805684
"ULWOF",31,"GOVG",-0.098374720520542,0.204022432874734
"ULWOF",31,"VLNC",0.921763188071112,0.190814771159353
"ULWOF",31,"SCSP",-0.412331627728153,0.282896494953203
"ULWOF",31,"SCHL",0.200045646072936,0.237043697759441
"ULWOF",32,"DNKA",0.211924249732661,0.198551195523169
"ULWOF",32,"ESXC",0.320111967300666,0.239747145808467
"ULWOF",32,"FDSC",0.707282214117091,0.185450058544442
"ULWOF",32,"GOVG",-0.0750242318743786,0.203514326462541
"ULWOF",32,"VLNC",0.942825801302571,0.191117419891169
"ULWOF",32,"SCSP",-0.397673267649953,0.281945086610607
"ULWOF",32,"SCHL",0.241883781222852,0.235833634096152
"ULWOF",33,"DNKA",0.21356744285976,0.198026326998012
"ULWOF",33,"ESXC",0.293716778328232,0.239724479858474
"ULWOF",33,"FDSC",0.71306130194963,0.185392923321478
"ULWOF",33,"GOVG",-0.063174190156077,0.203173664054678
"ULWOF",33,"VLNC",0.94177985401875,0.190639298589262
"ULWOF",33,"SCSP",-0.386467880999126,0.282065426417511
"ULWOF",33,"SCHL",0.222903540396205,0.234868237758635
"ULWOF",34,"DNKA",0.20974533167001,0.198393050829539
"ULWOF",34,"ESXC",0.301862779652621,0.23960174787376
"ULWOF",34,"FDSC",0.697715533100692,0.186000097826762
"ULWOF",34,"GOVG",-0.0712418828156015,0.203341719091996
"ULWOF",34,"VLNC",0.938531186054846,0.190568483458838
"ULWOF",34,"SCSP",-0.378415096563935,0.281790571437994
"ULWOF",34,"SCHL",0.222339117724306,0.235374357746876
"ULWOF",35,"DNKA",0.223822373926978,0.198666116458174
"ULWOF",35,"ESXC",0.294700543359808,0.23962078224956
"ULWOF",35,"FDSC",0.708728096285848,0.185517834971289
"ULWOF",35,"GOVG",-0.067874067025022,0.203539418327541
"ULWOF",35,"VLNC",0.931180129472263,0.190659635545795
"ULWOF",35,"SCSP",-0.392380871094667,0.28213829947094
"ULWOF",35,"SCHL",0.214253126936445,0.236041927467763
"ULWOF",36,"DNKA",0.221517306685675,0.198519219712537
"ULWOF",36,"ESXC",0.294080935423088,0.239732915769599
"ULWOF",36,"FDSC",0.693886457065014,0.186520619450824
"ULWOF",36,"GOVG",-0.0692757963928919,0.203299669880866
"ULWOF",36,"VLNC",0.93362848574017,0.190651561726869
"ULWOF",36,"SCSP",-0.407322155829873,0.282209314761107
"ULWOF",36,"SCHL",0.21475982551961,0.235637904380468
"ULWOF",37,"DNKA",0.227137898585511,0.198615949251898
"ULWOF",37,"ESXC",0.30380109194905,0.239063634238257
"ULWOF",37,"FDSC",0.709259823834012,0.185503162327859
"ULWOF",37,"GOVG",-0.0728391454738287,0.203333680347302
"ULWOF",37,"VLNC",0.935012044835614,0.190698866648075
"ULWOF",37,"SCSP",-0.398490788987431,0.281864569902405
"ULWOF",37,"SCHL",0.230873109314729,0.235849751899021
"ULWOF",38,"DNKA",0.216438579781243,0.19806842575342
"ULWOF",38,"ESXC",0.304267793791329,0.239344046993805
"ULWOF",38,"FDSC",0.707116359356885,0.18508209195463
"ULWOF",38,"GOVG",-0.0770304865828784,0.203484755998647
"ULWOF",38,"VLNC",0.933898001898415,0.190922521032487
"ULWOF",38,"SCSP",-0.387304770502497,0.281918616444673
"ULWOF",38,"SCHL",0.218176459012514,0.235109348982506
"ULWOF",39,"DNKA",0.215431115084217,0.198413062256541
"ULWOF",39,"ESXC",0.300343832915474,0.239888203982458
"ULWOF",39,"FDSC",0.714190122084141,0.185113670033378
"ULWOF",39,"GOVG",-0.063220943656917,0.20333707863483
"ULWOF",39,"VLNC",0.944081157067823,0.19083828373553
"ULWOF",39,"SCSP",-0.386610014544449,0.28196090662905
"ULWOF",39,"SCHL",0.225290911278462,0.235233175704345
"ULWOF",40,"DNKA",0.219696020776011,0.198372556334726
"ULWOF",40,"ESXC",0.30463824477037,0.239310269773893
"ULWOF",40,"FDSC",0.715386165514386,0.185353992060898
"ULWOF",40,"GOVG",-0.0728126880935393,0.202996249156652
"ULWOF",40,"VLNC",0.950907055479758,0.190801887329043
"ULWOF",40,"SCSP",-0.380749602452727,0.281732027006678
"ULWOF",40,"SCHL",0.244070326634774,0.235762610375334
"ULWOF",41,"DNKA",0.23739327767041,0.198471499679922
"ULWOF",41,"ESXC",0.321246633927907,0.239849405389261
"ULWOF",41,"FDSC",0.708036748386269,0.185263459267319
"ULWOF",41,"GOVG",-0.100257406814346,0.203542713484496
"ULWOF",41,"VLNC",0.93744460739915,0.190856388560133
"ULWOF",41,"SCSP",-0.392794023010422,0.281428388259955
"ULWOF",41,"SCHL",0.225690861736125,0.235900264087557
"ULWOF",42,"DNKA",0.229722214360449,0.198957204372974
"ULWOF",42,"ESXC",0.302410554650071,0.239570252949852
"ULWOF",42,"FDSC",0.707654549809919,0.18557162130339
"ULWOF",42,"GOVG",-0.0837723571141597,0.203634658312563
"ULWOF",42,"VLNC",0.944952791047855,0.190978741546385
"ULWOF",42,"SCSP",-0.405044926208831,0.281954220055703
"ULWOF",42,"SCHL",0.220821091312627,0.235606934840351
"ULWOF",43,"DNKA",0.218120243705942,0.198503197806161
"ULWOF",43,"ESXC",0.300643656647071,0.239810667495505
"ULWOF",43,"FDSC",0.724991622858828,0.185512430657346
"ULWOF",43,"GOVG",-0.0784742792605775,0.203402729730417
"ULWOF",43,"VLNC",0.936165366096783,0.190737640310107
"ULWOF",43,"SCSP",-0.403578756869645,0.281839066755096
"ULWOF",43,"SCHL",0.216781301436242,0.235674555172472
"ULWOF",44,"DNKA",0.230311299660774,0.198483444556207
"ULWOF",44,"ESXC",0.302882728798506,0.239448924373419
"ULWOF",44,"FDSC",0.708369843907726,0.185445068978774
"ULWOF",44,"GOVG",-0.0847930033604976,0.203355784916034
"ULWOF",44,"VLNC",0.946741875854196,0.190648201481332
"ULWOF",44,"SCSP",-0.418873990024434,0.281869589237164
"ULWOF",44,"SCHL",0.231000180292057,0.235663382988157
"ULWOF",45,"DNKA",0.215771975176471,0.198413685006409
"ULWOF",45,"ESXC",0.296864650657757,0.239591552097896
"ULWOF",45,"FDSC",0.716943426609255,0.185303033242057
"ULWOF",45,"GOVG",-0.05655461910637,0.203257114851409
"ULWOF",45,"VLNC",0.941066856277055,0.19059572089823
"ULWOF",45,"SCSP",-0.396398438377298,0.281894626422542
"ULWOF",45,"SCHL",0.233385512232307,0.235466623522952
"ULWOF",46,"DNKA",0.219242692168786,0.198323079623307
"ULWOF",46,"ESXC",0.310362638060941,0.239161333593797
"ULWOF",46,"FDSC",0.719964194953901,0.185168856832719
"ULWOF",46,"GOVG",-0.0714194128889862,0.203365913611672
"ULWOF",46,"VLNC",0.940099063817234,0.190847392962481
"ULWOF",46,"SCSP",-0.38090633272877,0.282272443871923
"ULWOF",46,"SCHL",0.22250039874155,0.235423621338756
"ULWOF",47,"DNKA",0.219283962223581,0.198249583412879
"ULWOF",47,"ESXC",0.304922952919313,0.239558603413832
"ULWOF",47,"FDSC",0.698022496724,0.185405268082125
"ULWOF",47,"GOVG",-0.0786678796985896,0.2035214004503
"ULWOF",47,"VLNC",0.938814241102207,0.190805557722124
"ULWOF",47,"SCSP",-0.400643937542058,0.281787916037464
"ULWOF",47,"SCHL",0.228599623539785,0.235391425827109
"ULWOF",48,"DNKA",0.215262851843007,0.198431046383911
"ULWOF",48,"ESXC",0.302601332663904,0.240305767034338
"ULWOF",48,"FDSC",0.711481394073401,0.185318671883853
"ULWOF",48,"GOVG",-0.0659885299227145,0.203315910157885
"ULWOF",48,"VLNC",0.941199682697426,0.190770854522554
"ULWOF",48,"SCSP",-0.387235075065804,0.281501326292706
"ULWOF",48,"SCHL",0.220180064083124,0.235936374118949
"ULWOF",49,"DNKA",0.223073911887058,0.198592047078225
"ULWOF",49,"ESXC",0.307820459681626,0.239029503528018
"ULWOF",49,"FDSC",0.711911849787829,0.185165538071217
"ULWOF",49,"GOVG",-0.0754433721720358,0.20330860609404
"ULWOF",49,"VLNC",0.938162365583788,0.19041015159068
"ULWOF",49,"SCSP",-0.386317342768583,0.281730960132458
"ULWOF",49,"SCHL",0.232547947028788,0.235370408904077
"ULWOF",50,"DNKA",0.212154530424846,0.197994765286866
"ULWOF",50,"ESXC",0.296800431400331,0.239663913056009
"ULWOF",50,"FDSC",0.7152357061895,0.185309390382452
"ULWOF",50,"GOVG",-0.0710696682706334,0.203075174963339
"ULWOF",50,"VLNC",0.935968714058928,0.190665050643401
"ULWOF",50,"SCSP",-0.386615996321006,0.281727438745572
"ULWOF",50,"SCHL",0.225133519999679,0.234972817381005
"ULWOF",51,"DNKA",0.212248508268575,0.198522707130507
"ULWOF",51,"ESXC",0.295569940576558,0.240010978523972
"ULWOF",51,"FDSC",0.716772577634166,0.185266904684978
"ULWOF",51,"GOVG",-0.0668811724995258,0.203317047961262
"ULWOF",51,"VLNC",0.959380325307297,0.191321561494122
"ULWOF",51,"SCSP",-0.38411183314845,0.281460397714629
"ULWOF",51,"SCHL",0.227893429200636,0.235396596592205
"ULWOF",52,"DNKA",0.219147399841668,0.198627354851091
"ULWOF",52,"ESXC",0.301773430317844,0.239425892545875
"ULWOF",52,"FDSC",0.713954309727619,0.185134132482348
"ULWOF",52,"GOVG",-0.0713991096664819,0.203458806486048
"ULWOF",52,"VLNC",0.9402495669412,0.191065145941458
"ULWOF",52,"SCSP",-0.388939482590864,0.281929827394144
"ULWOF",52,"SCHL",0.220757731925768,0.235385535056082
"ULWOF",53,"DNKA",0.2095592808222,0.198256579715718
"ULWOF",53,"ESXC",0.295255891772402,0.239493408747368
"ULWOF",53,"FDSC",0.719018340243277,0.185324550595442
"ULWOF",53,"GOVG",-0.069666433894227,0.203504271243527
"ULWOF",53,"VLNC",0.935997276695577,0.190634956100786
"ULWOF",53,"SCSP",-0.382190536041446,0.28219301276175
"ULWOF",53,"SCHL",0.233434784407215,0.235322691186028
"ULWOF",54,"DNKA",0.215333647855151,0.198038035248382
"ULWOF",54,"ESXC",0.307115198975282,0.239508823683603
"ULWOF",54,"FDSC",0.709376863926085,0.185319456331824
"ULWOF",54,"GOVG",-0.07187869310429,0.20342945292717
"ULWOF",54,"VLNC",0.937130687206176,0.190700824111532
"ULWOF",54,"SCSP",-0.397658511043007,0.281951021103207
"ULWOF",54,"SCHL",0.214834729553212,0.235401414889847
"ULWOF",55,"DNKA",0.220890490136527,0.198375775848726
"ULWOF",55,"ESXC",0.303719564513767,0.239183639731995
"ULWOF",55,"FDSC",0.716430719327497,0.185179805554783
"ULWOF",55,"GOVG",-0.0707877559240562,0.203369488625488
"ULWOF",55,"VLNC",0.936542568145887,0.190580330796274
"ULWOF",55,"SCSP",-0.382709786804888,0.28204865832509
"ULWOF",55,"SCHL",0.229530347011682,0.235546728029653
"ULWOF",56,"DNKA",0.219219038810116,0.198089877302515
"ULWOF",56,"ESXC",0.29932027611375,0.239231580609079
"ULWOF",56,"FDSC",0.720472723158772,0.185621967128074
"ULWOF",56,"GOVG",-0.0670291441694683,0.202915178998647
"ULWOF",56,"VLNC",0.938458393877942,0.190456448735966
"ULWOF",56,"SCSP",-0.386213769697287,0.282047760377435
"ULWOF",56,"SCHL",0.225832465233326,0.235204142827611
"ULWOF",57,"DNKA",0.218215425233562,0.198293114700585
"ULWOF",57,"ESXC",0.301530067652824,0.23975310830451
"ULWOF",57,"FDSC",0.7159987584961,0.185643407304903
"ULWOF",57,"GOVG",-0.062449163262526,0.203141418176441
"ULWOF",57,"VLNC",0.941321396289777,0.190773836801257
"ULWOF",57,"SCSP",-0.380513373116159,0.281885486919141
"ULWOF",57,"SCHL",0.246458506794345,0.235935906181895
"ULWOF",58,"DNKA",0.209444813631659,0.198225572701496
"ULWOF",58,"ESXC",0.31365307798246,0.239652634608037
"ULWOF",58,"FDSC",0.711024486517461,0.185174987065629
"ULWOF",58,"GOVG",-0.0696288266487938,0.203152626951027
"ULWOF",58,"VLNC",0.954232010104445,0.191238392295225
"ULWOF",58,"SCSP",-0.40239640686639,0.282130521275149
"ULWOF",58,"SCHL",0.216901525349597,0.235177934065877
"ULWOF",59,"DNKA",0.215588073254873,0.198327438501289
"ULWOF",59,"ESXC",0.309718569307917,0.239605487852222
"ULWOF",59,"FDSC",0.715632849736707,0.185121019174086
"ULWOF",59,"GOVG",-0.0602455891337451,0.203194699075169
"ULWOF",59,"VLNC",0.936263977530186,0.190625668950998
"ULWOF",59,"SCSP",-0.38991427508132,0.281805128260341
"ULWOF",59,"SCHL",0.224825854562957,0.235507092242554
"ULWOF",60,"DNKA",0.222417442253439,0.198365022702527
"ULWOF",60,"ESXC",0.29516963416985,0.239818978773058
"ULWOF",60,"FDSC",0.70614730759856,0.185417450979396
"ULWOF",60,"GOVG",-0.064527838411276,0.203855809470196
"ULWOF",60,"VLNC",0.939466177694529,0.190918310784048
"ULWOF",60,"SCSP",-0.409763432133432,0.281673435888165
"ULWOF",60,"SCHL",0.224803999811248,0.235570154959856
"ULWOF",61,"DNKA",0.216513370125871,0.198396827241422
"ULWOF",61,"ESXC",0.303132025768914,0.239681953220845
"ULWOF",61,"FDSC",0.710149085027811,0.185561652411298
"ULWOF",61,"GOVG",-0.0707256906809352,0.203431780858955
"ULWOF",61,"VLNC",0.945074056067326,0.190780299876839
"ULWOF",61,"SCSP",-0.386764065542785,0.281598282197258
"ULWOF",61,"SCHL",0.235229291095453,0.235519680407169
"ULWOF",62,"DNKA",0.208319483408908,0.198297600413789
"ULWOF",62,"ESXC",0.305714622098751,0.239745963501154
"ULWOF",62,"FDSC",0.720397101472075,0.185812583673026
"ULWOF",62,"GOVG",-0.0683081105028238,0.203247232291813
"ULWOF",62,"VLNC",0.940593452865127,0.19079403296394
"ULWOF",62,"SCSP",-0.383342553103035,0.282329654469012
"ULWOF",62,"SCHL",0.230561724602517,0.235659755402017
"ULWOF",63,"DNKA",0.21598619007319,0.198520820617385
"ULWOF",63,"ESXC",0.305989817051903,0.239507361022891
"ULWOF",63,"FDSC",0.712691013511385,0.185138886103356
"ULWOF",63,"GOVG",-0.0739425268288964,0.20274630524991
"ULWOF",63,"VLNC",0.934123381461797,0.190550255156916
"ULWOF",63,"SCSP",-0.384646461655364,0.281820732097938
"ULWOF",63,"SCHL",0.233904933634671,0.23552527345212
"ULWOF",64,"DNKA",0.214561357726411,0.198151014365789
"ULWOF",64,"ESXC",0.301320409223306,0.239437001493558
"ULWOF",64,"FDSC",0.715923455151447,0.185410916181003
"ULWOF",64,"GOVG",-0.0656350304022192,0.203588084304798
"ULWOF",64,"VLNC",0.936842554324764,0.190670206712854
"ULWOF",64,"SCSP",-0.391072318411238,0.28213914370558
"ULWOF",64,"SCHL",0.222320389139895,0.235119598506406
"ULWOF",65,"DNKA",0.237397345266389,0.198775383983927
"ULWOF",65,"ESXC",0.289151359278329,0.240174419980008
"ULWOF",65,"FDSC",0.709652480732578,0.185259693271374
"ULWOF",65,"GOVG",-0.0798513280150614,0.203164717533654
"ULWOF",65,"VLNC",0.950263687426622,0.190945554471277
"ULWOF",65,"SCSP",-0.411499968537567,0.281792743141545
"ULWOF",65,"SCHL",0.218204753546404,0.23547948598357
"ULWOF",66,"DNKA",0.215831425829166,0.19803458948074
"ULWOF",66,"ESXC",0.294891849257041,0.2396224553192
"ULWOF",66,"FDSC",0.706407912090924,0.185404459502257
"ULWOF",66,"GOVG",-0.0795133257562638,0.203600701349288
"ULWOF",66,"VLNC",0.946044854200596,0.190570207876068
"ULWOF",66,"SCSP",-0.378266689630156,0.282297398134151
"ULWOF",66,"SCHL",0.224876629793522,0.23512594096646
"ULWOF",67,"DNKA",0.208435280016021,0.199424495852463
"ULWOF",67,"ESXC",0.290517801922023,0.23965559091601
"ULWOF",67,"FDSC",0.730883530366985,0.185617320224832
"ULWOF",67,"GOVG",-0.0661432930092264,0.202992687073274
"ULWOF",67,"VLNC",0.937061283602572,0.191214014278324
"ULWOF",67,"SCSP",-0.392113424056108,0.28240802325765
"ULWOF",67,"SCHL",0.246883526506129,0.236201324725412
"ULWOF",68,"DNKA",0.212465413638436,0.19804804608953
"ULWOF",68,"ESXC",0.303228343804841,0.239342117512328
"ULWOF",68,"FDSC",0.714613258149979,0.185187021142216
"ULWOF",68,"GOVG",-0.0607804977780911,0.203229460603397
"ULWOF",68,"VLNC",0.936480587118071,0.190619191903087
"ULWOF",68,"SCSP",-0.386203756971106,0.281853888589718
"ULWOF",68,"SCHL",0.225579016915546,0.235207464844963
"ULWOF",69,"DNKA",0.219333857267755,0.198440541581469
"ULWOF",69,"ESXC",0.31701223141108,0.239546809957363
"ULWOF",69,"FDSC",0.704622388621909,0.185087612305905
"ULWOF",69,"GOVG",-0.0900615403247347,0.203837673179121
"ULWOF",69,"VLNC",0.932980867860319,0.190664595111225
"ULWOF",69,"SCSP",-0.394311563507996,0.281790533300068
"ULWOF",69,"SCHL",0.236535461757207,0.235813452382289
"ULWOF",70,"DNKA",0.210461110472116,0.198513171350253
"ULWOF",70,"ESXC",0.316951304016745,0.239924152272935
"ULWOF",70,"FDSC",0.717939291599429,0.185256002300415
"ULWOF",70,"GOVG",-0.0742089334358486,0.203535279668855
"ULWOF",70,"VLNC",0.932969910490712,0.190662751242268
"ULWOF",70,"SCSP",-0.395957119337501,0.281996028752611
"ULWOF",70,"SCHL",0.231192752434947,0.235753450717045
"ULWOF",71,"DNKA",0.217758026034188,0.198200804392791
"ULWOF",71,"ESXC",0.302606416541353,0.239404190066292
"ULWOF",71,"FDSC",0.706067403239948,0.185365455973267
"ULWOF",71,"GOVG",-0.0772980696160774,0.203229314573369
"ULWOF",71,"VLNC",0.939585454946223,0.19080512096875
"ULWOF",71,"SCSP",-0.390889821181448,0.282311428230219
"ULWOF",71,"SCHL",0.226828571639772,0.235159187651503
"ULWOF",72,"DNKA",0.225240682260268,0.199279890008926
"ULWOF",72,"ESXC",0.318441213539281,0.239442612174478
"ULWOF",72,"FDSC",0.713815732749956,0.185550384894663
"ULWOF",72,"GOVG",-0.0990487583065041,0.204124508349437
"ULWOF",72,"VLNC",0.914850006049949,0.190954517983209
"ULWOF",72,"SCSP",-0.391741976782618,0.282970951422262
"ULWOF",72,"SCHL",0.218349659258255,0.236673047267402
"ULWOF",73,"DNKA",0.228851668571585,0.198346440807119
"ULWOF",73,"ESXC",0.319437770295857,0.239514483354744
"ULWOF",73,"FDSC",0.702355521126965,0.185246427401694
"ULWOF",73,"GOVG",-0.0896292361326526,0.203204634888369
"ULWOF",73,"VLNC",0.941790282931418,0.190842302265632
"ULWOF",73,"SCSP",-0.402118204751627,0.281679027399835
"ULWOF",73,"SCHL",0.22424914443722,0.235247312830137
"ULWOF",74,"DNKA",0.21242999656406,0.198073170703098
"ULWOF",74,"ESXC",0.298875885831011,0.239434214193094
"ULWOF",74,"FDSC",0.712034610888844,0.18546996584849
"ULWOF",74,"GOVG",-0.0702506628007247,0.203102029692138
"ULWOF",74,"VLNC",0.938204166827246,0.190474006850445
"ULWOF",74,"SCSP",-0.393034845210289,0.281675816295795
"ULWOF",74,"SCHL",0.225265679835592,0.235205970565512
"ULWOF",75,"DNKA",0.205735402366177,0.198006141788464
"ULWOF",75,"ESXC",0.297564950453635,0.239793674961318
"ULWOF",75,"FDSC",0.716139811883467,0.185467752443613
"ULWOF",75,"GOVG",-0.0526628630102288,0.203346532285277
"ULWOF",75,"VLNC",0.93958149173032,0.190888767220767
"ULWOF",75,"SCSP",-0.39266483830655,0.281931474169249
"ULWOF",75,"SCHL",0.23495974026898,0.235605064794505
"ULWOF",76,"DNKA",0.248835984372373,0.19875506396852
"ULWOF",76,"ESXC",0.328160378284388,0.239372424255654
"ULWOF",76,"FDSC",0.712219774111115,0.185367401481277
"ULWOF",76,"GOVG",-0.109379667748804,0.203635675208004
"ULWOF",76,"VLNC",0.949236961567061,0.191302011338542
"ULWOF",76,"SCSP",-0.389396065214419,0.282484597542058
"ULWOF",76,"SCHL",0.230088574202232,0.235981362341258
"ULWOF",77,"DNKA",0.216148476140788,0.198128671070325
"ULWOF",77,"ESXC",0.301318209391117,0.239637315488883
"ULWOF",77,"FDSC",0.70148325202304,0.185708270593905
"ULWOF",77,"GOVG",-0.0719602886000755,0.203295433155293
"ULWOF",77,"VLNC",0.941528240814292,0.190792791265991
"ULWOF",77,"SCSP",-0.393636568428118,0.281870700193164
"ULWOF",77,"SCHL",0.217538031433566,0.235212102106944
"ULWOF",78,"DNKA",0.224997090455392,0.198366482297469
"ULWOF",78,"ESXC",0.297767898283259,0.239526038348274
"ULWOF",78,"FDSC",0.705769091843153,0.185517552077929
"ULWOF",78,"GOVG",-0.0673040043039595,0.203117493634141
"ULWOF",78,"VLNC",0.949137710679315,0.190692266973145
"ULWOF",78,"SCSP",-0.411885747548916,0.282499566210794
"ULWOF",78,"SCHL",0.228071220731274,0.236109958766774
"ULWOF",79,"DNKA",0.226318310319058,0.198352423959294
"ULWOF",79,"ESXC",0.306031009709806,0.23909290305649
"ULWOF",79,"FDSC",0.707229116669899,0.185303843808144
"ULWOF",79,"GOVG",-0.0835428351697053,0.203032466277929
"ULWOF",79,"VLNC",0.932744760695541,0.19100317783931
"ULWOF",79,"SCSP",-0.390421404629284,0.282000537197362
"ULWOF",79,"SCHL",0.221415936216295,0.235243672417627
"ULWOF",80,"DNKA",0.211226528675277,0.198144111294456
"ULWOF",80,"ESXC",0.298866777107369,0.239303524343696
"ULWOF",80,"FDSC",0.714796024147688,0.185315506784154
"ULWOF",80,"GOVG",-0.0787305831789722,0.203187071246679
"ULWOF",80,"VLNC",0.942058689405013,0.190732273370283
"ULWOF",80,"SCSP",-0.39808576357754,0.282117208430219
"ULWOF",80,"SCHL",0.209052645001178,0.235800888560152
"ULWOF",81,"DNKA",0.228632701525697,0.198306014453826
"ULWOF",81,"ESXC",0.325786816646265,0.239716590986088
"ULWOF",81,"FDSC",0.703908728322904,0.185367698471914
"ULWOF",81,"GOVG",-0.0755194208229154,0.203325942063838
"ULWOF",81,"VLNC",0.936065678705722,0.190915912237358
"ULWOF",81,"SCSP",-0.393276473551576,0.282217448064478
"ULWOF",81,"SCHL",0.254432300733398,0.236280696369608
"ULWOF",82,"DNKA",0.207077148095132,0.198414823736218
"ULWOF",82,"ESXC",0.313449306198248,0.239859250364777
"ULWOF",82,"FDSC",0.723226804415315,0.185313735004528
"ULWOF",82,"GOVG",-0.0685426295411671,0.203623665998401
"ULWOF",82,"VLNC",0.938210347353086,0.19080658981983
"ULWOF",82,"SCSP",-0.403962827054931,0.282365306207803
"ULWOF",82,"SCHL",0.218022387550469,0.236041228961304
"ULWOF",83,"DNKA",0.217470388413648,0.198577643196324
"ULWOF",83,"ESXC",0.306798786819524,0.240154538851897
"ULWOF",83,"FDSC",0.706021111517648,0.185572312275276
"ULWOF",83,"GOVG",-0.074712834845856,0.203096698848553
"ULWOF",83,"VLNC",0.93834024522605,0.191187006423936
"ULWOF",83,"SCSP",-0.395856640649556,0.282097564038274
"ULWOF",83,"SCHL",0.221566970431075,0.236066242036
"ULWOF",84,"DNKA",0.206329329981335,0.198577594209213
"ULWOF",84,"ESXC",0.302727269018071,0.239478786500973
"ULWOF",84,"FDSC",0.72646410132935,0.185399797772709
"ULWOF",84,"GOVG",-0.068917906612947,0.203219320761171
"ULWOF",84,"VLNC",0.944034594599705,0.190713413652542
"ULWOF",84,"SCSP",-0.372357858214926,0.282717778331354
"ULWOF",84,"SCHL",0.238235911527575,0.235425925921417
"ULWOF",85,"DNKA",0.22261454278429,0.198309780112148
"ULWOF",85,"ESXC",0.302493008070034,0.240080146434803
"ULWOF",85,"FDSC",0.700091878680973,0.185416623289552
"ULWOF",85,"GOVG",-0.075325538012901,0.203406196717592
"ULWOF",85,"VLNC",0.954035941422503,0.190952558191037
"ULWOF",85,"SCSP",-0.419225428619389,0.281862637006023
"ULWOF",85,"SCHL",0.234780125317669,0.235455842315101
"ULWOF",86,"DNKA",0.213281378750765,0.198093615023254
"ULWOF",86,"ESXC",0.302583299506551,0.239161711048274
"ULWOF",86,"FDSC",0.711855376089982,0.185151614511787
"ULWOF",86,"GOVG",-0.0785629673104991,0.203690620884835
"ULWOF",86,"VLNC",0.935191467829201,0.190533051791688
"ULWOF",86,"SCSP",-0.388316175975642,0.281803594024578
"ULWOF",86,"SCHL",0.21735517210923,0.235711033650969
"ULWOF",87,"DNKA",0.22446827468515,0.19876996404995
"ULWOF",87,"ESXC",0.320009852066506,0.239456095619852
"ULWOF",87,"FDSC",0.714971109212585,0.185328370573831
"ULWOF",87,"GOVG",-0.0712175058946069,0.203725262452984
"ULWOF",87,"VLNC",0.942965692727334,0.190730643254739
"ULWOF",87,"SCSP",-0.412843281270863,0.282031497710599
"ULWOF",87,"SCHL",0.220745426717785,0.236039062867601
"ULWOF",88,"DNKA",0.208335688833251,0.198296410228076
"ULWOF",88,"ESXC",0.297902899792237,0.239851010236993
"ULWOF",88,"FDSC",0.722589974173341,0.185368919271386
"ULWOF",88,"GOVG",-0.0582458084444646,0.2031576167336
"ULWOF",88,"VLNC",0.939089962580997,0.190658887051549
"ULWOF",88,"SCSP",-0.384079982331787,0.282082998210351
"ULWOF",88,"SCHL",0.224920050974255,0.235067360085728
"ULWOF",89,"DNKA",0.224650872048791,0.198438072952444
"ULWOF",89,"ESXC",0.317954805077102,0.239887809830292
"ULWOF",89,"FDSC",0.703329108140489,0.185525802283943
"ULWOF",89,"GOVG",-0.0873515656576895,0.203907107272255
"ULWOF",89,"VLNC",0.934171374600899,0.190570048078624
"ULWOF",89,"SCSP",-0.400534931617837,0.282104819549326
"ULWOF",89,"SCHL",0.196921838318445,0.23594074802906
"ULWOF",90,"DNKA",0.220734147527241,0.198075167688439
"ULWOF",90,"ESXC",0.295069640555352,0.239683978428133
"ULWOF",90,"FDSC",0.715929336528362,0.185380428039065
"ULWOF",90,"GOVG",-0.0632179461265459,0.203050379807205
"ULWOF",90,"VLNC",0.929600035713361,0.191017138405429
"ULWOF",90,"SCSP",-0.382124658891404,0.281749207461853
"ULWOF",90,"SCHL",0.225679256669522,0.235669617993671
"ULWOF",91,"DNKA",0.207298566746528,0.198231818356102
"ULWOF",91,"ESXC",0.298241784938907,0.239633936662472
"ULWOF",91,"FDSC",0.706352512652734,0.185153420221067
"ULWOF",91,"GOVG",-0.0704057459280864,0.203606846359776
"ULWOF",91,"VLNC",0.944802801976069,0.190551117955272
"ULWOF",91,"SCSP",-0.396921143435757,0.2815827109947
"ULWOF",91,"SCHL",0.227184261663945,0.235280537909143
"ULWOF",92,"DNKA",0.22116729837917,0.198218126800324
"ULWOF",92,"ESXC",0.304318323105753,0.23938251563487
"ULWOF",92,"FDSC",0.708109332549904,0.185183000097202
"ULWOF",92,"GOVG",-0.0867362705832807,0.203132610072197
"ULWOF",92,"VLNC",0.936808864117708,0.190526019967957
"ULWOF",92,"SCSP",-0.390873377440475,0.281710000616128
"ULWOF",92,"SCHL",0.235953450190721,0.23598304465491
"ULWOF",93,"DNKA",0.220015535038295,0.198370987245441
"ULWOF",93,"ESXC",0.306739333654203,0.240547524298671
"ULWOF",93,"FDSC",0.703583133923009,0.185405715415875
"ULWOF",93,"GOVG",-0.0859196636615768,0.20336836108413
"ULWOF",93,"VLNC",0.945973607558437,0.190820174034381
"ULWOF",93,"SCSP",-0.407346402336049,0.281675563073024
"ULWOF",93,"SCHL",0.222654507800867,0.23618614309249
"ULWOF",94,"DNKA",0.219231595961429,0.198082800711314
"ULWOF",94,"ESXC",0.302927840092309,0.239347519404189
"ULWOF",94,"FDSC",0.704613831713244,0.185200226914827
"ULWOF",94,"GOVG",-0.0751431130746746,0.203029946782171
"ULWOF",94,"VLNC",0.945554547471506,0.190647596674697
"ULWOF",94,"SCSP",-0.399323074150811,0.28173993506426
"ULWOF",94,"SCHL",0.238802195815924,0.235694942011963
"ULWOF",95,"DNKA",0.228054603769251,0.198346317357885
"ULWOF",95,"ESXC",0.302299700922645,0.239866339857794
"ULWOF",95,"FDSC",0.698986974077473,0.185504930344145
"ULWOF",95,"GOVG",-0.0863144329753795,0.204141759856839
"ULWOF",95,"VLNC",0.945034290358371,0.190714935825019
"ULWOF",95,"SCSP",-0.40623759187367,0.281649507901642
"ULWOF",95,"SCHL",0.222960295383336,0.235552984665885
"ULWOF",96,"DNKA",0.222180410474917,0.198089094307622
"ULWOF",96,"ESXC",0.303122908605907,0.239512648857652
"ULWOF",96,"FDSC",0.715365940613322,0.185209175092077
"ULWOF",96,"GOVG",-0.0836778547515556,0.203136317800899
"ULWOF",96,"VLNC",0.952579001907442,0.190956510625356
"ULWOF",96,"SCSP",-0.395324804291477,0.282118835778058
"ULWOF",96,"SCHL",0.232697901483641,0.235541363730355
"ULWOF",97,"DNKA",0.217964546941896,0.198066061990309
"ULWOF",97,"ESXC",0.30049917855824,0.239122057384169
"ULWOF",97,"FDSC",0.715555395861907,0.185134283499276
"ULWOF",97,"GOVG",-0.066501310467319,0.203356851083821
"ULWOF",97,"VLNC",0.938079582826479,0.1905685940221
"ULWOF",97,"SCSP",-0.392096763955384,0.281825415751082
"ULWOF",97,"SCHL",0.228504053190808,0.235472411463811
"ULWOF",98,"DNKA",0.220465373129136,0.198399390999453
"ULWOF",98,"ESXC",0.311049382381115,0.239876351469196
"ULWOF",98,"FDSC",0.703430570656227,0.185392739156919
"ULWOF",98,"GOVG",-0.0814494016900129,0.203540210078457
"ULWOF",98,"VLNC",0.938774446985162,0.19079376064673
"ULWOF",98,"SCSP",-0.413630242145353,0.282279808097093
"ULWOF",98,"SCHL",0.209238702766585,0.235881897414398
"ULWOF",99,"DNKA",0.210499564503741,0.198097484077176
"ULWOF",99,"ESXC",0.298208467354924,0.23946775596527
"ULWOF",99,"FDSC",0.713768696463972,0.185203262921722
"ULWOF",99,"GOVG",-0.0667226100252349,0.203122680211575
"ULWOF",99,"VLNC",0.93420220953458,0.190783169949489
"ULWOF",99,"SCSP",-0.388206609078091,0.282020244216473
"ULWOF",99,"SCHL",0.223466469270044,0.235190393620945
"ULWOF",100,"DNKA",0.220368048084543,0.198592136120103
"ULWOF",100,"ESXC",0.322254662439307,0.239227697009294
"ULWOF",100,"FDSC",0.705807459051386,0.185638329769307
"ULWOF",100,"GOVG",-0.0727839314688455,0.203403246083919
"ULWOF",100,"VLNC",0.93088912929284,0.191656425975202
"ULWOF",100,"SCSP",-0.377399287231428,0.282894477452435
"ULWOF",100,"SCHL",0.217906501524696,0.23681043434342
"UHSES",1,"DNKA",0.179122982022919,0.204145766185478
"UHSES",1,"ESXC",0.888048890040903,0.238918417828071
"UHSES",1,"FDSC",0.75363929509076,0.19352570758763
"UHSES",1,"GOVG",0.310190972561946,0.211566856007827
"UHSES",1,"VLNC",0.467777412131933,0.198542683741036
"UHSES",1,"SCSP",-0.369193703134681,0.280306686233493
"UHSES",1,"SCHL",0.290224355243544,0.27939415238195
"UHSES",2,"DNKA",0.178224983357249,0.203807712376566
"UHSES",2,"ESXC",0.897266998015332,0.238621282855455
"UHSES",2,"FDSC",0.766160313226593,0.192594644144516
"UHSES",2,"GOVG",0.321937891971893,0.210423555283225
"UHSES",2,"VLNC",0.454222553798035,0.198777687506006
"UHSES",2,"SCSP",-0.374294929530924,0.279477629615427
"UHSES",2,"SCHL",0.284210018899092,0.279323109010253
"UHSES",3,"DNKA",0.157789507639866,0.203964532213959
"UHSES",3,"ESXC",0.915781733944599,0.238932964341354
"UHSES",3,"FDSC",0.754303879824185,0.193074348798789
"UHSES",3,"GOVG",0.345650538262958,0.211095125767675
"UHSES",3,"VLNC",0.454259546633813,0.198949805660451
"UHSES",3,"SCSP",-0.393882619045661,0.279160083874316
"UHSES",3,"SCHL",0.26079892620126,0.278524794387254
"UHSES",4,"DNKA",0.123193795316716,0.20455348504772
"UHSES",4,"ESXC",0.886051571683824,0.240655794948285
"UHSES",4,"FDSC",0.785425911095219,0.193667959110778
"UHSES",4,"GOVG",0.353194986636667,0.210025804623832
"UHSES",4,"VLNC",0.438424250195297,0.198540691911832
"UHSES",4,"SCSP",-0.33766369593426,0.280715328502572
"UHSES",4,"SCHL",0.264364161378802,0.278998903748945
"UHSES",5,"DNKA",0.146281956949245,0.204424031976473
"UHSES",5,"ESXC",0.877273671044754,0.238634990463872
"UHSES",5,"FDSC",0.741132529829407,0.192121332601069
"UHSES",5,"GOVG",0.312465104516959,0.21131233873379
"UHSES",5,"VLNC",0.455947360477927,0.198970450045379
"UHSES",5,"SCSP",-0.387118988460926,0.278632953893433
"UHSES",5,"SCHL",0.260278502532642,0.278265732438004
"UHSES",6,"DNKA",0.177182441707197,0.204782485165982
"UHSES",6,"ESXC",0.886106522275865,0.239025142833571
"UHSES",6,"FDSC",0.729411371318568,0.192154214593149
"UHSES",6,"GOVG",0.33448566643714,0.210463723179097
"UHSES",6,"VLNC",0.4330570178935,0.199440149153133
"UHSES",6,"SCSP",-0.365579724478689,0.280385256887493
"UHSES",6,"SCHL",0.278052151966584,0.27873307557565
"UHSES",7,"DNKA",0.151639851816169,0.20382097202878
"UHSES",7,"ESXC",0.870771545328441,0.238148655759977
"UHSES",7,"FDSC",0.722005751142251,0.191938011046134
"UHSES",7,"GOVG",0.341359731637837,0.210516202624657
"UHSES",7,"VLNC",0.441973425893972,0.198825825956703
"UHSES",7,"SCSP",-0.360806327817941,0.27918698503743
"UHSES",7,"SCHL",0.261700683550142,0.277763825447618
"UHSES",8,"DNKA",0.151255569242355,0.204424865540068
"UHSES",8,"ESXC",0.841769822896907,0.239356697083558
"UHSES",8,"FDSC",0.779418232452457,0.193496447070652
"UHSES",8,"GOVG",0.337364487355206,0.211538376822896
"UHSES",8,"VLNC",0.455606924560742,0.19959809418935
"UHSES",8,"SCSP",-0.382556481197324,0.280049482353274
"UHSES",8,"SCHL",0.297121775371345,0.279112312816063
"UHSES",9,"DNKA",0.134921167815093,0.204002331505339
"UHSES",9,"ESXC",0.87176507057139,0.240242162577083
"UHSES",9,"FDSC",0.773090630390437,0.192666724920941
"UHSES",9,"GOVG",0.311217852323318,0.210295678742874
"UHSES",9,"VLNC",0.417239272993917,0.198581616872628
"UHSES",9,"SCSP",-0.353241193817438,0.27929919723789
"UHSES",9,"SCHL",0.296283534675484,0.279295073831776
"UHSES",10,"DNKA",0.15902653081306,0.203342121455584
"UHSES",10,"ESXC",0.861978208938391,0.23870984889757
"UHSES",10,"FDSC",0.71521110422365,0.192299425097005
"UHSES",10,"GOVG",0.326002972443428,0.210855593950579
"UHSES",10,"VLNC",0.451097893710007,0.198858920503936
"UHSES",10,"SCSP",-0.336910297244836,0.2789733407751
"UHSES",10,"SCHL",0.261191918993817,0.277441177065737
"UHSES",11,"DNKA",0.169752788890572,0.204285656612493
"UHSES",11,"ESXC",0.889139930143463,0.240214496412378
"UHSES",11,"FDSC",0.749157839385848,0.192769270255725
"UHSES",11,"GOVG",0.336259169228519,0.210856191481325
"UHSES",11,"VLNC",0.447752316731627,0.198420755747182
"UHSES",11,"SCSP",-0.353583012649922,0.279743342153953
"UHSES",11,"SCHL",0.240447520468906,0.278317030127313
"UHSES",12,"DNKA",0.187349480000774,0.204134235061962
"UHSES",12,"ESXC",0.88539986284017,0.238703150955168
"UHSES",12,"FDSC",0.729725886540655,0.192733894508349
"UHSES",12,"GOVG",0.332252566854543,0.210874671864288
"UHSES",12,"VLNC",0.445446238291346,0.199166259178493
"UHSES",12,"SCSP",-0.357582433629564,0.27895152506965
"UHSES",12,"SCHL",0.284117903499482,0.278319421265101
"UHSES",13,"DNKA",0.14810050254843,0.203365875992905
"UHSES",13,"ESXC",0.874198310806457,0.237789863708954
"UHSES",13,"FDSC",0.745180095094692,0.192835361353325
"UHSES",13,"GOVG",0.347774799685193,0.209731920866561
"UHSES",13,"VLNC",0.457913713019112,0.198999132082799
"UHSES",13,"SCSP",-0.353368865264149,0.279281445651648
"UHSES",13,"SCHL",0.290185154107903,0.278047676341366
"UHSES",14,"DNKA",0.170546944491048,0.203806299824291
"UHSES",14,"ESXC",0.883651510210642,0.238877302778231
"UHSES",14,"FDSC",0.746605119967438,0.192529055693107
"UHSES",14,"GOVG",0.327767761812182,0.21061821980383
"UHSES",14,"VLNC",0.43929166490752,0.198806371849014
"UHSES",14,"SCSP",-0.361914739617535,0.279982953471657
"UHSES",14,"SCHL",0.270739330847492,0.278861316975448
"UHSES",15,"DNKA",0.170487899082761,0.204308860201454
"UHSES",15,"ESXC",0.865665232577583,0.239134638791024
"UHSES",15,"FDSC",0.730727003897269,0.192391970556958
"UHSES",15,"GOVG",0.348148006486477,0.211289097189334
"UHSES",15,"VLNC",0.428468332020886,0.198795194268742
"UHSES",15,"SCSP",-0.36750171153856,0.279335677479079
"UHSES",15,"SCHL",0.274595533549335,0.278774718955434
"UHSES",16,"DNKA",0.153226200788446,0.203880963315458
"UHSES",16,"ESXC",0.889326510541184,0.238478324137728
"UHSES",16,"FDSC",0.767136628950683,0.192811275448724
"UHSES",16,"GOVG",0.333582749342498,0.21076549620075
"UHSES",16,"VLNC",0.455220923182191,0.19885057438132
"UHSES",16,"SCSP",-0.370224750231826,0.279273932786229
"UHSES",16,"SCHL",0.236028961447231,0.277372613653803
"UHSES",17,"DNKA",0.162150827761952,0.204086681918449
"UHSES",17,"ESXC",0.872008152495359,0.239290361144291
"UHSES",17,"FDSC",0.72520513408667,0.192163503069037
"UHSES",17,"GOVG",0.349053447122311,0.211369230470031
"UHSES",17,"VLNC",0.465260389742275,0.198626701736771
"UHSES",17,"SCSP",-0.330967491024761,0.281266731036003
"UHSES",17,"SCHL",0.233384829484757,0.27913300061231
"UHSES",18,"DNKA",0.175653644913883,0.203882282267317
"UHSES",18,"ESXC",0.855202693051931,0.238863965002798
"UHSES",18,"FDSC",0.782338372875234,0.193395302349175
"UHSES",18,"GOVG",0.324971297007254,0.210780643773247
"UHSES",18,"VLNC",0.442204201585478,0.198551209019401
"UHSES",18,"SCSP",-0.370327873110851,0.279313712154271
"UHSES",18,"SCHL",0.269847247266373,0.278440654109805
"UHSES",19,"DNKA",0.126872110040749,0.204359745395797
"UHSES",19,"ESXC",0.895037322410219,0.239640518788323
"UHSES",19,"FDSC",0.754762612965604,0.192494850204042
"UHSES",19,"GOVG",0.334847301257305,0.210640274725247
"UHSES",19,"VLNC",0.440010266211328,0.198510807143493
"UHSES",19,"SCSP",-0.347009777313813,0.279511720631667
"UHSES",19,"SCHL",0.258700249382739,0.279363174802099
"UHSES",20,"DNKA",0.153615807863662,0.204490600149977
"UHSES",20,"ESXC",0.906508722480964,0.239618218869903
"UHSES",20,"FDSC",0.755456135918528,0.193554025682161
"UHSES",20,"GOVG",0.325240036387969,0.212279535668055
"UHSES",20,"VLNC",0.432804336881487,0.19976832898309
"UHSES",20,"SCSP",-0.347796739098322,0.281449185439392
"UHSES",20,"SCHL",0.284053676281133,0.281746038596746
"UHSES",21,"DNKA",0.165829226288194,0.203898447262748
"UHSES",21,"ESXC",0.861643554016415,0.23902555330337
"UHSES",21,"FDSC",0.729023676802518,0.192337881344023
"UHSES",21,"GOVG",0.319138235060779,0.21054967409146
"UHSES",21,"VLNC",0.461636696300994,0.198749213599525
"UHSES",21,"SCSP",-0.3934103787005,0.279090472531883
"UHSES",21,"SCHL",0.269241307590814,0.277331948049618
"UHSES",22,"DNKA",0.167939613820276,0.204103236922511
"UHSES",22,"ESXC",0.884582381048196,0.238768764213548
"UHSES",22,"FDSC",0.731475123444327,0.191855975473514
"UHSES",22,"GOVG",0.342849557853631,0.211025175652886
"UHSES",22,"VLNC",0.443433101730656,0.198528674933304
"UHSES",22,"SCSP",-0.335410628690022,0.280159464801184
"UHSES",22,"SCHL",0.28551591983261,0.279580921609638
"UHSES",23,"DNKA",0.149167904536855,0.203371549176356
"UHSES",23,"ESXC",0.891623436621759,0.238796235338573
"UHSES",23,"FDSC",0.764898520282439,0.192013549361937
"UHSES",23,"GOVG",0.338883355220856,0.210263323117743
"UHSES",23,"VLNC",0.436916442617594,0.199009485769582
"UHSES",23,"SCSP",-0.367541354274806,0.278453414926171
"UHSES",23,"SCHL",0.256393202486391,0.27783778031634
"UHSES",24,"DNKA",0.146356000864215,0.203916821133219
"UHSES",24,"ESXC",0.890211370351029,0.239431043021722
"UHSES",24,"FDSC",0.755904157720674,0.192598381630296
"UHSES",24,"GOVG",0.332198522317881,0.210445836500403
"UHSES",24,"VLNC",0.435876790032996,0.198295345229373
"UHSES",24,"SCSP",-0.372543856342358,0.279168099743911
"UHSES",24,"SCHL",0.267675872535847,0.277631116499792
"UHSES",25,"DNKA",0.164235668730057,0.203270541681858
"UHSES",25,"ESXC",0.884181554545836,0.238901507745957
"UHSES",25,"FDSC",0.710112700296348,0.192284225022926
"UHSES",25,"GOVG",0.336553084077663,0.210812219708628
"UHSES",25,"VLNC",0.467998009467402,0.198974700740831
"UHSES",25,"SCSP",-0.367746785729977,0.278912193381328
"UHSES",25,"SCHL",0.259025732631385,0.278460475147815
"UHSES",26,"DNKA",0.169278236993818,0.203772781106247
"UHSES",26,"ESXC",0.86528678657341,0.238689162041959
"UHSES",26,"FDSC",0.772904544099856,0.192851060923336
"UHSES",26,"GOVG",0.335661472217501,0.209943662849374
"UHSES",26,"VLNC",0.439987086943775,0.198886240477048
"UHSES",26,"SCSP",-0.366994081439611,0.279040364892126
"UHSES",26,"SCHL",0.272405758251878,0.278977920599521
"UHSES",27,"DNKA",0.160048439769029,0.203678048478553
"UHSES",27,"ESXC",0.895338350568781,0.238454834648817
"UHSES",27,"FDSC",0.756527007597634,0.19286021683174
"UHSES",27,"GOVG",0.332468904185594,0.210928639823365
"UHSES",27,"VLNC",0.464674445662649,0.198718750071391
"UHSES",27,"SCSP",-0.360952922745274,0.279897154097914
"UHSES",27,"SCHL",0.28283264224893,0.278495737206477
"UHSES",28,"DNKA",0.164992083551979,0.204096708656126
"UHSES",28,"ESXC",0.891423245385375,0.239687957205966
"UHSES",28,"FDSC",0.778804653902609,0.192658431091105
"UHSES",28,"GOVG",0.323499886448929,0.210373959882606
"UHSES",28,"VLNC",0.459962314001072,0.199186803110613
"UHSES",28,"SCSP",-0.394123793588696,0.281313747159063
"UHSES",28,"SCHL",0.28300445800818,0.279303617292916
"UHSES",29,"DNKA",0.153522643043345,0.203373863101141
"UHSES",29,"ESXC",0.869906753972923,0.238649228610678
"UHSES",29,"FDSC",0.757682872078719,0.192736221537615
"UHSES",29,"GOVG",0.350892327389969,0.210677059259844
"UHSES",29,"VLNC",0.430656738929556,0.198791869472618
"UHSES",29,"SCSP",-0.362848581051497,0.278519147428079
"UHSES",29,"SCHL",0.263701449345855,0.27835359492495
"UHSES",30,"DNKA",0.165109764799463,0.203558755874237
"UHSES",30,"ESXC",0.855530115465745,0.238302159169906
"UHSES",30,"FDSC",0.763408186404353,0.193053759045868
"UHSES",30,"GOVG",0.333934753149522,0.210926334943505
"UHSES",30,"VLNC",0.455758638169162,0.198774964031837
"UHSES",30,"SCSP",-0.364681396652587,0.279350823824748
"UHSES",30,"SCHL",0.268320136126206,0.277571927139333
"UHSES",31,"DNKA",0.151533464448798,0.203681834893576
"UHSES",31,"ESXC",0.883253434095942,0.239072765147234
"UHSES",31,"FDSC",0.750549438052929,0.192175297761271
"UHSES",31,"GOVG",0.344850364087077,0.210065380813849
"UHSES",31,"VLNC",0.432013794483448,0.198656160165105
"UHSES",31,"SCSP",-0.349909922755133,0.278837050380122
"UHSES",31,"SCHL",0.266516807251932,0.27796461075775
"UHSES",32,"DNKA",0.148651607310426,0.203638746061936
"UHSES",32,"ESXC",0.858793880648817,0.238891284191829
"UHSES",32,"FDSC",0.767685275765107,0.19274894685966
"UHSES",32,"GOVG",0.358813927750862,0.210512295014426
"UHSES",32,"VLNC",0.43162957052273,0.198597611721618
"UHSES",32,"SCSP",-0.367389909591726,0.27891147772814
"UHSES",32,"SCHL",0.289121156077914,0.279466495438535
"UHSES",33,"DNKA",0.184861062168471,0.204561805363262
"UHSES",33,"ESXC",0.83379110716887,0.238822864917544
"UHSES",33,"FDSC",0.72209619375935,0.19242077640432
"UHSES",33,"GOVG",0.345625777162687,0.21065660203762
"UHSES",33,"VLNC",0.446254784158758,0.198741334712773
"UHSES",33,"SCSP",-0.409273307274839,0.279494962271124
"UHSES",33,"SCHL",0.266388676280929,0.278082379490544
"UHSES",34,"DNKA",0.176274371619146,0.203936676109807
"UHSES",34,"ESXC",0.877724443624585,0.238780153468765
"UHSES",34,"FDSC",0.745506878886989,0.192177354323183
"UHSES",34,"GOVG",0.347673031915053,0.210187933832874
"UHSES",34,"VLNC",0.446898591917019,0.198498348620832
"UHSES",34,"SCSP",-0.346530146268974,0.278637970683606
"UHSES",34,"SCHL",0.265452496883209,0.278770976430163
"UHSES",35,"DNKA",0.162222723091136,0.204956406871092
"UHSES",35,"ESXC",0.886404161367768,0.240622865649509
"UHSES",35,"FDSC",0.78365506639627,0.193657292177366
"UHSES",35,"GOVG",0.315773914447913,0.211159598291134
"UHSES",35,"VLNC",0.42288412831815,0.199209148612046
"UHSES",35,"SCSP",-0.373149810491951,0.280860433016566
"UHSES",35,"SCHL",0.331473991205286,0.28094642564644
"UHSES",36,"DNKA",0.162753929226063,0.203409090127137
"UHSES",36,"ESXC",0.882059902218615,0.239168065426588
"UHSES",36,"FDSC",0.727440212072219,0.192591770903261
"UHSES",36,"GOVG",0.330477213820014,0.21166232659433
"UHSES",36,"VLNC",0.454091555849984,0.198794405676922
"UHSES",36,"SCSP",-0.34490201699132,0.278982485970009
"UHSES",36,"SCHL",0.243028349398481,0.277734058407204
"UHSES",37,"DNKA",0.160601996701578,0.203487042100201
"UHSES",37,"ESXC",0.864559112909509,0.238477954409769
"UHSES",37,"FDSC",0.748447911020318,0.192466833975684
"UHSES",37,"GOVG",0.347903985083529,0.210138315483556
"UHSES",37,"VLNC",0.432776604359144,0.1990872387805
"UHSES",37,"SCSP",-0.341426478069513,0.279921466835512
"UHSES",37,"SCHL",0.261877003387131,0.278129431416486
"UHSES",38,"DNKA",0.174080946999631,0.204550384837591
"UHSES",38,"ESXC",0.89534555925157,0.238800607356712
"UHSES",38,"FDSC",0.771092025016613,0.193212062338632
"UHSES",38,"GOVG",0.338830556439528,0.211035375811403
"UHSES",38,"VLNC",0.470193841614811,0.198550365259503
"UHSES",38,"SCSP",-0.381665936200882,0.281045796245406
"UHSES",38,"SCHL",0.271811625164337,0.278189670178772
"UHSES",39,"DNKA",0.161362315009742,0.203496107901483
"UHSES",39,"ESXC",0.888036733359931,0.238488947163044
"UHSES",39,"FDSC",0.742414655366869,0.192185174288939
"UHSES",39,"GOVG",0.349744678007455,0.210484620474973
"UHSES",39,"VLNC",0.441498977214092,0.198397542095686
"UHSES",39,"SCSP",-0.345674393781428,0.279000877517569
"UHSES",39,"SCHL",0.260759483957737,0.278384576455318
"UHSES",40,"DNKA",0.151416329672217,0.203548581115653
"UHSES",40,"ESXC",0.878817599058122,0.238171865843508
"UHSES",40,"FDSC",0.741384739977936,0.192593195207159
"UHSES",40,"GOVG",0.335983216062024,0.210627490836135
"UHSES",40,"VLNC",0.425120620266037,0.198619811743986
"UHSES",40,"SCSP",-0.35273942968817,0.280009199419951
"UHSES",40,"SCHL",0.263552644993958,0.277802121350303
"UHSES",41,"DNKA",0.15238824819709,0.203671623297832
"UHSES",41,"ESXC",0.886940618708216,0.237976035099337
"UHSES",41,"FDSC",0.748430489500622,0.192466930106633
"UHSES",41,"GOVG",0.33839170422219,0.210206799962468
"UHSES",41,"VLNC",0.444489914769367,0.198610649921465
"UHSES",41,"SCSP",-0.328752083173793,0.280214752470839
"UHSES",41,"SCHL",0.284276439635149,0.278595834756394
"UHSES",42,"DNKA",0.160748671117777,0.203502151181055
"UHSES",42,"ESXC",0.884543008225913,0.238219145441394
"UHSES",42,"FDSC",0.737361230187457,0.192581568559241
"UHSES",42,"GOVG",0.331030719241775,0.210473916169297
"UHSES",42,"VLNC",0.453731107219698,0.19847429201209
"UHSES",42,"SCSP",-0.336692141876379,0.279985397987106
"UHSES",42,"SCHL",0.266338622741769,0.279161205399944
"UHSES",43,"DNKA",0.190018625652067,0.204411540646784
"UHSES",43,"ESXC",0.853171161691396,0.239330031126695
"UHSES",43,"FDSC",0.711456460967444,0.192726052298587
"UHSES",43,"GOVG",0.344602123942823,0.211455660776034
"UHSES",43,"VLNC",0.44437026635367,0.198411589242055
"UHSES",43,"SCSP",-0.365043235626979,0.279977788402452
"UHSES",43,"SCHL",0.243158270967394,0.278326617672619
"UHSES",44,"DNKA",0.150897613432744,0.204446915581386
"UHSES",44,"ESXC",0.881799542049545,0.241188853105606
"UHSES",44,"FDSC",0.737498298967546,0.192548678158468
"UHSES",44,"GOVG",0.343956761147671,0.210693852089793
"UHSES",44,"VLNC",0.459411462571155,0.198947623431324
"UHSES",44,"SCSP",-0.40664869326937,0.27996197106445
"UHSES",44,"SCHL",0.272537876252779,0.27843873675496
"UHSES",45,"DNKA",0.170706217181889,0.203403687635846
"UHSES",45,"ESXC",0.888899638430337,0.239056768998726
"UHSES",45,"FDSC",0.731585362448924,0.192072100438265
"UHSES",45,"GOVG",0.336792298621794,0.210730718412256
"UHSES",45,"VLNC",0.454715506901474,0.198420190868141
"UHSES",45,"SCSP",-0.385871080931638,0.279521835108961
"UHSES",45,"SCHL",0.263470695845288,0.278449890002843
"UHSES",46,"DNKA",0.175564231048335,0.203408588690743
"UHSES",46,"ESXC",0.905706499322083,0.239367653243029
"UHSES",46,"FDSC",0.757402632490038,0.192496542855898
"UHSES",46,"GOVG",0.356431735112808,0.210818698485152
"UHSES",46,"VLNC",0.43230164057468,0.199084111940497
"UHSES",46,"SCSP",-0.388088173655975,0.279447526639343
"UHSES",46,"SCHL",0.276357608554505,0.28025093746313
"UHSES",47,"DNKA",0.164659968752625,0.20357810627066
"UHSES",47,"ESXC",0.88632784328789,0.240184156977395
"UHSES",47,"FDSC",0.756078111499297,0.192579133179794
"UHSES",47,"GOVG",0.32218342836695,0.210401718545371
"UHSES",47,"VLNC",0.463758481599506,0.198956381193558
"UHSES",47,"SCSP",-0.375393726955358,0.27975026567403
"UHSES",47,"SCHL",0.262071538004377,0.277342644802911
"UHSES",48,"DNKA",0.149983159903716,0.204387648829991
"UHSES",48,"ESXC",0.875965382984723,0.238155064909961
"UHSES",48,"FDSC",0.729904834644924,0.193196145811066
"UHSES",48,"GOVG",0.34427563416019,0.210960772374953
"UHSES",48,"VLNC",0.462143845176096,0.198628712534351
"UHSES",48,"SCSP",-0.370657592570209,0.279241788860934
"UHSES",48,"SCHL",0.253159080772548,0.278599844772716
"UHSES",49,"DNKA",0.166886242970527,0.203484649365415
"UHSES",49,"ESXC",0.848382465918835,0.238810773979105
"UHSES",49,"FDSC",0.745678143655706,0.192564819633455
"UHSES",49,"GOVG",0.329684799353356,0.210961025449427
"UHSES",49,"VLNC",0.423291033575162,0.198195001253452
"UHSES",49,"SCSP",-0.382598196394516,0.279954366238071
"UHSES",49,"SCHL",0.300854864539492,0.279150604091697
"UHSES",50,"DNKA",0.151126926711332,0.204750503927062
"UHSES",50,"ESXC",0.862853883608559,0.239437874372326
"UHSES",50,"FDSC",0.752467612298612,0.192819137056053
"UHSES",50,"GOVG",0.338838500940684,0.210499481218042
"UHSES",50,"VLNC",0.446030324091177,0.19908402491099
"UHSES",50,"SCSP",-0.359325457698591,0.27884783663664
"UHSES",50,"SCHL",0.263301043178477,0.27849886103392
"UHSES",51,"DNKA",0.157841154636315,0.203871212024075
"UHSES",51,"ESXC",0.869656929928603,0.239072849945152
"UHSES",51,"FDSC",0.732269298332966,0.192698609517647
"UHSES",51,"GOVG",0.343364918449173,0.210878423312597
"UHSES",51,"VLNC",0.443361619789107,0.198422481598382
"UHSES",51,"SCSP",-0.351630955633795,0.279305243331585
"UHSES",51,"SCHL",0.243071236081916,0.278701720840562
"UHSES",52,"DNKA",0.153823264954152,0.203919644493141
"UHSES",52,"ESXC",0.884234297666187,0.238882190426682
"UHSES",52,"FDSC",0.739864139924559,0.192453201651575
"UHSES",52,"GOVG",0.334891932834487,0.210529420747776
"UHSES",52,"VLNC",0.448203452057817,0.198915810634522
"UHSES",52,"SCSP",-0.357670200436951,0.279099680027798
"UHSES",52,"SCHL",0.278208700214182,0.278369371415247
"UHSES",53,"DNKA",0.158091500307258,0.204095777813488
"UHSES",53,"ESXC",0.904304320208677,0.238657312111287
"UHSES",53,"FDSC",0.781416127564884,0.192976709618855
"UHSES",53,"GOVG",0.343308805564983,0.210192852262555
"UHSES",53,"VLNC",0.432783090403964,0.198875703966528
"UHSES",53,"SCSP",-0.32799027113786,0.28068684728394
"UHSES",53,"SCHL",0.273881348857534,0.2793027674393
"UHSES",54,"DNKA",0.155645683990582,0.204357998526325
"UHSES",54,"ESXC",0.91649561635695,0.239419880236085
"UHSES",54,"FDSC",0.74557513065853,0.193616061208986
"UHSES",54,"GOVG",0.332446877005905,0.210973126613094
"UHSES",54,"VLNC",0.439027839677312,0.198544754359767
"UHSES",54,"SCSP",-0.36645891772072,0.281182940328375
"UHSES",54,"SCHL",0.266752054047178,0.278753641725602
"UHSES",55,"DNKA",0.153216090005272,0.20472478597365
"UHSES",55,"ESXC",0.876712542187133,0.239634865844755
"UHSES",55,"FDSC",0.731786114751835,0.193321916501278
"UHSES",55,"GOVG",0.32660804467247,0.211557878126467
"UHSES",55,"VLNC",0.429469663653803,0.199223413483128
"UHSES",55,"SCSP",-0.338576465695371,0.281347354707807
"UHSES",55,"SCHL",0.280450483565956,0.279961007243195
"UHSES",56,"DNKA",0.156405218762538,0.204083780385194
"UHSES",56,"ESXC",0.86563164736297,0.239180037790838
"UHSES",56,"FDSC",0.737971338607013,0.192354082944934
"UHSES",56,"GOVG",0.321811598344019,0.210599928648564
"UHSES",56,"VLNC",0.443200154465563,0.198297815197535
"UHSES",56,"SCSP",-0.332212802341807,0.279718837603885
"UHSES",56,"SCHL",0.273026421216904,0.277792618688816
"UHSES",57,"DNKA",0.168615914919356,0.203876122168475
"UHSES",57,"ESXC",0.876388527869936,0.238183231120466
"UHSES",57,"FDSC",0.754095227987445,0.192470434097066
"UHSES",57,"GOVG",0.33477215101921,0.210161353120502
"UHSES",57,"VLNC",0.44243642649488,0.198541813760371
"UHSES",57,"SCSP",-0.36925871186188,0.278955851371068
"UHSES",57,"SCHL",0.282463923819391,0.277951003288676
"UHSES",58,"DNKA",0.150533815057246,0.203914711303624
"UHSES",58,"ESXC",0.879977486566357,0.238003349911158
"UHSES",58,"FDSC",0.756852583071477,0.192717793827328
"UHSES",58,"GOVG",0.317813562414828,0.210902655062642
"UHSES",58,"VLNC",0.454728277744761,0.199007913815059
"UHSES",58,"SCSP",-0.341355497046107,0.2796292490876
"UHSES",58,"SCHL",0.276132905322267,0.279921024448699
"UHSES",59,"DNKA",0.170909505193537,0.203837561042511
"UHSES",59,"ESXC",0.89195530642863,0.238746256958574
"UHSES",59,"FDSC",0.711736510759363,0.192545489411037
"UHSES",59,"GOVG",0.357562480985412,0.210522461533792
"UHSES",59,"VLNC",0.437243873727628,0.198866247492563
"UHSES",59,"SCSP",-0.354242897603094,0.279212674274242
"UHSES",59,"SCHL",0.266049044178297,0.277170379422282
"UHSES",60,"DNKA",0.17576515867061,0.203798012711383
"UHSES",60,"ESXC",0.879705281052632,0.239205267218674
"UHSES",60,"FDSC",0.722001165446036,0.192736236656301
"UHSES",60,"GOVG",0.343483357333702,0.211116522033159
"UHSES",60,"VLNC",0.437770208893749,0.198452124903499
"UHSES",60,"SCSP",-0.337641918176023,0.279279381312663
"UHSES",60,"SCHL",0.282639540824623,0.27798048754165
"UHSES",61,"DNKA",0.161086592558733,0.203668871157525
"UHSES",61,"ESXC",0.915122717808896,0.238999047180695
"UHSES",61,"FDSC",0.724423526607811,0.19224014481934
"UHSES",61,"GOVG",0.340351013929719,0.211022303049112
"UHSES",61,"VLNC",0.43653730347561,0.19876419031156
"UHSES",61,"SCSP",-0.3510028791582,0.279227486943241
"UHSES",61,"SCHL",0.266063972164549,0.279061795073246
"UHSES",62,"DNKA",0.146245763920124,0.203865208964941
"UHSES",62,"ESXC",0.856352499781535,0.239357543052769
"UHSES",62,"FDSC",0.726716876421285,0.192331012104382
"UHSES",62,"GOVG",0.342612736881442,0.210398783078308
"UHSES",62,"VLNC",0.439349246402361,0.198400339456028
"UHSES",62,"SCSP",-0.358098830434138,0.278827254600213
"UHSES",62,"SCHL",0.273962509517451,0.278258849155439
"UHSES",63,"DNKA",0.133759841458056,0.204282089677184
"UHSES",63,"ESXC",0.879266506725863,0.239312443385196
"UHSES",63,"FDSC",0.774149283158349,0.193439359505117
"UHSES",63,"GOVG",0.334530875849419,0.2108598255697
"UHSES",63,"VLNC",0.454695665562783,0.198692924584988
"UHSES",63,"SCSP",-0.380236218658282,0.279751766437351
"UHSES",63,"SCHL",0.293873779225654,0.279165213060458
"UHSES",64,"DNKA",0.181741087509965,0.204027829201524
"UHSES",64,"ESXC",0.873915101514251,0.238670544951076
"UHSES",64,"FDSC",0.764988972921106,0.194194306374421
"UHSES",64,"GOVG",0.390453958990554,0.213220230840181
"UHSES",64,"VLNC",0.455861510737447,0.200001017709035
"UHSES",64,"SCSP",-0.383260333057479,0.279852458654019
"UHSES",64,"SCHL",0.205156180804573,0.27760845503394
"UHSES",65,"DNKA",0.167781484167669,0.203655035569472
"UHSES",65,"ESXC",0.872083087837057,0.238311243646326
"UHSES",65,"FDSC",0.738429575476791,0.192530489508533
"UHSES",65,"GOVG",0.340198196979936,0.210821650033577
"UHSES",65,"VLNC",0.448683997229582,0.198698218729866
"UHSES",65,"SCSP",-0.354583798695064,0.279393226613048
"UHSES",65,"SCHL",0.262522354049535,0.278467739254594
"UHSES",66,"DNKA",0.166949930279065,0.203556606587861
"UHSES",66,"ESXC",0.879468456099677,0.238793726597437
"UHSES",66,"FDSC",0.744804934440544,0.192594762170431
"UHSES",66,"GOVG",0.331581788311322,0.21074921804327
"UHSES",66,"VLNC",0.438289814177016,0.198419233907659
"UHSES",66,"SCSP",-0.35351373929436,0.279229157790406
"UHSES",66,"SCHL",0.258984067726135,0.278282350782384
"UHSES",67,"DNKA",0.163497755602577,0.203681111472117
"UHSES",67,"ESXC",0.87243204750302,0.239220496907488
"UHSES",67,"FDSC",0.741655900671354,0.192503380804828
"UHSES",67,"GOVG",0.344632832297673,0.210988233154976
"UHSES",67,"VLNC",0.452538822458495,0.19873243134144
"UHSES",67,"SCSP",-0.377167080907612,0.280521608935249
"UHSES",67,"SCHL",0.264209206860118,0.278503181003942
"UHSES",68,"DNKA",0.148442655035966,0.204337788836174
"UHSES",68,"ESXC",0.90292777102629,0.240221386766002
"UHSES",68,"FDSC",0.742555187329633,0.193600894096032
"UHSES",68,"GOVG",0.368309321779006,0.211125801945787
"UHSES",68,"VLNC",0.45878584983932,0.198492677052555
"UHSES",68,"SCSP",-0.399133310166608,0.280045319051642
"UHSES",68,"SCHL",0.265465581380065,0.278439403824996
"UHSES",69,"DNKA",0.156435381369813,0.203670638923684
"UHSES",69,"ESXC",0.851279736962243,0.239889418711467
"UHSES",69,"FDSC",0.735482389562605,0.192706553751123
"UHSES",69,"GOVG",0.350411449639229,0.210864216541128
"UHSES",69,"VLNC",0.445592943214822,0.199673494781989
"UHSES",69,"SCSP",-0.385263542353028,0.278657918601867
"UHSES",69,"SCHL",0.271488547069256,0.277965420606908
"UHSES",70,"DNKA",0.163246764339989,0.203477238624719
"UHSES",70,"ESXC",0.891253609011749,0.238270651508668
"UHSES",70,"FDSC",0.736972596448855,0.192454211607098
"UHSES",70,"GOVG",0.342612985314379,0.2107523812409
"UHSES",70,"VLNC",0.440725494250111,0.198246586019143
"UHSES",70,"SCSP",-0.352089781623898,0.279418264572148
"UHSES",70,"SCHL",0.2520910304023,0.278690969226695
"UHSES",71,"DNKA",0.168102822306787,0.204091706277642
"UHSES",71,"ESXC",0.87044971769819,0.239113595709143
"UHSES",71,"FDSC",0.758293596420725,0.192535624066574
"UHSES",71,"GOVG",0.333247756115883,0.21119470072709
"UHSES",71,"VLNC",0.44221427032873,0.198634561078759
"UHSES",71,"SCSP",-0.36307807309791,0.279614964062563
"UHSES",71,"SCHL",0.26463967751211,0.277870870384733
"UHSES",72,"DNKA",0.167064682224414,0.20389057463034
"UHSES",72,"ESXC",0.881071842444602,0.239834394719
"UHSES",72,"FDSC",0.733685412946537,0.192651250813569
"UHSES",72,"GOVG",0.319850874344987,0.211005163602421
"UHSES",72,"VLNC",0.445515661939536,0.19875662469235
"UHSES",72,"SCSP",-0.347927121745607,0.280745705610824
"UHSES",72,"SCHL",0.301403360899725,0.279707986909094
"UHSES",73,"DNKA",0.17033763747921,0.203389251765264
"UHSES",73,"ESXC",0.883497706053684,0.238309125516
"UHSES",73,"FDSC",0.763398994594669,0.193210898600207
"UHSES",73,"GOVG",0.353999267387664,0.21115114461706
"UHSES",73,"VLNC",0.472014667351602,0.199655301852456
"UHSES",73,"SCSP",-0.388908314902132,0.280883941575978
"UHSES",73,"SCHL",0.27833871587694,0.279916070900762
"UHSES",74,"DNKA",0.155134307668906,0.203785808580961
"UHSES",74,"ESXC",0.875154422088203,0.239022283680894
"UHSES",74,"FDSC",0.735647249913933,0.192498848531829
"UHSES",74,"GOVG",0.331792536481915,0.210576084963465
"UHSES",74,"VLNC",0.441265415233636,0.198645341409504
"UHSES",74,"SCSP",-0.361066310277574,0.279091045615462
"UHSES",74,"SCHL",0.272248520806568,0.277800899495914
"UHSES",75,"DNKA",0.15889369768679,0.203738553725967
"UHSES",75,"ESXC",0.878341527038766,0.238854087891013
"UHSES",75,"FDSC",0.737338389095948,0.193326963741737
"UHSES",75,"GOVG",0.358546389363118,0.21156186768832
"UHSES",75,"VLNC",0.444255894743852,0.198624830621817
"UHSES",75,"SCSP",-0.367323078243537,0.279966135659822
"UHSES",75,"SCHL",0.254249396605363,0.277050202843581
"UHSES",76,"DNKA",0.157558562873757,0.203078034595707
"UHSES",76,"ESXC",0.877980095397802,0.239207081679695
"UHSES",76,"FDSC",0.726089974554585,0.191890339629856
"UHSES",76,"GOVG",0.349180861693542,0.210808524671173
"UHSES",76,"VLNC",0.471657926564098,0.198938526747992
"UHSES",76,"SCSP",-0.366137926263239,0.279380316966562
"UHSES",76,"SCHL",0.291598671287663,0.279323540623835
"UHSES",77,"DNKA",0.150650406278013,0.203714442281075
"UHSES",77,"ESXC",0.84503582856921,0.239801490778686
"UHSES",77,"FDSC",0.760259793755682,0.192652011802007
"UHSES",77,"GOVG",0.334450735632357,0.210183635938773
"UHSES",77,"VLNC",0.429941771549276,0.198675968968175
"UHSES",77,"SCSP",-0.375728062348019,0.280290255469424
"UHSES",77,"SCHL",0.287842093381643,0.278475118039731
"UHSES",78,"DNKA",0.113928737579012,0.204758945864273
"UHSES",78,"ESXC",0.89561269948879,0.239936193436643
"UHSES",78,"FDSC",0.764861809218676,0.193354777236869
"UHSES",78,"GOVG",0.334539848742646,0.21183035001291
"UHSES",78,"VLNC",0.458721917649913,0.200575345240169
"UHSES",78,"SCSP",-0.332205396645319,0.281827487734483
"UHSES",78,"SCHL",0.32793326863379,0.282053902142515
"UHSES",79,"DNKA",0.143461671084641,0.204436365312198
"UHSES",79,"ESXC",0.889797761099049,0.237999317681589
"UHSES",79,"FDSC",0.791188676441889,0.192851622752828
"UHSES",79,"GOVG",0.345900268736199,0.210997713470315
"UHSES",79,"VLNC",0.481788598910448,0.199126440857429
"UHSES",79,"SCSP",-0.376000693678128,0.279797407152711
"UHSES",79,"SCHL",0.277289512477352,0.280438604260214
"UHSES",80,"DNKA",0.170926179831336,0.203648847665789
"UHSES",80,"ESXC",0.880792005420388,0.239645702916573
"UHSES",80,"FDSC",0.760515560896426,0.192532109803637
"UHSES",80,"GOVG",0.345940956517729,0.210441946143015
"UHSES",80,"VLNC",0.425466858099295,0.198678214797176
"UHSES",80,"SCSP",-0.401884258222951,0.279356586937089
"UHSES",80,"SCHL",0.281777711662571,0.278743114735542
"UHSES",81,"DNKA",0.150426148500136,0.20391024135285
"UHSES",81,"ESXC",0.879714459852198,0.238978839689089
"UHSES",81,"FDSC",0.732836568877761,0.192540636031927
"UHSES",81,"GOVG",0.344986018499181,0.210852251988781
"UHSES",81,"VLNC",0.449420045613733,0.198851350482666
"UHSES",81,"SCSP",-0.335312672203218,0.279755366595121
"UHSES",81,"SCHL",0.265869792607241,0.27847935232597
"UHSES",82,"DNKA",0.120149555609805,0.20545949877538
"UHSES",82,"ESXC",0.891131476926412,0.238789524313022
"UHSES",82,"FDSC",0.755440636539142,0.192640279532612
"UHSES",82,"GOVG",0.330347788032282,0.210425609228971
"UHSES",82,"VLNC",0.430926649649479,0.199543289852509
"UHSES",82,"SCSP",-0.347889646661002,0.279714400453876
"UHSES",82,"SCHL",0.306858630761906,0.281875687118536
"UHSES",83,"DNKA",0.14440381163986,0.203825540619003
"UHSES",83,"ESXC",0.867591973828591,0.238981506518259
"UHSES",83,"FDSC",0.761495502258815,0.193171162392235
"UHSES",83,"GOVG",0.328411246659511,0.210435241354536
"UHSES",83,"VLNC",0.444148456666475,0.197993732142807
"UHSES",83,"SCSP",-0.339862805600374,0.279779747195388
"UHSES",83,"SCHL",0.261355277553612,0.279149743060799
"UHSES",84,"DNKA",0.15870155940777,0.203567386069346
"UHSES",84,"ESXC",0.867549238838452,0.238428586467749
"UHSES",84,"FDSC",0.738502225013103,0.192609767285778
"UHSES",84,"GOVG",0.344783123981443,0.210892554488426
"UHSES",84,"VLNC",0.442001865212,0.198355163814288
"UHSES",84,"SCSP",-0.359085066508853,0.279963432323168
"UHSES",84,"SCHL",0.266140540941077,0.278294467978268
"UHSES",85,"DNKA",0.117676691446107,0.205284445047299
"UHSES",85,"ESXC",0.83276788145342,0.239355707555843
"UHSES",85,"FDSC",0.720451577863367,0.192272262582348
"UHSES",85,"GOVG",0.323533302863085,0.210713519129163
"UHSES",85,"VLNC",0.44244459627522,0.198782836938878
"UHSES",85,"SCSP",-0.319302248923306,0.282425187776103
"UHSES",85,"SCHL",0.269810604431245,0.279038576047657
"UHSES",86,"DNKA",0.144949423845927,0.204004603718342
"UHSES",86,"ESXC",0.855569476288139,0.238921248963929
"UHSES",86,"FDSC",0.739340179630585,0.19280877965192
"UHSES",86,"GOVG",0.348558943637663,0.21089175748328
"UHSES",86,"VLNC",0.454821533785452,0.198940732305417
"UHSES",86,"SCSP",-0.347446540877526,0.2792406165435
"UHSES",86,"SCHL",0.238776493530981,0.278853689160558
"UHSES",87,"DNKA",0.151787996356515,0.204733293596583
"UHSES",87,"ESXC",0.881630837520608,0.239577306962824
"UHSES",87,"FDSC",0.776365100521392,0.194073527513844
"UHSES",87,"GOVG",0.334819924926201,0.211138751551359
"UHSES",87,"VLNC",0.454722028819284,0.199122569110066
"UHSES",87,"SCSP",-0.399253020533906,0.280109198639872
"UHSES",87,"SCHL",0.286165614634878,0.280054629871043
"UHSES",88,"DNKA",0.167463941240312,0.204030680916757
"UHSES",88,"ESXC",0.88061535435214,0.239517189064567
"UHSES",88,"FDSC",0.769638066477353,0.192968879497936
"UHSES",88,"GOVG",0.331845303568508,0.210959907250812
"UHSES",88,"VLNC",0.447472433218567,0.198554513081573
"UHSES",88,"SCSP",-0.394592990995797,0.280432853439211
"UHSES",88,"SCHL",0.287776665707737,0.279399089482838
"UHSES",89,"DNKA",0.134293746995854,0.203634520083625
"UHSES",89,"ESXC",0.875386612721596,0.238419534682775
"UHSES",89,"FDSC",0.755867517170365,0.192958159761399
"UHSES",89,"GOVG",0.343987012928978,0.210779273189656
"UHSES",89,"VLNC",0.443092345421455,0.198570181715202
"UHSES",89,"SCSP",-0.354514578432674,0.279245861052409
"UHSES",89,"SCHL",0.251287480707061,0.27871864102933
"UHSES",90,"DNKA",0.165294330094223,0.203223293023366
"UHSES",90,"ESXC",0.880492883785567,0.238271726969761
"UHSES",90,"FDSC",0.741088200914307,0.19242109765163
"UHSES",90,"GOVG",0.338189882193345,0.210788106262329
"UHSES",90,"VLNC",0.451309094432435,0.198725058768336
"UHSES",90,"SCSP",-0.349585417077848,0.279799695748013
"UHSES",90,"SCHL",0.283255379652954,0.278010209674953
"UHSES",91,"DNKA",0.149788210928039,0.203554536324346
"UHSES",91,"ESXC",0.891931607351065,0.238743067969631
"UHSES",91,"FDSC",0.735831583669068,0.192557538849425
"UHSES",91,"GOVG",0.341030055087909,0.21097888699599
"UHSES",91,"VLNC",0.44549334667099,0.198756986589181
"UHSES",91,"SCSP",-0.38077363729286,0.279000032505187
"UHSES",91,"SCHL",0.263313475515842,0.27867889364893
"UHSES",92,"DNKA",0.167463089878628,0.204433225717465
"UHSES",92,"ESXC",0.88570538860145,0.239052926252642
"UHSES",92,"FDSC",0.760502329974893,0.192266812841021
"UHSES",92,"GOVG",0.336303396561293,0.210135769054754
"UHSES",92,"VLNC",0.459850668466453,0.198814177972586
"UHSES",92,"SCSP",-0.365337955125903,0.279755725753607
"UHSES",92,"SCHL",0.275457975529637,0.278237178180161
"UHSES",93,"DNKA",0.15982018294707,0.203843471776941
"UHSES",93,"ESXC",0.875523223537246,0.238633888529105
"UHSES",93,"FDSC",0.747941066467809,0.192326369786261
"UHSES",93,"GOVG",0.343023091568792,0.210643361442188
"UHSES",93,"VLNC",0.472608964369052,0.199429709573301
"UHSES",93,"SCSP",-0.348643893401397,0.27967872922347
"UHSES",93,"SCHL",0.255489521901844,0.278296760690805
"UHSES",94,"DNKA",0.171680865264959,0.203095118316586
"UHSES",94,"ESXC",0.867188535784547,0.239601213226448
"UHSES",94,"FDSC",0.758802418919705,0.192647514561779
"UHSES",94,"GOVG",0.340036314257472,0.21057763223113
"UHSES",94,"VLNC",0.445636388591193,0.198523483096534
"UHSES",94,"SCSP",-0.354122238203045,0.279582483158846
"UHSES",94,"SCHL",0.263644112583614,0.278348842517852
"UHSES",95,"DNKA",0.157141482707377,0.203981465245466
"UHSES",95,"ESXC",0.873999327178772,0.238571224415319
"UHSES",95,"FDSC",0.743690668850878,0.192149984145843
"UHSES",95,"GOVG",0.340443963004827,0.210526341767088
"UHSES",95,"VLNC",0.435887637398566,0.198730461368952
"UHSES",95,"SCSP",-0.364780769520524,0.279144943619329
"UHSES",95,"SCHL",0.268767198925476,0.277671469878037
"UHSES",96,"DNKA",0.161294779095367,0.203855283915512
"UHSES",96,"ESXC",0.884027868242971,0.239016782996047
"UHSES",96,"FDSC",0.766522546389726,0.192238354577141
"UHSES",96,"GOVG",0.332894178031097,0.210449367526206
"UHSES",96,"VLNC",0.437727766111806,0.198913146533392
"UHSES",96,"SCSP",-0.365528015547672,0.279830924088304
"UHSES",96,"SCHL",0.298187549626024,0.280266949182219
"UHSES",97,"DNKA",0.162989063544888,0.203914331034267
"UHSES",97,"ESXC",0.873375095384764,0.239366782690066
"UHSES",97,"FDSC",0.775564993671457,0.19278916112049
"UHSES",97,"GOVG",0.332950739868082,0.210387370149031
"UHSES",97,"VLNC",0.455498718917968,0.199113993544036
"UHSES",97,"SCSP",-0.35231761910935,0.280213573215971
"UHSES",97,"SCHL",0.252527049930439,0.278791124969703
"UHSES",98,"DNKA",0.1563986793882,0.203591435097121
"UHSES",98,"ESXC",0.852186066290991,0.239315490636708
"UHSES",98,"FDSC",0.768082780085968,0.193057041624881
"UHSES",98,"GOVG",0.336102427959618,0.210876535001219
"UHSES",98,"VLNC",0.427040326789083,0.199164501211158
"UHSES",98,"SCSP",-0.362900399144096,0.280785282392572
"UHSES",98,"SCHL",0.243889600846617,0.277290803882051
"UHSES",99,"DNKA",0.140157184260514,0.20407542900555
"UHSES",99,"ESXC",0.876382555214856,0.238512733305707
"UHSES",99,"FDSC",0.753151454058476,0.19293236320506
"UHSES",99,"GOVG",0.322458639828932,0.210332707023496
"UHSES",99,"VLNC",0.440558562449518,0.198461863412964
"UHSES",99,"SCSP",-0.341593705996166,0.279648852537752
"UHSES",99,"SCHL",0.273248528474044,0.279242348831449
"UHSES",100,"DNKA",0.161627016192616,0.202736435833422
"UHSES",100,"ESXC",0.863177209116277,0.237613363156103
"UHSES",100,"FDSC",0.746900440352692,0.191652005153264
"UHSES",100,"GOVG",0.354616075035215,0.210431644219054
"UHSES",100,"VLNC",0.435164594828235,0.198767611075366
"UHSES",100,"SCSP",-0.351821642927351,0.279754424580692
"UHSES",100,"SCHL",0.26726420523973,0.277776332794423
"JPA",1,"DNKA",0.23777811219223,0.149164881097833
"JPA",1,"ESXC",0.457865691694219,0.183288430486558
"JPA",1,"FDSC",0.694556694741749,0.139386681111311
"JPA",1,"GOVG",0.1560173782616,0.154539035143586
"JPA",1,"VLNC",0.63914011473259,0.142619977000047
"JPA",1,"SCSP",-0.0997471587945078,0.223700141060445
"JPA",1,"SCHL",0.143644481725173,0.17828761627569
"JPA",2,"DNKA",0.242626194776855,0.149076791051629
"JPA",2,"ESXC",0.457202932906452,0.182848646692982
"JPA",2,"FDSC",0.688899760049654,0.13916078262484
"JPA",2,"GOVG",0.143094512872135,0.154510998914748
"JPA",2,"VLNC",0.635748915607989,0.142723966925731
"JPA",2,"SCSP",-0.0839082083772635,0.223456788078558
"JPA",2,"SCHL",0.11285302713034,0.178731602559707
"JPA",3,"DNKA",0.23774837477374,0.148896672936619
"JPA",3,"ESXC",0.474682293449193,0.182581487682267
"JPA",3,"FDSC",0.701628848658964,0.139088852852877
"JPA",3,"GOVG",0.146135902085965,0.154226527518163
"JPA",3,"VLNC",0.656783861478095,0.142418262758042
"JPA",3,"SCSP",-0.0811433457915872,0.222970428401856
"JPA",3,"SCHL",0.140923165974869,0.178623825996115
"JPA",4,"DNKA",0.243624898179191,0.14879679250899
"JPA",4,"ESXC",0.464530224164525,0.182881102292824
"JPA",4,"FDSC",0.703360695767516,0.139131621063088
"JPA",4,"GOVG",0.15769649488448,0.15409972243459
"JPA",4,"VLNC",0.66043928878466,0.142426982467106
"JPA",4,"SCSP",-0.092681421849369,0.22314092386473
"JPA",4,"SCHL",0.126159657077087,0.178147000160908
"JPA",5,"DNKA",0.255078616984113,0.149182017696259
"JPA",5,"ESXC",0.462478110764832,0.183242679115067
"JPA",5,"FDSC",0.699531217675827,0.139259110815608
"JPA",5,"GOVG",0.145740235094589,0.154102404057717
"JPA",5,"VLNC",0.665326452743883,0.142661855426046
"JPA",5,"SCSP",-0.102794260281488,0.223208646326405
"JPA",5,"SCHL",0.132590697453162,0.178348378807646
"JPA",6,"DNKA",0.246951935224002,0.148739441978828
"JPA",6,"ESXC",0.46787367952198,0.182534358202782
"JPA",6,"FDSC",0.692334191396128,0.138993036960691
"JPA",6,"GOVG",0.136869954857602,0.15424548770664
"JPA",6,"VLNC",0.657547980152419,0.142806439141499
"JPA",6,"SCSP",-0.0978875142322864,0.22318539710266
"JPA",6,"SCHL",0.132871979238912,0.178205173949587
"JPA",7,"DNKA",0.237777352603017,0.149040406371083
"JPA",7,"ESXC",0.466634906287018,0.182957284380464
"JPA",7,"FDSC",0.712828687484391,0.139343526067885
"JPA",7,"GOVG",0.140007241414021,0.154243813441003
"JPA",7,"VLNC",0.649082629614406,0.142727470996667
"JPA",7,"SCSP",-0.0986150550635579,0.22323789183555
"JPA",7,"SCHL",0.136753235964445,0.179314916615838
"JPA",8,"DNKA",0.253040374980763,0.149089268853697
"JPA",8,"ESXC",0.470443938837236,0.182523874879669
"JPA",8,"FDSC",0.700745832739227,0.139141600935318
"JPA",8,"GOVG",0.152061779760001,0.154277257153018
"JPA",8,"VLNC",0.652206148414666,0.142495244224268
"JPA",8,"SCSP",-0.113739370539913,0.223377080598021
"JPA",8,"SCHL",0.1292928988243,0.178544699690983
"JPA",9,"DNKA",0.241016862256104,0.148547952921118
"JPA",9,"ESXC",0.476719050952715,0.182671480348146
"JPA",9,"FDSC",0.718489576711485,0.139046749028345
"JPA",9,"GOVG",0.145506399466335,0.154233660795715
"JPA",9,"VLNC",0.674336779574392,0.142741261280872
"JPA",9,"SCSP",-0.0997819213588541,0.22323284826781
"JPA",9,"SCHL",0.162385711725676,0.178890934867059
"JPA",10,"DNKA",0.245174783377747,0.149120732914715
"JPA",10,"ESXC",0.472862038092267,0.182218957976471
"JPA",10,"FDSC",0.70815947808384,0.139248890360409
"JPA",10,"GOVG",0.140064840575869,0.154314198429231
"JPA",10,"VLNC",0.641259937450081,0.142485758112841
"JPA",10,"SCSP",-0.103977708869904,0.223883943766347
"JPA",10,"SCHL",0.130971633522133,0.178447235344091
"JPA",11,"DNKA",0.238203049411662,0.149024253451998
"JPA",11,"ESXC",0.489313206653508,0.18237770826958
"JPA",11,"FDSC",0.699272996336135,0.139086190447843
"JPA",11,"GOVG",0.147171944467107,0.15420113521485
"JPA",11,"VLNC",0.65355951847206,0.142590020284886
"JPA",11,"SCSP",-0.0790586927409453,0.223489984753164
"JPA",11,"SCHL",0.133351307148387,0.178460502340094
"JPA",12,"DNKA",0.239585662766165,0.148954325015724
"JPA",12,"ESXC",0.472297215265472,0.182644317586326
"JPA",12,"FDSC",0.69872444559693,0.138907493922496
"JPA",12,"GOVG",0.146785592043565,0.153949055236346
"JPA",12,"VLNC",0.655222400304609,0.142439911060242
"JPA",12,"SCSP",-0.0804168152061437,0.223034320584113
"JPA",12,"SCHL",0.130784675112171,0.178580689479687
"JPA",13,"DNKA",0.238293629875277,0.149272084114428
"JPA",13,"ESXC",0.47528331004566,0.182930011666637
"JPA",13,"FDSC",0.714855618424135,0.139477895016591
"JPA",13,"GOVG",0.135567034967552,0.154799419606391
"JPA",13,"VLNC",0.662734919162717,0.14293126895514
"JPA",13,"SCSP",-0.1216455824507,0.224287658071177
"JPA",13,"SCHL",0.146201280488419,0.17955725172374
"JPA",14,"DNKA",0.233772457203823,0.149241313329112
"JPA",14,"ESXC",0.44850821317282,0.182974599464377
"JPA",14,"FDSC",0.702206506781224,0.138940803582875
"JPA",14,"GOVG",0.152662503963858,0.154410499535398
"JPA",14,"VLNC",0.657154769486445,0.142701008293117
"JPA",14,"SCSP",-0.0857707605790459,0.223282403689185
"JPA",14,"SCHL",0.138499861265895,0.178515126785076
"JPA",15,"DNKA",0.250005125011168,0.149207364365438
"JPA",15,"ESXC",0.463929813067756,0.183734468419719
"JPA",15,"FDSC",0.695874206166783,0.139578804332284
"JPA",15,"GOVG",0.154221007980629,0.154437228255894
"JPA",15,"VLNC",0.647419856527385,0.143122847212734
"JPA",15,"SCSP",-0.0918440676813968,0.224206407401055
"JPA",15,"SCHL",0.121702628626844,0.179040256576167
"JPA",16,"DNKA",0.240082058905069,0.148860480696236
"JPA",16,"ESXC",0.468776590145347,0.182593216741801
"JPA",16,"FDSC",0.704786521579766,0.13907881197021
"JPA",16,"GOVG",0.157040209272586,0.154287346653091
"JPA",16,"VLNC",0.660406268148271,0.143065638474068
"JPA",16,"SCSP",-0.0904376734399747,0.223428421669624
"JPA",16,"SCHL",0.148045894603876,0.178783398400719
"JPA",17,"DNKA",0.245872786783404,0.148575068449708
"JPA",17,"ESXC",0.464473936973265,0.18318940968494
"JPA",17,"FDSC",0.700402711224716,0.139110903487051
"JPA",17,"GOVG",0.160299111220223,0.154034605989232
"JPA",17,"VLNC",0.65201665572043,0.142406952157336
"JPA",17,"SCSP",-0.100620688321646,0.223964963554145
"JPA",17,"SCHL",0.12496519074037,0.178634308092616
"JPA",18,"DNKA",0.247639228097269,0.148862872992363
"JPA",18,"ESXC",0.482014757144034,0.183036613149841
"JPA",18,"FDSC",0.696452439846588,0.139155281668497
"JPA",18,"GOVG",0.147766618164691,0.154480950250393
"JPA",18,"VLNC",0.654338356439962,0.142571366748953
"JPA",18,"SCSP",-0.0788553416594905,0.223820496903402
"JPA",18,"SCHL",0.148340076811958,0.178874833167646
"JPA",19,"DNKA",0.242644827000823,0.149007520684901
"JPA",19,"ESXC",0.462917661003131,0.182653116479636
"JPA",19,"FDSC",0.697674083034812,0.139057462252598
"JPA",19,"GOVG",0.142849312958242,0.154361826374341
"JPA",19,"VLNC",0.660005662469839,0.142546510922567
"JPA",19,"SCSP",-0.0869998243366429,0.223434321461591
"JPA",19,"SCHL",0.156275616023349,0.178737670299103
"JPA",20,"DNKA",0.252490167859689,0.148746085305544
"JPA",20,"ESXC",0.466590550445613,0.182423393654558
"JPA",20,"FDSC",0.698790373549938,0.138993357132218
"JPA",20,"GOVG",0.144323493117431,0.154163807837118
"JPA",20,"VLNC",0.657315690475947,0.142324722906059
"JPA",20,"SCSP",-0.0839736699979097,0.222974729739004
"JPA",20,"SCHL",0.138864865568921,0.178273656506787
"JPA",21,"DNKA",0.243710264534725,0.149019171851738
"JPA",21,"ESXC",0.47834349811626,0.182975302287118
"JPA",21,"FDSC",0.709455013723924,0.139099937616052
"JPA",21,"GOVG",0.151673159299666,0.154338353639566
"JPA",21,"VLNC",0.647591537397575,0.142545835728764
"JPA",21,"SCSP",-0.0835149636227043,0.223564395246585
"JPA",21,"SCHL",0.142227369177072,0.178377477845688
"JPA",22,"DNKA",0.236825202675129,0.14917421467955
"JPA",22,"ESXC",0.472116011417459,0.182172586811298
"JPA",22,"FDSC",0.703845444145283,0.139252166563164
"JPA",22,"GOVG",0.135905543779895,0.154423930126054
"JPA",22,"VLNC",0.660091226787675,0.142540479635963
"JPA",22,"SCSP",-0.105590270064035,0.223286048362886
"JPA",22,"SCHL",0.129923785828474,0.178260673427929
"JPA",23,"DNKA",0.241001839583349,0.149096323641627
"JPA",23,"ESXC",0.478375999073543,0.182811096946488
"JPA",23,"FDSC",0.697936864491192,0.138933009896466
"JPA",23,"GOVG",0.138433635254071,0.154373744607674
"JPA",23,"VLNC",0.655722676800417,0.142428300238163
"JPA",23,"SCSP",-0.0914356418411732,0.223397575998907
"JPA",23,"SCHL",0.138080410611923,0.178496070235884
"JPA",24,"DNKA",0.24017596999259,0.148872044108617
"JPA",24,"ESXC",0.454966571593787,0.182908515004421
"JPA",24,"FDSC",0.704048788827582,0.139295885868952
"JPA",24,"GOVG",0.156468263529377,0.154115247608896
"JPA",24,"VLNC",0.657042815135901,0.14241560622841
"JPA",24,"SCSP",-0.10774900199899,0.223587328702824
"JPA",24,"SCHL",0.131598488550897,0.178555838472234
"JPA",25,"DNKA",0.241697895297696,0.149054060072168
"JPA",25,"ESXC",0.47362174535396,0.182628080869516
"JPA",25,"FDSC",0.697792315758995,0.139292825837813
"JPA",25,"GOVG",0.142218716444972,0.154117949583246
"JPA",25,"VLNC",0.659177285729143,0.142377267791035
"JPA",25,"SCSP",-0.0993838283849364,0.223207257542753
"JPA",25,"SCHL",0.11684610331988,0.178290128376502
"JPA",26,"DNKA",0.257305644215622,0.148948982924721
"JPA",26,"ESXC",0.452090946623119,0.183612780027459
"JPA",26,"FDSC",0.71493659641874,0.139327146291144
"JPA",26,"GOVG",0.134208504887596,0.154300718362739
"JPA",26,"VLNC",0.663187736900994,0.142551170289651
"JPA",26,"SCSP",-0.0965625995338598,0.223659658611787
"JPA",26,"SCHL",0.144025324423496,0.178711003149465
"JPA",27,"DNKA",0.245361427946966,0.148907265432161
"JPA",27,"ESXC",0.461670604548134,0.182743133753206
"JPA",27,"FDSC",0.698655949087157,0.138988461737302
"JPA",27,"GOVG",0.145531399626622,0.15406960428002
"JPA",27,"VLNC",0.654339443354752,0.14229084732634
"JPA",27,"SCSP",-0.0980283866515421,0.223199476421292
"JPA",27,"SCHL",0.133798952635602,0.178604903510625
"JPA",28,"DNKA",0.238176254699802,0.149085121618824
"JPA",28,"ESXC",0.472666935892862,0.182807754300115
"JPA",28,"FDSC",0.708485099963849,0.13910864364848
"JPA",28,"GOVG",0.149439237151114,0.154168491752577
"JPA",28,"VLNC",0.667262784760793,0.142473387114297
"JPA",28,"SCSP",-0.103766533610243,0.223783342902374
"JPA",28,"SCHL",0.139300892115435,0.178405839808879
"JPA",29,"DNKA",0.248269752126454,0.149027023455878
"JPA",29,"ESXC",0.463160290547935,0.182280837415549
"JPA",29,"FDSC",0.696142385169239,0.1392704506409
"JPA",29,"GOVG",0.151746056212719,0.154461943432966
"JPA",29,"VLNC",0.654758337501548,0.142566794863197
"JPA",29,"SCSP",-0.0921839140054498,0.223444290709257
"JPA",29,"SCHL",0.129667671069441,0.179132817971431
"JPA",30,"DNKA",0.23405176279273,0.149111392041528
"JPA",30,"ESXC",0.455141816505585,0.18316795701631
"JPA",30,"FDSC",0.714103854345607,0.139583779750016
"JPA",30,"GOVG",0.157336801256249,0.154331255858626
"JPA",30,"VLNC",0.650399300083484,0.142687704395662
"JPA",30,"SCSP",-0.094895059632808,0.223628539306119
"JPA",30,"SCHL",0.128293521559532,0.178455583467478
"JPA",31,"DNKA",0.239853988398765,0.149089393551656
"JPA",31,"ESXC",0.477789036930314,0.182473700602748
"JPA",31,"FDSC",0.714028037071649,0.139438498429519
"JPA",31,"GOVG",0.153597133198866,0.154118986552017
"JPA",31,"VLNC",0.660668025561682,0.142544508904558
"JPA",31,"SCSP",-0.0949652340691431,0.223127866298758
"JPA",31,"SCHL",0.122035872199236,0.178193417640854
"JPA",32,"DNKA",0.240027341054776,0.149292894617936
"JPA",32,"ESXC",0.473602856043354,0.182945476718694
"JPA",32,"FDSC",0.713433790208778,0.138996283289312
"JPA",32,"GOVG",0.161551584751083,0.15438014045368
"JPA",32,"VLNC",0.64830650393241,0.142424307797915
"JPA",32,"SCSP",-0.100261251250571,0.22350852271168
"JPA",32,"SCHL",0.133000920740968,0.178833863602828
"JPA",33,"DNKA",0.235355942416877,0.149010166167498
"JPA",33,"ESXC",0.463362779923112,0.18305413810414
"JPA",33,"FDSC",0.70759815737952,0.139411875739631
"JPA",33,"GOVG",0.155948266253177,0.154088476904534
"JPA",33,"VLNC",0.663237190590759,0.142691518204865
"JPA",33,"SCSP",-0.092662619910377,0.223714733890687
"JPA",33,"SCHL",0.151974408123639,0.178871995484374
"JPA",34,"DNKA",0.246306148718788,0.148988029858493
"JPA",34,"ESXC",0.471958521780849,0.182482653291336
"JPA",34,"FDSC",0.710064920312733,0.139167384760293
"JPA",34,"GOVG",0.137034547635343,0.154204610806048
"JPA",34,"VLNC",0.658420698604271,0.14235915257568
"JPA",34,"SCSP",-0.11328246710855,0.223474130245258
"JPA",34,"SCHL",0.144630687226021,0.178051302719372
"JPA",35,"DNKA",0.234658533618302,0.148835616391763
"JPA",35,"ESXC",0.462396008263554,0.182943723102025
"JPA",35,"FDSC",0.706574756340793,0.139034624649373
"JPA",35,"GOVG",0.156548879531654,0.154171319110277
"JPA",35,"VLNC",0.654032578108936,0.142453549430004
"JPA",35,"SCSP",-0.0730855713874081,0.223516231185153
"JPA",35,"SCHL",0.143667607285773,0.178282385629816
"JPA",36,"DNKA",0.24799335794404,0.149100761452766
"JPA",36,"ESXC",0.462206507607873,0.182436403536777
"JPA",36,"FDSC",0.696485869830854,0.138851763068342
"JPA",36,"GOVG",0.155194632794185,0.154398774199766
"JPA",36,"VLNC",0.665854588992792,0.142535347480302
"JPA",36,"SCSP",-0.109941373363342,0.222869318506949
"JPA",36,"SCHL",0.13411302302208,0.178867645205942
"JPA",37,"DNKA",0.253872004365345,0.148842696980975
"JPA",37,"ESXC",0.46528759568664,0.183479094882008
"JPA",37,"FDSC",0.703500110499245,0.139103382721458
"JPA",37,"GOVG",0.145245109808946,0.15455455573257
"JPA",37,"VLNC",0.652898491390244,0.142955341597212
"JPA",37,"SCSP",-0.0979866577202902,0.223884973501232
"JPA",37,"SCHL",0.136560075867143,0.179085301888584
"JPA",38,"DNKA",0.251318046240074,0.148960084078057
"JPA",38,"ESXC",0.460742735379987,0.181887214994427
"JPA",38,"FDSC",0.70176240870526,0.139263571154885
"JPA",38,"GOVG",0.150403589599287,0.154312260330917
"JPA",38,"VLNC",0.65690356228762,0.14234608067138
"JPA",38,"SCSP",-0.103770747293019,0.223257313085819
"JPA",38,"SCHL",0.125203134150644,0.178396262276027
"JPA",39,"DNKA",0.245925110654174,0.14908990232128
"JPA",39,"ESXC",0.469466239571498,0.182817610580298
"JPA",39,"FDSC",0.701423980029304,0.13901727465941
"JPA",39,"GOVG",0.15304717312403,0.154261708353376
"JPA",39,"VLNC",0.64904377026709,0.142585328498348
"JPA",39,"SCSP",-0.0909533387778665,0.223503252780242
"JPA",39,"SCHL",0.142509166969099,0.178524922463786
"JPA",40,"DNKA",0.246031292479349,0.149219338748433
"JPA",40,"ESXC",0.458840703118491,0.183154534017345
"JPA",40,"FDSC",0.698774347695645,0.1392260672831
"JPA",40,"GOVG",0.13812474369512,0.154047356179829
"JPA",40,"VLNC",0.650196238510361,0.142876463549957
"JPA",40,"SCSP",-0.1221116921428,0.223760966562296
"JPA",40,"SCHL",0.131450953032422,0.178819843256007
"JPA",41,"DNKA",0.254417544406183,0.148849974597275
"JPA",41,"ESXC",0.466283980579193,0.183386907372255
"JPA",41,"FDSC",0.697781336526363,0.138959637071761
"JPA",41,"GOVG",0.13303285835591,0.154288610550999
"JPA",41,"VLNC",0.653042764107534,0.142855267203738
"JPA",41,"SCSP",-0.100066849810781,0.223226758211853
"JPA",41,"SCHL",0.141146447314792,0.178413569589169
"JPA",42,"DNKA",0.242666188014213,0.149070653841354
"JPA",42,"ESXC",0.480821341961354,0.182706621921122
"JPA",42,"FDSC",0.696750729545506,0.138942871352987
"JPA",42,"GOVG",0.146053439463284,0.153951995899594
"JPA",42,"VLNC",0.66602765350827,0.142450169516066
"JPA",42,"SCSP",-0.0783674608875374,0.22336765269805
"JPA",42,"SCHL",0.145472765268391,0.178728260205684
"JPA",43,"DNKA",0.244931508733006,0.149398180324947
"JPA",43,"ESXC",0.446380272369857,0.183352206714267
"JPA",43,"FDSC",0.69817249160754,0.139154211905622
"JPA",43,"GOVG",0.154651903525255,0.154385286880465
"JPA",43,"VLNC",0.653435977199612,0.142462585581474
"JPA",43,"SCSP",-0.101181937941843,0.223211870930757
"JPA",43,"SCHL",0.126983738321063,0.17833854723958
"JPA",44,"DNKA",0.234502641739245,0.149195528466752
"JPA",44,"ESXC",0.463866083112555,0.182897806301689
"JPA",44,"FDSC",0.693442976606443,0.13915372606649
"JPA",44,"GOVG",0.13288069554256,0.1544157903877
"JPA",44,"VLNC",0.65337601533793,0.14276048289971
"JPA",44,"SCSP",-0.0793502539777729,0.224361764344144
"JPA",44,"SCHL",0.156527951301503,0.17893547639053
"JPA",45,"DNKA",0.25553550974724,0.149317833373169
"JPA",45,"ESXC",0.447801507565028,0.182839665785046
"JPA",45,"FDSC",0.694985784114224,0.139363040639582
"JPA",45,"GOVG",0.159451739591186,0.154340122173743
"JPA",45,"VLNC",0.657977539977037,0.142781378642252
"JPA",45,"SCSP",-0.0807832769335623,0.224139363734037
"JPA",45,"SCHL",0.159984369165494,0.178589761496068
"JPA",46,"DNKA",0.245799481122756,0.149145275541812
"JPA",46,"ESXC",0.468232475434117,0.182894269586289
"JPA",46,"FDSC",0.707941557356195,0.138909688862898
"JPA",46,"GOVG",0.151180856284994,0.154288014061868
"JPA",46,"VLNC",0.653246975602406,0.142221028090635
"JPA",46,"SCSP",-0.0914095765965176,0.222687982177001
"JPA",46,"SCHL",0.133623602325362,0.179010172056162
"JPA",47,"DNKA",0.24092525973063,0.149006972055933
"JPA",47,"ESXC",0.466870591820882,0.182748965709696
"JPA",47,"FDSC",0.69633020808681,0.138982038070799
"JPA",47,"GOVG",0.139855044251371,0.154611482581551
"JPA",47,"VLNC",0.645216194260576,0.142405833754571
"JPA",47,"SCSP",-0.0925247597811627,0.223327064248488
"JPA",47,"SCHL",0.130795488193446,0.178452774686004
"JPA",48,"DNKA",0.243569855802076,0.148660451156024
"JPA",48,"ESXC",0.475614424007146,0.182772101227277
"JPA",48,"FDSC",0.70988814936687,0.139033828193227
"JPA",48,"GOVG",0.139554690848076,0.154136465207279
"JPA",48,"VLNC",0.660753170391295,0.142483330187636
"JPA",48,"SCSP",-0.0831271920107616,0.223565047256848
"JPA",48,"SCHL",0.16442337657534,0.178911112087569
"JPA",49,"DNKA",0.241023562347834,0.149080566288633
"JPA",49,"ESXC",0.474706842772027,0.183452684733286
"JPA",49,"FDSC",0.706656456883114,0.13917325964389
"JPA",49,"GOVG",0.158062873118574,0.154661821824466
"JPA",49,"VLNC",0.652989351585174,0.142797560074646
"JPA",49,"SCSP",-0.116758377852124,0.22359966628105
"JPA",49,"SCHL",0.124633373563283,0.178493193945348
"JPA",50,"DNKA",0.223208702802814,0.149477200110233
"JPA",50,"ESXC",0.438717364428847,0.183303457500494
"JPA",50,"FDSC",0.724204843804361,0.139620771612065
"JPA",50,"GOVG",0.143131467971904,0.154765350199251
"JPA",50,"VLNC",0.662039245062254,0.142925838137768
"JPA",50,"SCSP",-0.100281242438765,0.223777277232603
"JPA",50,"SCHL",0.145421947582271,0.179500271934846
"JPA",51,"DNKA",0.240419636105838,0.148685599173144
"JPA",51,"ESXC",0.453528794971868,0.183038299706751
"JPA",51,"FDSC",0.702830464446476,0.139317465990178
"JPA",51,"GOVG",0.164752833802176,0.154235182168741
"JPA",51,"VLNC",0.650404407177721,0.142508914619845
"JPA",51,"SCSP",-0.0932982102918027,0.223177466339313
"JPA",51,"SCHL",0.126990111949336,0.178452078693662
"JPA",52,"DNKA",0.245318469884319,0.149312721682586
"JPA",52,"ESXC",0.453597113005418,0.183022390558949
"JPA",52,"FDSC",0.708451479799023,0.139139040617735
"JPA",52,"GOVG",0.156841282543177,0.154173099314368
"JPA",52,"VLNC",0.654886966359664,0.142789900528206
"JPA",52,"SCSP",-0.107502900487951,0.223413694783499
"JPA",52,"SCHL",0.133120628109926,0.178742025062761
"JPA",53,"DNKA",0.238274341412854,0.149049912087329
"JPA",53,"ESXC",0.455370956108893,0.183123823238543
"JPA",53,"FDSC",0.694692917082565,0.138987592467815
"JPA",53,"GOVG",0.163769483555944,0.154254650631592
"JPA",53,"VLNC",0.646116660444992,0.142710663429743
"JPA",53,"SCSP",-0.0967572751855062,0.223524426743457
"JPA",53,"SCHL",0.133049918172249,0.178603916010184
"JPA",54,"DNKA",0.244161802403376,0.149089361364964
"JPA",54,"ESXC",0.457920273150623,0.182566119524011
"JPA",54,"FDSC",0.708361973026428,0.139162225116519
"JPA",54,"GOVG",0.143105237241079,0.154368434053717
"JPA",54,"VLNC",0.646969075275094,0.142443912074548
"JPA",54,"SCSP",-0.0970494016060588,0.222970249966627
"JPA",54,"SCHL",0.129854851011015,0.178556207370806
"JPA",55,"DNKA",0.229225269636384,0.149008951425763
"JPA",55,"ESXC",0.452034043842466,0.182768301673014
"JPA",55,"FDSC",0.698697490254651,0.139059070733621
"JPA",55,"GOVG",0.148897050280247,0.154359070392112
"JPA",55,"VLNC",0.66121068643871,0.142622618739121
"JPA",55,"SCSP",-0.10500616581182,0.22352540225251
"JPA",55,"SCHL",0.110967596429631,0.178935921544794
"JPA",56,"DNKA",0.233239324226452,0.148946989491798
"JPA",56,"ESXC",0.470783139752597,0.18285266047155
"JPA",56,"FDSC",0.698821815969267,0.139143589675776
"JPA",56,"GOVG",0.15775512636064,0.154041439848143
"JPA",56,"VLNC",0.652762576545328,0.142387239361874
"JPA",56,"SCSP",-0.0965734559557636,0.223708907085521
"JPA",56,"SCHL",0.140645727419456,0.178390209877288
"JPA",57,"DNKA",0.228745763214831,0.148906856301402
"JPA",57,"ESXC",0.449311628621025,0.183188103296267
"JPA",57,"FDSC",0.713256930631072,0.139436013496303
"JPA",57,"GOVG",0.144685708282614,0.154440122422352
"JPA",57,"VLNC",0.665586749216257,0.142712350784119
"JPA",57,"SCSP",-0.0994495724193265,0.22336955044808
"JPA",57,"SCHL",0.132015446904218,0.179228160044366
"JPA",58,"DNKA",0.238526285644882,0.14877375945456
"JPA",58,"ESXC",0.476892843740144,0.182464892263976
"JPA",58,"FDSC",0.699516277660563,0.139017336528906
"JPA",58,"GOVG",0.137312481881125,0.154401602833894
"JPA",58,"VLNC",0.652533172260181,0.142453441996793
"JPA",58,"SCSP",-0.0807401038145191,0.223308926233862
"JPA",58,"SCHL",0.145613683835058,0.178737737368343
"JPA",59,"DNKA",0.244090656912618,0.148842219765972
"JPA",59,"ESXC",0.454668882476416,0.183238529613262
"JPA",59,"FDSC",0.713520612319005,0.13922608691125
"JPA",59,"GOVG",0.133542888943493,0.15438811820115
"JPA",59,"VLNC",0.654930341038958,0.14237792680038
"JPA",59,"SCSP",-0.110098230433691,0.223590177602122
"JPA",59,"SCHL",0.15331457639573,0.179376321403247
"JPA",60,"DNKA",0.236024554681653,0.149125536204448
"JPA",60,"ESXC",0.477326308463028,0.182861324436855
"JPA",60,"FDSC",0.714648521365983,0.139035550263039
"JPA",60,"GOVG",0.150670795329471,0.154254671833446
"JPA",60,"VLNC",0.657452681664036,0.142822049852176
"JPA",60,"SCSP",-0.0785896447193803,0.223426884046226
"JPA",60,"SCHL",0.161549881856839,0.178543692333156
"JPA",61,"DNKA",0.240933694216507,0.14907167760766
"JPA",61,"ESXC",0.455734892881844,0.182803935455685
"JPA",61,"FDSC",0.714924450133113,0.139127402927077
"JPA",61,"GOVG",0.141173508682312,0.154862277967262
"JPA",61,"VLNC",0.666485918543577,0.14310613868652
"JPA",61,"SCSP",-0.114107177500254,0.223159233548895
"JPA",61,"SCHL",0.156205869626214,0.178935797354683
"JPA",62,"DNKA",0.258432870096854,0.148995766321903
"JPA",62,"ESXC",0.468783442004372,0.182948080780947
"JPA",62,"FDSC",0.69767502339531,0.139205450022861
"JPA",62,"GOVG",0.154391634068831,0.154120535684722
"JPA",62,"VLNC",0.649589261197301,0.142618011964228
"JPA",62,"SCSP",-0.0889295513537144,0.223682738307839
"JPA",62,"SCHL",0.163386179553925,0.178946834264471
"JPA",63,"DNKA",0.249671254436102,0.149095281972533
"JPA",63,"ESXC",0.45654698980323,0.182566499976583
"JPA",63,"FDSC",0.709624951125605,0.139579843107372
"JPA",63,"GOVG",0.153310329070489,0.154152430217032
"JPA",63,"VLNC",0.650189185377938,0.142380730511187
"JPA",63,"SCSP",-0.100082553416239,0.223022901551541
"JPA",63,"SCHL",0.129137431622879,0.177954554009267
"JPA",64,"DNKA",0.248430208050498,0.148655151673644
"JPA",64,"ESXC",0.478079738681574,0.183009839312877
"JPA",64,"FDSC",0.720421526334866,0.139091410687451
"JPA",64,"GOVG",0.153269651651047,0.154085172697756
"JPA",64,"VLNC",0.662249469573327,0.142530853848936
"JPA",64,"SCSP",-0.0993206966515082,0.223753890076375
"JPA",64,"SCHL",0.134965584921595,0.178726729630572
"JPA",65,"DNKA",0.244535981453948,0.14881495991265
"JPA",65,"ESXC",0.4639313359152,0.182165056197529
"JPA",65,"FDSC",0.691421269452384,0.139201436995836
"JPA",65,"GOVG",0.150062189672016,0.154539172081479
"JPA",65,"VLNC",0.644529041627071,0.142204588066838
"JPA",65,"SCSP",-0.0947460609118949,0.22300438998025
"JPA",65,"SCHL",0.126629222722117,0.178187706436252
"JPA",66,"DNKA",0.241660379317071,0.149055634053615
"JPA",66,"ESXC",0.465449700863241,0.182739723256912
"JPA",66,"FDSC",0.697182065430118,0.139250243790986
"JPA",66,"GOVG",0.146543684937844,0.154313464361045
"JPA",66,"VLNC",0.641178762411191,0.142575414933765
"JPA",66,"SCSP",-0.0902546493513072,0.223335481587224
"JPA",66,"SCHL",0.113051822577031,0.179124098654337
"JPA",67,"DNKA",0.239881863327182,0.149148752187507
"JPA",67,"ESXC",0.473516941587063,0.183246144454301
"JPA",67,"FDSC",0.702524535501022,0.139127726462941
"JPA",67,"GOVG",0.134921775729744,0.154589562841772
"JPA",67,"VLNC",0.650765347832941,0.142665778767105
"JPA",67,"SCSP",-0.101824284833729,0.223651040435982
"JPA",67,"SCHL",0.155517211903186,0.178584763823089
"JPA",68,"DNKA",0.254850777846356,0.14887366801975
"JPA",68,"ESXC",0.464798594626369,0.182277373589289
"JPA",68,"FDSC",0.710874183330569,0.139021582074086
"JPA",68,"GOVG",0.148128617435582,0.153946038502013
"JPA",68,"VLNC",0.647770422504007,0.142319613060032
"JPA",68,"SCSP",-0.101678318088844,0.222640776620479
"JPA",68,"SCHL",0.128444093013985,0.177949902017681
"JPA",69,"DNKA",0.250496428820767,0.149077207545884
"JPA",69,"ESXC",0.468647069257203,0.182330185823828
"JPA",69,"FDSC",0.709278368696652,0.139096001301571
"JPA",69,"GOVG",0.160659017537027,0.154173280649779
"JPA",69,"VLNC",0.658403838241243,0.142544532301149
"JPA",69,"SCSP",-0.121021934993548,0.223080135116499
"JPA",69,"SCHL",0.13428599055587,0.178168098210891
"JPA",70,"DNKA",0.245164093922613,0.149020966285528
"JPA",70,"ESXC",0.476907364066029,0.182597233366855
"JPA",70,"FDSC",0.704069483170913,0.138940206060981
"JPA",70,"GOVG",0.145168474331363,0.154230680122103
"JPA",70,"VLNC",0.648320759819898,0.142327726810267
"JPA",70,"SCSP",-0.0875812225461992,0.22324462094003
"JPA",70,"SCHL",0.124258835719147,0.17845060266362
"JPA",71,"DNKA",0.247084326431299,0.148568664063804
"JPA",71,"ESXC",0.468915278856992,0.182351216149427
"JPA",71,"FDSC",0.716584737615824,0.139006790740595
"JPA",71,"GOVG",0.147416462462787,0.154214944240368
"JPA",71,"VLNC",0.666361707896243,0.142283978878256
"JPA",71,"SCSP",-0.11025400302516,0.223639027908036
"JPA",71,"SCHL",0.155549019962912,0.17877091032166
"JPA",72,"DNKA",0.245941217862106,0.149102491368766
"JPA",72,"ESXC",0.467239289797701,0.182950314521911
"JPA",72,"FDSC",0.693689218819226,0.139313612976619
"JPA",72,"GOVG",0.153637621948197,0.154590094056445
"JPA",72,"VLNC",0.651080243766118,0.142927718987414
"JPA",72,"SCSP",-0.0848482422684187,0.224539094156991
"JPA",72,"SCHL",0.136690390316011,0.17914956294056
"JPA",73,"DNKA",0.241842479306111,0.148791515942818
"JPA",73,"ESXC",0.455539694104023,0.182885573801704
"JPA",73,"FDSC",0.705778173637697,0.138954854032573
"JPA",73,"GOVG",0.134919878381759,0.154412229245438
"JPA",73,"VLNC",0.653007858536636,0.142231910013511
"JPA",73,"SCSP",-0.0911331691989179,0.223050899477143
"JPA",73,"SCHL",0.126778257686204,0.178591390295237
"JPA",74,"DNKA",0.226858153404589,0.149026519934338
"JPA",74,"ESXC",0.465900754270972,0.182751799729081
"JPA",74,"FDSC",0.712005853142321,0.139408668325145
"JPA",74,"GOVG",0.150352381495443,0.154513777151178
"JPA",74,"VLNC",0.661229513304621,0.142784981224063
"JPA",74,"SCSP",-0.103728866547511,0.222904415294018
"JPA",74,"SCHL",0.114588641661272,0.178296841219532
"JPA",75,"DNKA",0.252097856008869,0.148814846453333
"JPA",75,"ESXC",0.474978354265056,0.182626423282151
"JPA",75,"FDSC",0.705106660273315,0.139063325570371
"JPA",75,"GOVG",0.15389255018911,0.154598564018797
"JPA",75,"VLNC",0.65725729716058,0.142413487766592
"JPA",75,"SCSP",-0.0953623744185026,0.223406612308856
"JPA",75,"SCHL",0.132590151218343,0.178680960760126
"JPA",76,"DNKA",0.238793863589041,0.148921611755397
"JPA",76,"ESXC",0.483319133987968,0.183278087761365
"JPA",76,"FDSC",0.720289592389499,0.13923366111114
"JPA",76,"GOVG",0.148000993288053,0.154493493078686
"JPA",76,"VLNC",0.665578132945319,0.142780897229719
"JPA",76,"SCSP",-0.087019276737156,0.223625447153632
"JPA",76,"SCHL",0.147765302083289,0.178891690966657
"JPA",77,"DNKA",0.231696001188235,0.148878537879711
"JPA",77,"ESXC",0.466744319608492,0.182780050248884
"JPA",77,"FDSC",0.697411419268871,0.138913077067759
"JPA",77,"GOVG",0.145654359669875,0.154230888491277
"JPA",77,"VLNC",0.652537812172572,0.142250157318867
"JPA",77,"SCSP",-0.0952406620138506,0.223580649581553
"JPA",77,"SCHL",0.134613106531826,0.178422329930594
"JPA",78,"DNKA",0.261647332901612,0.14912247688756
"JPA",78,"ESXC",0.461569529588056,0.183109515419264
"JPA",78,"FDSC",0.700413008784704,0.139341488920163
"JPA",78,"GOVG",0.159306091500038,0.15399780967712
"JPA",78,"VLNC",0.664014346434337,0.142834098497644
"JPA",78,"SCSP",-0.090429492577035,0.22368661778387
"JPA",78,"SCHL",0.137778652865061,0.178332345323222
"JPA",79,"DNKA",0.256914371286844,0.148811051669577
"JPA",79,"ESXC",0.455659609153299,0.183094693943508
"JPA",79,"FDSC",0.703520881081259,0.139338412874121
"JPA",79,"GOVG",0.146075987054944,0.154214973009879
"JPA",79,"VLNC",0.655765797571148,0.142310999297243
"JPA",79,"SCSP",-0.0903824323121743,0.223707684602892
"JPA",79,"SCHL",0.125534624307834,0.178452666267407
"JPA",80,"DNKA",0.244526388798812,0.149169674323482
"JPA",80,"ESXC",0.476365242064867,0.183357302613392
"JPA",80,"FDSC",0.700963413131255,0.139641632276377
"JPA",80,"GOVG",0.145364817392996,0.154719210696206
"JPA",80,"VLNC",0.652754329779848,0.142799701173326
"JPA",80,"SCSP",-0.0872216048428615,0.223715657748787
"JPA",80,"SCHL",0.132893391772252,0.178479191410271
"JPA",81,"DNKA",0.263260055174468,0.149378467050203
"JPA",81,"ESXC",0.458855293451874,0.182839611539061
"JPA",81,"FDSC",0.711855191059966,0.13929297044904
"JPA",81,"GOVG",0.135229855554498,0.154575745774603
"JPA",81,"VLNC",0.666021290665167,0.142914625302667
"JPA",81,"SCSP",-0.107002250986327,0.224272405757394
"JPA",81,"SCHL",0.173493847766846,0.17928624640302
"JPA",82,"DNKA",0.246831501372986,0.149277517665537
"JPA",82,"ESXC",0.46593795551565,0.182429460821388
"JPA",82,"FDSC",0.699957322563046,0.139191360231027
"JPA",82,"GOVG",0.15046691340916,0.154468631835498
"JPA",82,"VLNC",0.652488671407345,0.142490193517681
"JPA",82,"SCSP",-0.11555272746873,0.223087340595378
"JPA",82,"SCHL",0.126703741058411,0.178732601930046
"JPA",83,"DNKA",0.24306677937602,0.149038289570856
"JPA",83,"ESXC",0.471189541914764,0.182297832735803
"JPA",83,"FDSC",0.711232197325154,0.139133560896019
"JPA",83,"GOVG",0.155114958250776,0.154371979929147
"JPA",83,"VLNC",0.651039246416327,0.14244368778623
"JPA",83,"SCSP",-0.0832108528140998,0.224078526536667
"JPA",83,"SCHL",0.148910345480593,0.178713248466131
"JPA",84,"DNKA",0.238735073251015,0.148870597614712
"JPA",84,"ESXC",0.464319116342279,0.182407361721225
"JPA",84,"FDSC",0.707805621076973,0.139042215578577
"JPA",84,"GOVG",0.151182220981826,0.154209356377649
"JPA",84,"VLNC",0.644025425462304,0.142622723297162
"JPA",84,"SCSP",-0.105985520233218,0.22308621221897
"JPA",84,"SCHL",0.137748085497572,0.178343359426108
"JPA",85,"DNKA",0.235436507206714,0.148845389677449
"JPA",85,"ESXC",0.475773494640513,0.182916399920779
"JPA",85,"FDSC",0.693628854300076,0.139308827458213
"JPA",85,"GOVG",0.146751277880883,0.154344711804372
"JPA",85,"VLNC",0.652237090097369,0.142653286498996
"JPA",85,"SCSP",-0.0926194689172092,0.222986988758985
"JPA",85,"SCHL",0.13956896928109,0.178607430865036
"JPA",86,"DNKA",0.244358896653671,0.149018705514437
"JPA",86,"ESXC",0.470437388580894,0.182338285422756
"JPA",86,"FDSC",0.693538130146697,0.139207175020443
"JPA",86,"GOVG",0.143975311166011,0.154503480417314
"JPA",86,"VLNC",0.651121271854588,0.142468000207482
"JPA",86,"SCSP",-0.0786632418892352,0.223479335218315
"JPA",86,"SCHL",0.141843549144516,0.178185794406628
"JPA",87,"DNKA",0.243119114073998,0.148954699218732
"JPA",87,"ESXC",0.463617732841557,0.182477738839316
"JPA",87,"FDSC",0.706847368088016,0.138891059650788
"JPA",87,"GOVG",0.146839810773725,0.154383079074919
"JPA",87,"VLNC",0.657960752916877,0.142571982813234
"JPA",87,"SCSP",-0.0945721356095008,0.223456767391663
"JPA",87,"SCHL",0.13500581452173,0.178598149566305
"JPA",88,"DNKA",0.255721851373316,0.14881979837368
"JPA",88,"ESXC",0.46774789874666,0.182629354110935
"JPA",88,"FDSC",0.704072080091838,0.139099083209529
"JPA",88,"GOVG",0.146076144243173,0.154458457825602
"JPA",88,"VLNC",0.660629991777059,0.142527928876211
"JPA",88,"SCSP",-0.0861561134934038,0.223847305707942
"JPA",88,"SCHL",0.133194850653111,0.17905656564597
"JPA",89,"DNKA",0.242315519184178,0.148879747159515
"JPA",89,"ESXC",0.474390952084277,0.182596256361078
"JPA",89,"FDSC",0.698713011334104,0.138746123913857
"JPA",89,"GOVG",0.150925522563654,0.154065520668822
"JPA",89,"VLNC",0.652121403071168,0.14243185133179
"JPA",89,"SCSP",-0.084840967877988,0.22344869343167
"JPA",89,"SCHL",0.139159363839576,0.178399259378116
"JPA",90,"DNKA",0.247596737588236,0.149232052453006
"JPA",90,"ESXC",0.465944444902819,0.182874176124178
"JPA",90,"FDSC",0.697626194444067,0.139075377444185
"JPA",90,"GOVG",0.137542492456334,0.154156889933579
"JPA",90,"VLNC",0.640728528622485,0.1426005726116
"JPA",90,"SCSP",-0.0915381221787384,0.223161992662291
"JPA",90,"SCHL",0.127184969594348,0.178547042404426
"JPA",91,"DNKA",0.238031234820833,0.148923562194743
"JPA",91,"ESXC",0.462314168713526,0.182482776298154
"JPA",91,"FDSC",0.706270804895754,0.139122268503833
"JPA",91,"GOVG",0.155363357683317,0.154260774067611
"JPA",91,"VLNC",0.654375238185374,0.142516346518444
"JPA",91,"SCSP",-0.0957354568870767,0.2236359056291
"JPA",91,"SCHL",0.125173394980183,0.178995500353679
"JPA",92,"DNKA",0.247487655094023,0.149346753806162
"JPA",92,"ESXC",0.484736621736702,0.182973670656567
"JPA",92,"FDSC",0.709503105790851,0.139272183393626
"JPA",92,"GOVG",0.143306478494297,0.154177154221199
"JPA",92,"VLNC",0.658926585082188,0.142917637377716
"JPA",92,"SCSP",-0.0879276338270336,0.223589065044809
"JPA",92,"SCHL",0.173586005798172,0.178883876552355
"JPA",93,"DNKA",0.2399481844741,0.148859046962332
"JPA",93,"ESXC",0.485191533337011,0.182726476258882
"JPA",93,"FDSC",0.715160620304509,0.139359143306945
"JPA",93,"GOVG",0.15014653025024,0.154358706499938
"JPA",93,"VLNC",0.666327790601513,0.142127927355322
"JPA",93,"SCSP",-0.0961882575879875,0.223690601030844
"JPA",93,"SCHL",0.138092139269383,0.178537384071606
"JPA",94,"DNKA",0.223997359738193,0.149056510461135
"JPA",94,"ESXC",0.477261587158641,0.182433331280641
"JPA",94,"FDSC",0.709664328879522,0.139283818386322
"JPA",94,"GOVG",0.136273717064448,0.15466094235436
"JPA",94,"VLNC",0.663182297098125,0.142443025750924
"JPA",94,"SCSP",-0.0838449485128876,0.223552236161068
"JPA",94,"SCHL",0.155420845679414,0.179182953591465
"JPA",95,"DNKA",0.238157204333456,0.148820320491253
"JPA",95,"ESXC",0.463633437032878,0.182652532560496
"JPA",95,"FDSC",0.713270692797946,0.13911411373473
"JPA",95,"GOVG",0.149688704004137,0.154271158718162
"JPA",95,"VLNC",0.667048788801551,0.142618474708011
"JPA",95,"SCSP",-0.0827299291687101,0.223378571292225
"JPA",95,"SCHL",0.143317096811031,0.178560169016295
"JPA",96,"DNKA",0.24684616033958,0.148905999506864
"JPA",96,"ESXC",0.461388924173654,0.18272064579788
"JPA",96,"FDSC",0.704667332257819,0.13901780382129
"JPA",96,"GOVG",0.151945737761055,0.154402742925604
"JPA",96,"VLNC",0.644827872265327,0.142366724422677
"JPA",96,"SCSP",-0.0949909235509955,0.223258041456613
"JPA",96,"SCHL",0.117224865533323,0.178743677433611
"JPA",97,"DNKA",0.252009841698042,0.148719307503383
"JPA",97,"ESXC",0.468838606280383,0.182891905595244
"JPA",97,"FDSC",0.701157741044997,0.13917734741427
"JPA",97,"GOVG",0.143510887109247,0.154106198980335
"JPA",97,"VLNC",0.647973430156656,0.142545919376476
"JPA",97,"SCSP",-0.0781546289652448,0.223541917455586
"JPA",97,"SCHL",0.142967893579802,0.179031195286195
"JPA",98,"DNKA",0.235092177056221,0.148977987878318
"JPA",98,"ESXC",0.48826218014787,0.18308619307705
"JPA",98,"FDSC",0.699991404654828,0.139466964433817
"JPA",98,"GOVG",0.130923925913056,0.154412625661569
"JPA",98,"VLNC",0.649960346711417,0.142527396104551
"JPA",98,"SCSP",-0.108421729557413,0.223694549909449
"JPA",98,"SCHL",0.128481672454976,0.17869333134663
"JPA",99,"DNKA",0.233538797774342,0.149214781170616
"JPA",99,"ESXC",0.456018440502254,0.183272359055476
"JPA",99,"FDSC",0.712796426517923,0.138968800316176
"JPA",99,"GOVG",0.159383181411087,0.154216561876601
"JPA",99,"VLNC",0.658029560821453,0.142383210512435
"JPA",99,"SCSP",-0.0975345286873553,0.22303374529756
"JPA",99,"SCHL",0.121035465149312,0.17831470977554
"JPA",100,"DNKA",0.25080482313936,0.148913286862209
"JPA",100,"ESXC",0.453271385284622,0.182530332150581
"JPA",100,"FDSC",0.711299310249374,0.139013221377068
"JPA",100,"GOVG",0.154203513254378,0.154175565884523
"JPA",100,"VLNC",0.650981776757176,0.142523580531008
"JPA",100,"SCSP",-0.0822507451297445,0.223906530768333
"JPA",100,"SCHL",0.136159655082148,0.178202531330123
"JPAES",1,"DNKA",0.236330224706107,0.148355298190509
"JPAES",1,"ESXC",0.47430346916032,0.180830161657389
"JPAES",1,"FDSC",0.72590299571113,0.138476561892503
"JPAES",1,"GOVG",0.166243766121461,0.153299370076359
"JPAES",1,"VLNC",0.634360936826376,0.141736600796656
"JPAES",1,"SCSP",-0.13421582114619,0.220037619431501
"JPAES",1,"SCHL",0.119549870250506,0.177121306909735
"JPAES",2,"DNKA",0.24535372802335,0.148098674016231
"JPAES",2,"ESXC",0.4659093345103,0.180798289964915
"JPAES",2,"FDSC",0.729555428720906,0.138444211824584
"JPAES",2,"GOVG",0.178131586044449,0.153242393652665
"JPAES",2,"VLNC",0.64083185595571,0.141813380426943
"JPAES",2,"SCSP",-0.136876441001506,0.220031355214336
"JPAES",2,"SCHL",0.120965007031108,0.176750364332964
"JPAES",3,"DNKA",0.240602460390546,0.148440830782669
"JPAES",3,"ESXC",0.46228954443437,0.180495935161768
"JPAES",3,"FDSC",0.713683504918979,0.138476504344106
"JPAES",3,"GOVG",0.169973391719848,0.153652104520437
"JPAES",3,"VLNC",0.633082069583264,0.14156543211974
"JPAES",3,"SCSP",-0.1204409869338,0.220182561149477
"JPAES",3,"SCHL",0.123707546094215,0.176878019284562
"JPAES",4,"DNKA",0.239216218580758,0.147926365129415
"JPAES",4,"ESXC",0.468696525979509,0.18077465487709
"JPAES",4,"FDSC",0.718113756869964,0.13840579517236
"JPAES",4,"GOVG",0.169533623338347,0.153250287319862
"JPAES",4,"VLNC",0.64152757416963,0.141688317078885
"JPAES",4,"SCSP",-0.117064123328192,0.21984036606844
"JPAES",4,"SCHL",0.123185765704601,0.176859113701055
"JPAES",5,"DNKA",0.24084038942168,0.148672810680772
"JPAES",5,"ESXC",0.46837421822903,0.181349090893789
"JPAES",5,"FDSC",0.714656571602432,0.138582298618623
"JPAES",5,"GOVG",0.188070763991714,0.153238600684885
"JPAES",5,"VLNC",0.64217757493287,0.142004771772769
"JPAES",5,"SCSP",-0.152276520039886,0.219979064529728
"JPAES",5,"SCHL",0.102299459633325,0.176941748899057
"JPAES",6,"DNKA",0.224232139772449,0.148136993552216
"JPAES",6,"ESXC",0.483896319551519,0.181057178150889
"JPAES",6,"FDSC",0.729763487437394,0.138306454843471
"JPAES",6,"GOVG",0.18228649567145,0.153242090860218
"JPAES",6,"VLNC",0.655830450148793,0.141636946747056
"JPAES",6,"SCSP",-0.138330661634472,0.219772119524769
"JPAES",6,"SCHL",0.118131523521749,0.176881935298563
"JPAES",7,"DNKA",0.237278869540817,0.148200416303785
"JPAES",7,"ESXC",0.470509316620424,0.180505083803418
"JPAES",7,"FDSC",0.726109662529207,0.138409235904409
"JPAES",7,"GOVG",0.172752169685405,0.153094633078544
"JPAES",7,"VLNC",0.639278463834014,0.14160186765053
"JPAES",7,"SCSP",-0.115465525753815,0.220211569604209
"JPAES",7,"SCHL",0.108163355110579,0.177203724850435
"JPAES",8,"DNKA",0.232116700662527,0.148264422248243
"JPAES",8,"ESXC",0.479842608245535,0.180509411784368
"JPAES",8,"FDSC",0.728926214768198,0.138686083364312
"JPAES",8,"GOVG",0.173370158732707,0.153230218096046
"JPAES",8,"VLNC",0.656034883179493,0.141717662625049
"JPAES",8,"SCSP",-0.128846698079171,0.219487422271173
"JPAES",8,"SCHL",0.113682939766408,0.176647692929837
"JPAES",9,"DNKA",0.227648026818168,0.148281206202592
"JPAES",9,"ESXC",0.475248731158508,0.181113551913402
"JPAES",9,"FDSC",0.726815937987846,0.138390884227137
"JPAES",9,"GOVG",0.169755888355574,0.153531498563523
"JPAES",9,"VLNC",0.638952689839617,0.141546696754941
"JPAES",9,"SCSP",-0.146769751999432,0.219796355628284
"JPAES",9,"SCHL",0.113220840476238,0.176751416845964
"JPAES",10,"DNKA",0.240357607186884,0.147847741561677
"JPAES",10,"ESXC",0.46501758625182,0.180738191459527
"JPAES",10,"FDSC",0.731127420024247,0.138479175247942
"JPAES",10,"GOVG",0.173952303609649,0.153277641978894
"JPAES",10,"VLNC",0.642308672684218,0.141590826167159
"JPAES",10,"SCSP",-0.129140545647617,0.220228112059755
"JPAES",10,"SCHL",0.116682073163078,0.176910518752691
"JPAES",11,"DNKA",0.233512841801799,0.148422843113805
"JPAES",11,"ESXC",0.488734842558324,0.181123972120832
"JPAES",11,"FDSC",0.72020433579146,0.138391827651186
"JPAES",11,"GOVG",0.182955259513927,0.153207651792286
"JPAES",11,"VLNC",0.641127737548762,0.141650301587761
"JPAES",11,"SCSP",-0.129099808809248,0.219799702496906
"JPAES",11,"SCHL",0.119311295978367,0.176402218200368
"JPAES",12,"DNKA",0.233575964118037,0.148249417527234
"JPAES",12,"ESXC",0.477840380795586,0.181335767918151
"JPAES",12,"FDSC",0.724044734786363,0.13853460907547
"JPAES",12,"GOVG",0.184289650367889,0.153192422986281
"JPAES",12,"VLNC",0.656268637016481,0.141817980755575
"JPAES",12,"SCSP",-0.157193615390575,0.219842091072418
"JPAES",12,"SCHL",0.114064012447348,0.176734074171287
"JPAES",13,"DNKA",0.239849665423898,0.147939166097247
"JPAES",13,"ESXC",0.476437458225858,0.180779634112355
"JPAES",13,"FDSC",0.723299016679886,0.138341196539096
"JPAES",13,"GOVG",0.184003473154284,0.153313484626693
"JPAES",13,"VLNC",0.65110980205709,0.141721423203245
"JPAES",13,"SCSP",-0.141524721021539,0.220184284303877
"JPAES",13,"SCHL",0.123280715500684,0.176858486056777
"JPAES",14,"DNKA",0.239357177949702,0.147851194111086
"JPAES",14,"ESXC",0.475306683240134,0.181149867961693
"JPAES",14,"FDSC",0.727810654633005,0.13869998389346
"JPAES",14,"GOVG",0.166525909592587,0.15316257702851
"JPAES",14,"VLNC",0.63377129106427,0.141647810741209
"JPAES",14,"SCSP",-0.129015204932723,0.219904394352108
"JPAES",14,"SCHL",0.120555535360128,0.176926662456497
"JPAES",15,"DNKA",0.240927258911567,0.148301668913516
"JPAES",15,"ESXC",0.471497984178192,0.180876608625595
"JPAES",15,"FDSC",0.729029332629051,0.138337455876978
"JPAES",15,"GOVG",0.18004803869644,0.153282915728445
"JPAES",15,"VLNC",0.663470917691302,0.141953118118234
"JPAES",15,"SCSP",-0.140139496104215,0.219612809224665
"JPAES",15,"SCHL",0.124975596123321,0.176534323326391
"JPAES",16,"DNKA",0.243788050532834,0.147919688918339
"JPAES",16,"ESXC",0.48671823031325,0.180933801865768
"JPAES",16,"FDSC",0.739689412068495,0.138596124428392
"JPAES",16,"GOVG",0.156587502226936,0.153596188019973
"JPAES",16,"VLNC",0.63874652017131,0.141620826769397
"JPAES",16,"SCSP",-0.12625788396117,0.220128314554211
"JPAES",16,"SCHL",0.117882495308455,0.176999203923272
"JPAES",17,"DNKA",0.241851512728273,0.14799218247586
"JPAES",17,"ESXC",0.464894547213438,0.180680609380096
"JPAES",17,"FDSC",0.711727492382058,0.138340404354159
"JPAES",17,"GOVG",0.177922629389634,0.153279867211437
"JPAES",17,"VLNC",0.653261499314499,0.141554077426855
"JPAES",17,"SCSP",-0.13656045418581,0.21961615294027
"JPAES",17,"SCHL",0.123940271785763,0.176490746978506
"JPAES",18,"DNKA",0.245328450081879,0.14767724404119
"JPAES",18,"ESXC",0.478758209122903,0.1808201892898
"JPAES",18,"FDSC",0.722356998426525,0.138359018354264
"JPAES",18,"GOVG",0.166638825729422,0.153290762260943
"JPAES",18,"VLNC",0.647225154575943,0.141602553101615
"JPAES",18,"SCSP",-0.113015537443242,0.219677465075612
"JPAES",18,"SCHL",0.118896143647108,0.176776381510411
"JPAES",19,"DNKA",0.237055106483792,0.148232024170469
"JPAES",19,"ESXC",0.475564377391414,0.180342600939178
"JPAES",19,"FDSC",0.705384023662512,0.138288298133003
"JPAES",19,"GOVG",0.176146721162607,0.153102170322733
"JPAES",19,"VLNC",0.647497469138645,0.141659561289432
"JPAES",19,"SCSP",-0.125387172895958,0.219485901906475
"JPAES",19,"SCHL",0.122157268264277,0.176712634382836
"JPAES",20,"DNKA",0.224271207401614,0.148282371919634
"JPAES",20,"ESXC",0.480197288124937,0.180796255155404
"JPAES",20,"FDSC",0.726551983313771,0.138369565392781
"JPAES",20,"GOVG",0.1908063920625,0.153105043429315
"JPAES",20,"VLNC",0.642592696094759,0.141858987055798
"JPAES",20,"SCSP",-0.143854728796034,0.219987948694956
"JPAES",20,"SCHL",0.128007104347791,0.177540139080673
"JPAES",21,"DNKA",0.232789814499848,0.148184337230003
"JPAES",21,"ESXC",0.486865883899206,0.181151792356086
"JPAES",21,"FDSC",0.732181532028199,0.138332057479398
"JPAES",21,"GOVG",0.17664767260387,0.153220469153818
"JPAES",21,"VLNC",0.657120217306316,0.141744818866664
"JPAES",21,"SCSP",-0.131511537620851,0.219741869645103
"JPAES",21,"SCHL",0.115525750809188,0.176734113018012
"JPAES",22,"DNKA",0.235047734009144,0.148055710547611
"JPAES",22,"ESXC",0.473703861939779,0.180291644359817
"JPAES",22,"FDSC",0.710875012346274,0.13821588574154
"JPAES",22,"GOVG",0.173993681102454,0.153230953576129
"JPAES",22,"VLNC",0.639686985763736,0.141400677010665
"JPAES",22,"SCSP",-0.112611654060236,0.220108374644999
"JPAES",22,"SCHL",0.119257881827465,0.176701382646698
"JPAES",23,"DNKA",0.238746727155008,0.148091559994744
"JPAES",23,"ESXC",0.477626443727631,0.181080101314647
"JPAES",23,"FDSC",0.749612191881184,0.138587366955986
"JPAES",23,"GOVG",0.1824854255943,0.153623142822735
"JPAES",23,"VLNC",0.650834890738794,0.141816866305465
"JPAES",23,"SCSP",-0.131861587488101,0.219921516266196
"JPAES",23,"SCHL",0.111665704928714,0.177206918247726
"JPAES",24,"DNKA",0.242171706764549,0.148365465767169
"JPAES",24,"ESXC",0.482048345374026,0.180771983086082
"JPAES",24,"FDSC",0.728205815910514,0.138681232202111
"JPAES",24,"GOVG",0.165414174703769,0.153126944952325
"JPAES",24,"VLNC",0.641073266378427,0.141655804832054
"JPAES",24,"SCSP",-0.131266702384784,0.219923725289262
"JPAES",24,"SCHL",0.118817597472396,0.177157965716076
"JPAES",25,"DNKA",0.23782727827616,0.14819814593238
"JPAES",25,"ESXC",0.483332012878297,0.180669396984111
"JPAES",25,"FDSC",0.725846112896221,0.138629842611357
"JPAES",25,"GOVG",0.168383523385619,0.153379806736203
"JPAES",25,"VLNC",0.637093531763299,0.14168243636158
"JPAES",25,"SCSP",-0.13229909500746,0.22006150085364
"JPAES",25,"SCHL",0.123921627184137,0.177110759549441
"JPAES",26,"DNKA",0.246021927779851,0.147954779976451
"JPAES",26,"ESXC",0.478363851481973,0.180626236369981
"JPAES",26,"FDSC",0.710271548508694,0.138300375717218
"JPAES",26,"GOVG",0.180908810235253,0.153002328091531
"JPAES",26,"VLNC",0.650136884852695,0.141428518534101
"JPAES",26,"SCSP",-0.116424120938067,0.220074809595726
"JPAES",26,"SCHL",0.120649910552007,0.176514658242323
"JPAES",27,"DNKA",0.239698450674124,0.147789269467187
"JPAES",27,"ESXC",0.479256657338955,0.180543601438247
"JPAES",27,"FDSC",0.727374359908089,0.138406902259796
"JPAES",27,"GOVG",0.185290115481245,0.153340778800208
"JPAES",27,"VLNC",0.640226767894295,0.141401247973699
"JPAES",27,"SCSP",-0.125514936879688,0.220034540640474
"JPAES",27,"SCHL",0.134619045887402,0.176684945202694
"JPAES",28,"DNKA",0.227661419780627,0.148456022578227
"JPAES",28,"ESXC",0.465989313900635,0.180917157686354
"JPAES",28,"FDSC",0.736681226291989,0.138593610012632
"JPAES",28,"GOVG",0.196680878567246,0.153473001315113
"JPAES",28,"VLNC",0.659426540247729,0.141886198926743
"JPAES",28,"SCSP",-0.145366528918096,0.219595405761309
"JPAES",28,"SCHL",0.127535547071515,0.176829564234193
"JPAES",29,"DNKA",0.240833492154815,0.148081474795804
"JPAES",29,"ESXC",0.462894432821157,0.181144262873127
"JPAES",29,"FDSC",0.732056982276696,0.138717953931201
"JPAES",29,"GOVG",0.175083648817186,0.153328359085057
"JPAES",29,"VLNC",0.651881697078982,0.141887489461076
"JPAES",29,"SCSP",-0.12291228029775,0.219895013770698
"JPAES",29,"SCHL",0.125883859234996,0.177148754890509
"JPAES",30,"DNKA",0.226443567103092,0.148304744242081
"JPAES",30,"ESXC",0.467323647799061,0.180706016552294
"JPAES",30,"FDSC",0.72316077360975,0.138675092151854
"JPAES",30,"GOVG",0.190243068141381,0.153403413038752
"JPAES",30,"VLNC",0.653145702549707,0.141804160196353
"JPAES",30,"SCSP",-0.135645887807231,0.219753038800384
"JPAES",30,"SCHL",0.133020457431557,0.17734149443527
"JPAES",31,"DNKA",0.247694378511411,0.147946829660456
"JPAES",31,"ESXC",0.472763199712374,0.180555987820026
"JPAES",31,"FDSC",0.711793639989557,0.138043268438782
"JPAES",31,"GOVG",0.168112703107333,0.153210042138304
"JPAES",31,"VLNC",0.639695833837243,0.141242367532816
"JPAES",31,"SCSP",-0.112428572778041,0.219497269386868
"JPAES",31,"SCHL",0.121952467488562,0.176845769487163
"JPAES",32,"DNKA",0.233241139164166,0.147906865360645
"JPAES",32,"ESXC",0.458658738136589,0.181485601410611
"JPAES",32,"FDSC",0.727006284848484,0.138714350156621
"JPAES",32,"GOVG",0.192140763925424,0.153399481968345
"JPAES",32,"VLNC",0.644144629928129,0.141616955337081
"JPAES",32,"SCSP",-0.14607772320687,0.219851752888451
"JPAES",32,"SCHL",0.129234577770207,0.177045015632402
"JPAES",33,"DNKA",0.24378402023225,0.147718123651476
"JPAES",33,"ESXC",0.459697680026071,0.181087336309557
"JPAES",33,"FDSC",0.71775408121674,0.138520461185699
"JPAES",33,"GOVG",0.167880722138763,0.153237243948154
"JPAES",33,"VLNC",0.632655513082427,0.141682356984223
"JPAES",33,"SCSP",-0.106897734889399,0.219705757038228
"JPAES",33,"SCHL",0.125349722112518,0.177116659113208
"JPAES",34,"DNKA",0.244985914543051,0.147969707066415
"JPAES",34,"ESXC",0.481578122463007,0.180486420200401
"JPAES",34,"FDSC",0.71594532573243,0.138329896161998
"JPAES",34,"GOVG",0.181397312828508,0.153046531518574
"JPAES",34,"VLNC",0.642078530187303,0.14145241383718
"JPAES",34,"SCSP",-0.11302139370886,0.219544799779351
"JPAES",34,"SCHL",0.117322461332522,0.176647696091244
"JPAES",35,"DNKA",0.235992073343071,0.148295235527428
"JPAES",35,"ESXC",0.462286644448419,0.180968909563013
"JPAES",35,"FDSC",0.720264500493605,0.138245192452393
"JPAES",35,"GOVG",0.179626850168307,0.153062645517418
"JPAES",35,"VLNC",0.639643058618706,0.141542456045723
"JPAES",35,"SCSP",-0.131761573142453,0.21996754608338
"JPAES",35,"SCHL",0.114342935279897,0.176966325278663
"JPAES",36,"DNKA",0.243916629524247,0.147890296223668
"JPAES",36,"ESXC",0.468451484779724,0.180906579962304
"JPAES",36,"FDSC",0.713197857369234,0.138297482828887
"JPAES",36,"GOVG",0.168130393644871,0.153110087831225
"JPAES",36,"VLNC",0.637849188034923,0.141615733274139
"JPAES",36,"SCSP",-0.114215666274521,0.219667880792476
"JPAES",36,"SCHL",0.102002750290311,0.17716155877373
"JPAES",37,"DNKA",0.247832471350989,0.148205210438618
"JPAES",37,"ESXC",0.46009264277633,0.180932329628313
"JPAES",37,"FDSC",0.710681199023964,0.138294821860523
"JPAES",37,"GOVG",0.199366405700162,0.153600166707153
"JPAES",37,"VLNC",0.645147442661961,0.141735185769179
"JPAES",37,"SCSP",-0.139721326040369,0.219897610542636
"JPAES",37,"SCHL",0.0994475104544558,0.176528200890866
"JPAES",38,"DNKA",0.240039795121347,0.14829658660699
"JPAES",38,"ESXC",0.46849983452829,0.180840915586895
"JPAES",38,"FDSC",0.723342510460605,0.138655630454661
"JPAES",38,"GOVG",0.186417752547025,0.15325574915477
"JPAES",38,"VLNC",0.647914030810264,0.141510829475815
"JPAES",38,"SCSP",-0.132167595242947,0.22044950708186
"JPAES",38,"SCHL",0.12503473771871,0.176833190537683
"JPAES",39,"DNKA",0.233364039712936,0.148330587682236
"JPAES",39,"ESXC",0.466192896636406,0.181053355916199
"JPAES",39,"FDSC",0.731962774139584,0.138566195505089
"JPAES",39,"GOVG",0.185864159701322,0.153152667372563
"JPAES",39,"VLNC",0.654048266680627,0.141654051216673
"JPAES",39,"SCSP",-0.144458566313697,0.22000366053755
"JPAES",39,"SCHL",0.128229024202642,0.176859944874215
"JPAES",40,"DNKA",0.2303457580221,0.148290143529885
"JPAES",40,"ESXC",0.470815758176777,0.180979976941746
"JPAES",40,"FDSC",0.713629354992875,0.138228835305271
"JPAES",40,"GOVG",0.177647605613624,0.153104287800734
"JPAES",40,"VLNC",0.648938720094111,0.141557272849181
"JPAES",40,"SCSP",-0.139681890124985,0.219667537735648
"JPAES",40,"SCHL",0.120586038718074,0.176593878650847
"JPAES",41,"DNKA",0.236979017688187,0.148442216571202
"JPAES",41,"ESXC",0.474658163915176,0.181155182714331
"JPAES",41,"FDSC",0.718893176676737,0.13873918614679
"JPAES",41,"GOVG",0.174531573559061,0.153329723860183
"JPAES",41,"VLNC",0.643765178884892,0.141799916558459
"JPAES",41,"SCSP",-0.128984820773354,0.220257459305928
"JPAES",41,"SCHL",0.105882098241278,0.177037862710613
"JPAES",42,"DNKA",0.238278886160865,0.14808505296841
"JPAES",42,"ESXC",0.466885370566805,0.180970328405125
"JPAES",42,"FDSC",0.722327044302971,0.138206537245199
"JPAES",42,"GOVG",0.174152479164848,0.153423664498154
"JPAES",42,"VLNC",0.632771843317644,0.141600943907058
"JPAES",42,"SCSP",-0.144244547932582,0.219833724914048
"JPAES",42,"SCHL",0.119402559384907,0.176974139342802
"JPAES",43,"DNKA",0.240747094590839,0.148201200212834
"JPAES",43,"ESXC",0.476149811177859,0.180761700685572
"JPAES",43,"FDSC",0.713327757618464,0.138311576375837
"JPAES",43,"GOVG",0.165821185304374,0.153432038940294
"JPAES",43,"VLNC",0.637198686155983,0.141759205829004
"JPAES",43,"SCSP",-0.128776183904622,0.219763130614154
"JPAES",43,"SCHL",0.113362990544343,0.176781076851075
"JPAES",44,"DNKA",0.250921209326538,0.148272547170024
"JPAES",44,"ESXC",0.481999082671161,0.180726732384104
"JPAES",44,"FDSC",0.706966362461593,0.137952217870789
"JPAES",44,"GOVG",0.169213848915719,0.153507734912373
"JPAES",44,"VLNC",0.644319802673521,0.141425075221999
"JPAES",44,"SCSP",-0.116037145589555,0.219386808515223
"JPAES",44,"SCHL",0.107850028639754,0.176695018482164
"JPAES",45,"DNKA",0.232366856187588,0.148104763538448
"JPAES",45,"ESXC",0.476321983746253,0.180693963463943
"JPAES",45,"FDSC",0.7236617052254,0.138277551326341
"JPAES",45,"GOVG",0.184581392967854,0.153293396334258
"JPAES",45,"VLNC",0.661358229744031,0.141698847206533
"JPAES",45,"SCSP",-0.118774654431064,0.219342765343294
"JPAES",45,"SCHL",0.116362100717009,0.176836361856483
"JPAES",46,"DNKA",0.232909294570627,0.148201708202241
"JPAES",46,"ESXC",0.483772927897668,0.180601624638332
"JPAES",46,"FDSC",0.736292400290503,0.138724794425297
"JPAES",46,"GOVG",0.164877836098374,0.153333577794936
"JPAES",46,"VLNC",0.650781328718123,0.141744832565194
"JPAES",46,"SCSP",-0.125244613361091,0.219877703419696
"JPAES",46,"SCHL",0.13003881953234,0.177321558234477
"JPAES",47,"DNKA",0.233214509420859,0.148093431644577
"JPAES",47,"ESXC",0.472730649860912,0.180719756160944
"JPAES",47,"FDSC",0.72766656003928,0.138634476172893
"JPAES",47,"GOVG",0.173582319423494,0.153258080754496
"JPAES",47,"VLNC",0.651668573818221,0.141605271690187
"JPAES",47,"SCSP",-0.129948387121102,0.219532123173133
"JPAES",47,"SCHL",0.119611459650986,0.177026249793655
"JPAES",48,"DNKA",0.226754046038335,0.147964384396223
"JPAES",48,"ESXC",0.471004928886941,0.180881743082892
"JPAES",48,"FDSC",0.725425606390896,0.138476125576885
"JPAES",48,"GOVG",0.17773699501553,0.153130714997484
"JPAES",48,"VLNC",0.62771744761558,0.141522053253516
"JPAES",48,"SCSP",-0.129786121348842,0.220174746482511
"JPAES",48,"SCHL",0.118479893878676,0.176981721752301
"JPAES",49,"DNKA",0.23752762365921,0.148178713535155
"JPAES",49,"ESXC",0.484371149749894,0.181247553277335
"JPAES",49,"FDSC",0.736847525903873,0.138848582543369
"JPAES",49,"GOVG",0.165980394830547,0.153620416088266
"JPAES",49,"VLNC",0.650458721102766,0.141560571334001
"JPAES",49,"SCSP",-0.129560485706414,0.220098077985809
"JPAES",49,"SCHL",0.124787647191248,0.177148441296301
"JPAES",50,"DNKA",0.227260046254587,0.148421541388416
"JPAES",50,"ESXC",0.475851386833575,0.180855293941831
"JPAES",50,"FDSC",0.722304378695012,0.138565437246946
"JPAES",50,"GOVG",0.177487041243046,0.15344273535509
"JPAES",50,"VLNC",0.630535434414542,0.141452780345551
"JPAES",50,"SCSP",-0.155442871763534,0.2199230032005
"JPAES",50,"SCHL",0.124315426179683,0.176761650998726
"JPAES",51,"DNKA",0.230717718650013,0.148238077209718
"JPAES",51,"ESXC",0.484585129270558,0.180871059823455
"JPAES",51,"FDSC",0.72920219934281,0.138420761822857
"JPAES",51,"GOVG",0.18107841144279,0.153124187384438
"JPAES",51,"VLNC",0.649209251855566,0.141659003044246
"JPAES",51,"SCSP",-0.146708810551176,0.219876146523374
"JPAES",51,"SCHL",0.102427235235013,0.177127179221826
"JPAES",52,"DNKA",0.234137047922654,0.148181597989101
"JPAES",52,"ESXC",0.456901158549975,0.181170162353121
"JPAES",52,"FDSC",0.749856615593099,0.138872833011287
"JPAES",52,"GOVG",0.188825437964694,0.153190149603856
"JPAES",52,"VLNC",0.657344715946118,0.141818295115401
"JPAES",52,"SCSP",-0.124224447077842,0.2203642774465
"JPAES",52,"SCHL",0.107192780416131,0.177629176851954
"JPAES",53,"DNKA",0.23965244137818,0.148266877874019
"JPAES",53,"ESXC",0.474463489220777,0.180782484753186
"JPAES",53,"FDSC",0.723839609542411,0.138465437806392
"JPAES",53,"GOVG",0.166868065901269,0.153100033251143
"JPAES",53,"VLNC",0.632936426926913,0.14145862206897
"JPAES",53,"SCSP",-0.138712177329938,0.220232955552829
"JPAES",53,"SCHL",0.122481916778711,0.177030358523452
"JPAES",54,"DNKA",0.248199722016141,0.147979276733136
"JPAES",54,"ESXC",0.443156808078888,0.18103741635446
"JPAES",54,"FDSC",0.722520555178896,0.138186088074522
"JPAES",54,"GOVG",0.195641882211801,0.153247582468999
"JPAES",54,"VLNC",0.650684118374951,0.141778873357218
"JPAES",54,"SCSP",-0.125870504627302,0.219714203297689
"JPAES",54,"SCHL",0.119647084407095,0.176795187012249
"JPAES",55,"DNKA",0.235848558522398,0.148105059167987
"JPAES",55,"ESXC",0.483566794224086,0.180994976329362
"JPAES",55,"FDSC",0.725120799005454,0.138771220751748
"JPAES",55,"GOVG",0.188466057722332,0.153032508558621
"JPAES",55,"VLNC",0.65080741379769,0.141501692405409
"JPAES",55,"SCSP",-0.129094191041293,0.219583887819211
"JPAES",55,"SCHL",0.117258588353477,0.176410118004913
"JPAES",56,"DNKA",0.231037937550176,0.14823783027727
"JPAES",56,"ESXC",0.468961342394082,0.181571901753986
"JPAES",56,"FDSC",0.739570417649073,0.138922963042389
"JPAES",56,"GOVG",0.179531128023861,0.153154193571209
"JPAES",56,"VLNC",0.649374041011015,0.141779398897635
"JPAES",56,"SCSP",-0.134234749763438,0.219580685795808
"JPAES",56,"SCHL",0.114097921566667,0.176901733817727
"JPAES",57,"DNKA",0.227459438615997,0.148374576472976
"JPAES",57,"ESXC",0.473804119588805,0.181179989110402
"JPAES",57,"FDSC",0.746210467714451,0.138592328814104
"JPAES",57,"GOVG",0.175981796627542,0.15335847425241
"JPAES",57,"VLNC",0.652034590023927,0.141691748241266
"JPAES",57,"SCSP",-0.154523560920753,0.219895386597755
"JPAES",57,"SCHL",0.119245288252731,0.17696766031669
"JPAES",58,"DNKA",0.23595834049275,0.147841488887956
"JPAES",58,"ESXC",0.470695450530277,0.180607770287626
"JPAES",58,"FDSC",0.731358777698753,0.138561646131596
"JPAES",58,"GOVG",0.188224652072038,0.153057514816142
"JPAES",58,"VLNC",0.648509056426355,0.141714584889461
"JPAES",58,"SCSP",-0.12173450127109,0.220052229560592
"JPAES",58,"SCHL",0.119511165709776,0.176625068995055
"JPAES",59,"DNKA",0.24230231519912,0.147905500218274
"JPAES",59,"ESXC",0.467459922229946,0.180603055359011
"JPAES",59,"FDSC",0.725970606626484,0.13871501837292
"JPAES",59,"GOVG",0.193906481676218,0.153202961839429
"JPAES",59,"VLNC",0.641466021795328,0.141644461415158
"JPAES",59,"SCSP",-0.123871370357992,0.219703069848203
"JPAES",59,"SCHL",0.11696521145111,0.176743881135423
"JPAES",60,"DNKA",0.241785786007343,0.148049215395197
"JPAES",60,"ESXC",0.468967317572034,0.180710436524238
"JPAES",60,"FDSC",0.726434898761008,0.138469248642588
"JPAES",60,"GOVG",0.183834090355322,0.153293918474491
"JPAES",60,"VLNC",0.651987454361189,0.14166072803222
"JPAES",60,"SCSP",-0.12380300495467,0.21957866212719
"JPAES",60,"SCHL",0.124579451569321,0.176515879873887
"JPAES",61,"DNKA",0.239456790321138,0.148201579339543
"JPAES",61,"ESXC",0.471707473344472,0.181017982321028
"JPAES",61,"FDSC",0.727815469587797,0.138431703715008
"JPAES",61,"GOVG",0.165209307281072,0.153341832344006
"JPAES",61,"VLNC",0.639810087776088,0.141430928288603
"JPAES",61,"SCSP",-0.134570176124293,0.219621929037936
"JPAES",61,"SCHL",0.120657175931792,0.176811616744661
"JPAES",62,"DNKA",0.22945564282983,0.148396141311157
"JPAES",62,"ESXC",0.482202734815058,0.181033425931212
"JPAES",62,"FDSC",0.731914104982708,0.138387341404718
"JPAES",62,"GOVG",0.172688322476192,0.153383224035074
"JPAES",62,"VLNC",0.634335904452004,0.141922231475299
"JPAES",62,"SCSP",-0.125464791507534,0.220515556046654
"JPAES",62,"SCHL",0.12009588856439,0.177011730660869
"JPAES",63,"DNKA",0.239756213292413,0.147912668311325
"JPAES",63,"ESXC",0.475251836594832,0.180781037265337
"JPAES",63,"FDSC",0.711954032677035,0.138229972989691
"JPAES",63,"GOVG",0.17363847193925,0.152905523077675
"JPAES",63,"VLNC",0.638334096659887,0.141538557778052
"JPAES",63,"SCSP",-0.116006983831671,0.219797238130652
"JPAES",63,"SCHL",0.116354533275533,0.176901554965235
"JPAES",64,"DNKA",0.24208295462351,0.148126058081853
"JPAES",64,"ESXC",0.478188757272751,0.180577220546797
"JPAES",64,"FDSC",0.714611468473746,0.138417362077827
"JPAES",64,"GOVG",0.169762414804353,0.153304097716384
"JPAES",64,"VLNC",0.638997020587353,0.141628370138853
"JPAES",64,"SCSP",-0.117783879038499,0.219370106722325
"JPAES",64,"SCHL",0.12057462510252,0.176576303347399
"JPAES",65,"DNKA",0.239049240699349,0.147860589822233
"JPAES",65,"ESXC",0.467876362414209,0.180844536157364
"JPAES",65,"FDSC",0.719361791739784,0.138339475412853
"JPAES",65,"GOVG",0.175252969084591,0.153335686720251
"JPAES",65,"VLNC",0.644807648155297,0.141611638596118
"JPAES",65,"SCSP",-0.128491084127527,0.219595104483596
"JPAES",65,"SCHL",0.126901665409207,0.177358134570467
"JPAES",66,"DNKA",0.233217434743943,0.148310834509978
"JPAES",66,"ESXC",0.46378192624254,0.180700875867042
"JPAES",66,"FDSC",0.736415751651945,0.138656283107781
"JPAES",66,"GOVG",0.186440439293822,0.153560530746959
"JPAES",66,"VLNC",0.65691913404363,0.141819389891008
"JPAES",66,"SCSP",-0.128365550490083,0.220349981428407
"JPAES",66,"SCHL",0.118632146736844,0.176748893232801
"JPAES",67,"DNKA",0.231452756996161,0.148192028747349
"JPAES",67,"ESXC",0.47715799455253,0.180511464491072
"JPAES",67,"FDSC",0.73153985861936,0.138609879731916
"JPAES",67,"GOVG",0.175549887207602,0.153277621684213
"JPAES",67,"VLNC",0.647341671656485,0.141791581552183
"JPAES",67,"SCSP",-0.133060542795131,0.219676225993351
"JPAES",67,"SCHL",0.114168962550083,0.176951038451408
"JPAES",68,"DNKA",0.236156300053389,0.14806186846272
"JPAES",68,"ESXC",0.473274648538617,0.181018156286101
"JPAES",68,"FDSC",0.73689396269066,0.138896320116781
"JPAES",68,"GOVG",0.187884488231306,0.153352724957325
"JPAES",68,"VLNC",0.644837186949102,0.141706398097932
"JPAES",68,"SCSP",-0.149363307427506,0.219880141563894
"JPAES",68,"SCHL",0.121018915710502,0.176603490478468
"JPAES",69,"DNKA",0.237007746912893,0.148067944853536
"JPAES",69,"ESXC",0.478544551882967,0.180441377754191
"JPAES",69,"FDSC",0.720833757240925,0.138324853232083
"JPAES",69,"GOVG",0.174053032887179,0.1532629260531
"JPAES",69,"VLNC",0.645766184549935,0.141506287863873
"JPAES",69,"SCSP",-0.113614512215592,0.219893035120211
"JPAES",69,"SCHL",0.115674070830408,0.176917199836207
"JPAES",70,"DNKA",0.233010599019045,0.148058433172865
"JPAES",70,"ESXC",0.486847486505263,0.18136599687397
"JPAES",70,"FDSC",0.728851332025913,0.138591565741485
"JPAES",70,"GOVG",0.190231867456968,0.153296859720461
"JPAES",70,"VLNC",0.637964563401845,0.14202007106214
"JPAES",70,"SCSP",-0.13456879667163,0.219921027250464
"JPAES",70,"SCHL",0.116881329740174,0.176748700872934
"JPAES",71,"DNKA",0.244131922806909,0.148043761460521
"JPAES",71,"ESXC",0.463801142063855,0.181035860299738
"JPAES",71,"FDSC",0.712934520238447,0.138380252986331
"JPAES",71,"GOVG",0.186763310730588,0.153277034986781
"JPAES",71,"VLNC",0.643776460393485,0.141706631576044
"JPAES",71,"SCSP",-0.135191093330903,0.2196087248878
"JPAES",71,"SCHL",0.126337174413475,0.176674463752024
"JPAES",72,"DNKA",0.240447583391878,0.147977174878035
"JPAES",72,"ESXC",0.480498497016659,0.18082169791121
"JPAES",72,"FDSC",0.721004832242537,0.13806707090881
"JPAES",72,"GOVG",0.176107946240067,0.153052611145122
"JPAES",72,"VLNC",0.647808108371777,0.141820760479838
"JPAES",72,"SCSP",-0.140331822374992,0.219498367048529
"JPAES",72,"SCHL",0.115443864160615,0.176746933708981
"JPAES",73,"DNKA",0.241317319471806,0.148369532648603
"JPAES",73,"ESXC",0.462577235692986,0.180708001868764
"JPAES",73,"FDSC",0.719266131299521,0.138223817981543
"JPAES",73,"GOVG",0.172015221624728,0.153340331015956
"JPAES",73,"VLNC",0.643714680145597,0.141537870720506
"JPAES",73,"SCSP",-0.140475933313606,0.220081362888216
"JPAES",73,"SCHL",0.118774296442731,0.177105354806614
"JPAES",74,"DNKA",0.249790819612995,0.148137013720144
"JPAES",74,"ESXC",0.46272389874711,0.181081639435211
"JPAES",74,"FDSC",0.728255445646812,0.138349580289767
"JPAES",74,"GOVG",0.166933983332704,0.153381985343119
"JPAES",74,"VLNC",0.642897029723255,0.141629059158941
"JPAES",74,"SCSP",-0.131110157452644,0.219752012881775
"JPAES",74,"SCHL",0.11980665158552,0.176881185797096
"JPAES",75,"DNKA",0.227976295596068,0.148283908716635
"JPAES",75,"ESXC",0.469819457650159,0.181147127033995
"JPAES",75,"FDSC",0.72963983518246,0.138430979801909
"JPAES",75,"GOVG",0.168130481577552,0.153549618028886
"JPAES",75,"VLNC",0.6315817401054,0.141445001170372
"JPAES",75,"SCSP",-0.129137121135809,0.219912075080777
"JPAES",75,"SCHL",0.126049598005869,0.177177559611306
"JPAES",76,"DNKA",0.24659161495261,0.14793383473894
"JPAES",76,"ESXC",0.46676226298692,0.181015280232435
"JPAES",76,"FDSC",0.727398833850124,0.138654316441617
"JPAES",76,"GOVG",0.173933829092055,0.153508975371773
"JPAES",76,"VLNC",0.640389434882171,0.14154683416959
"JPAES",76,"SCSP",-0.131385326059388,0.219649916625714
"JPAES",76,"SCHL",0.100881319383488,0.177147692239023
"JPAES",77,"DNKA",0.240247806288641,0.147816749195167
"JPAES",77,"ESXC",0.473796918258813,0.18073252596245
"JPAES",77,"FDSC",0.741966149459452,0.138898660141003
"JPAES",77,"GOVG",0.180449212045741,0.153266877129608
"JPAES",77,"VLNC",0.65505003457293,0.141671148894178
"JPAES",77,"SCSP",-0.125169097659163,0.219794761395688
"JPAES",77,"SCHL",0.114500150849307,0.176966767667153
"JPAES",78,"DNKA",0.224505075328325,0.148236400498853
"JPAES",78,"ESXC",0.478591986150734,0.180940078822613
"JPAES",78,"FDSC",0.724313691361054,0.138255905155517
"JPAES",78,"GOVG",0.166430270406246,0.153152663523946
"JPAES",78,"VLNC",0.640096546468705,0.14163240583864
"JPAES",78,"SCSP",-0.122587833732857,0.219821696663145
"JPAES",78,"SCHL",0.109438548496439,0.177000040131425
"JPAES",79,"DNKA",0.241060623909355,0.148096465213316
"JPAES",79,"ESXC",0.478357258130717,0.18110131279933
"JPAES",79,"FDSC",0.731540219600504,0.138534633571452
"JPAES",79,"GOVG",0.1804955168121,0.153086184717914
"JPAES",79,"VLNC",0.63985762002954,0.141545845175943
"JPAES",79,"SCSP",-0.136658654764099,0.219429249376225
"JPAES",79,"SCHL",0.120403500979636,0.176669454074211
"JPAES",80,"DNKA",0.24612347388974,0.1481637397209
"JPAES",80,"ESXC",0.466932013023833,0.181149594388884
"JPAES",80,"FDSC",0.730932181653489,0.138664055000348
"JPAES",80,"GOVG",0.185392624592046,0.153130786624694
"JPAES",80,"VLNC",0.652996280580152,0.141768097134751
"JPAES",80,"SCSP",-0.128176308119002,0.22008962926829
"JPAES",80,"SCHL",0.120326549452778,0.176788813328165
"JPAES",81,"DNKA",0.223489816280848,0.148209753695037
"JPAES",81,"ESXC",0.477025337429117,0.180928628262273
"JPAES",81,"FDSC",0.728991148587659,0.13862398820653
"JPAES",81,"GOVG",0.194749568058878,0.153379286696205
"JPAES",81,"VLNC",0.658172759750087,0.141604715124892
"JPAES",81,"SCSP",-0.138848687718054,0.220381867511439
"JPAES",81,"SCHL",0.117924884584979,0.177021385132729
"JPAES",82,"DNKA",0.237885128738779,0.147985185330353
"JPAES",82,"ESXC",0.470854172250578,0.180996328048303
"JPAES",82,"FDSC",0.727536067411581,0.138297077806831
"JPAES",82,"GOVG",0.177886406935415,0.153249837033792
"JPAES",82,"VLNC",0.647242969251912,0.14163761984104
"JPAES",82,"SCSP",-0.127221492434398,0.219869045665153
"JPAES",82,"SCHL",0.118181045248715,0.177017576841814
"JPAES",83,"DNKA",0.240908004600851,0.148056303040791
"JPAES",83,"ESXC",0.473504405872701,0.180656507387328
"JPAES",83,"FDSC",0.738583038416749,0.138599772645975
"JPAES",83,"GOVG",0.189313914570092,0.153265622180376
"JPAES",83,"VLNC",0.643147281448956,0.141409898253963
"JPAES",83,"SCSP",-0.126533301171268,0.219904396075285
"JPAES",83,"SCHL",0.111635626310339,0.176921810099683
"JPAES",84,"DNKA",0.232029983793338,0.148353846713796
"JPAES",84,"ESXC",0.479503286271222,0.180708165984704
"JPAES",84,"FDSC",0.713998110822948,0.138534152251792
"JPAES",84,"GOVG",0.18041792879352,0.153475080419353
"JPAES",84,"VLNC",0.641113349142595,0.141774238789563
"JPAES",84,"SCSP",-0.132840090485404,0.219571215151392
"JPAES",84,"SCHL",0.124078883583583,0.176745413443849
"JPAES",85,"DNKA",0.229275621372424,0.148216302404674
"JPAES",85,"ESXC",0.468421910169163,0.180750019454266
"JPAES",85,"FDSC",0.732549115811971,0.138811380105418
"JPAES",85,"GOVG",0.178080054451514,0.153240007010336
"JPAES",85,"VLNC",0.65296817444397,0.141684205231547
"JPAES",85,"SCSP",-0.124727559541964,0.219941136507425
"JPAES",85,"SCHL",0.127335056728174,0.177514344327362
"JPAES",86,"DNKA",0.241553684938859,0.148030328565006
"JPAES",86,"ESXC",0.46338340623639,0.180910134271023
"JPAES",86,"FDSC",0.720617241995638,0.13845492621586
"JPAES",86,"GOVG",0.175716410558885,0.153179432269667
"JPAES",86,"VLNC",0.647555445525204,0.141623335849422
"JPAES",86,"SCSP",-0.133109532822115,0.219786360462531
"JPAES",86,"SCHL",0.125566004103809,0.176866505890255
"JPAES",87,"DNKA",0.225326537552581,0.148406333001652
"JPAES",87,"ESXC",0.469759033184247,0.180400659515239
"JPAES",87,"FDSC",0.739798583738749,0.13906544112156
"JPAES",87,"GOVG",0.170941685959117,0.15333752074323
"JPAES",87,"VLNC",0.640229863826929,0.141609795138328
"JPAES",87,"SCSP",-0.13826655557515,0.220515689417319
"JPAES",87,"SCHL",0.129372211164575,0.177381544649238
"JPAES",88,"DNKA",0.233970373630081,0.147941520126361
"JPAES",88,"ESXC",0.470940218550207,0.180389781713031
"JPAES",88,"FDSC",0.730319620267605,0.138385424032084
"JPAES",88,"GOVG",0.169814894463015,0.153405575041577
"JPAES",88,"VLNC",0.644420141178329,0.141580146491633
"JPAES",88,"SCSP",-0.136114100939254,0.220354829141779
"JPAES",88,"SCHL",0.119492328383222,0.177174184149225
"JPAES",89,"DNKA",0.242942572237876,0.147836768909715
"JPAES",89,"ESXC",0.480026441096105,0.180764435598407
"JPAES",89,"FDSC",0.719383972725143,0.137854705000805
"JPAES",89,"GOVG",0.174192585544608,0.153488140488364
"JPAES",89,"VLNC",0.645861895284212,0.141401453566813
"JPAES",89,"SCSP",-0.129503684167028,0.219535798685761
"JPAES",89,"SCHL",0.125596805163343,0.176736461694012
"JPAES",90,"DNKA",0.236024868047391,0.148087774820038
"JPAES",90,"ESXC",0.457344404999826,0.181067581887223
"JPAES",90,"FDSC",0.732483868950265,0.138847472261201
"JPAES",90,"GOVG",0.176476452968408,0.153226843038199
"JPAES",90,"VLNC",0.646167025982277,0.141681182605249
"JPAES",90,"SCSP",-0.15241517614211,0.219584720251813
"JPAES",90,"SCHL",0.120341176391169,0.176751886876091
"JPAES",91,"DNKA",0.251125466800007,0.147928488854318
"JPAES",91,"ESXC",0.477805832572908,0.180923761970822
"JPAES",91,"FDSC",0.722150541467862,0.138109641880376
"JPAES",91,"GOVG",0.174315775103913,0.153278187312725
"JPAES",91,"VLNC",0.643542068332311,0.141527985256159
"JPAES",91,"SCSP",-0.122592973278133,0.219697615242472
"JPAES",91,"SCHL",0.114948056936413,0.176594648438432
"JPAES",92,"DNKA",0.239954852836761,0.147802880882587
"JPAES",92,"ESXC",0.471613053686856,0.181037142666321
"JPAES",92,"FDSC",0.723433944423914,0.138321959135175
"JPAES",92,"GOVG",0.182850753401513,0.153408169154395
"JPAES",92,"VLNC",0.650048113397436,0.141677216406957
"JPAES",92,"SCSP",-0.134022581220073,0.219977891229485
"JPAES",92,"SCHL",0.137843768425845,0.177332540439156
"JPAES",93,"DNKA",0.240787567208639,0.147913431565151
"JPAES",93,"ESXC",0.472520536240386,0.180423012832899
"JPAES",93,"FDSC",0.725179844612292,0.138589741050582
"JPAES",93,"GOVG",0.166075748194442,0.153653109580355
"JPAES",93,"VLNC",0.642406687031846,0.14188736360963
"JPAES",93,"SCSP",-0.118552119701007,0.219566294869982
"JPAES",93,"SCHL",0.121355756373601,0.176697965929778
"JPAES",94,"DNKA",0.239183179289326,0.147871662450402
"JPAES",94,"ESXC",0.476733810572317,0.18071675958281
"JPAES",94,"FDSC",0.726239582460611,0.13822182134707
"JPAES",94,"GOVG",0.191953364495483,0.153075506394891
"JPAES",94,"VLNC",0.643049118698444,0.141543486383074
"JPAES",94,"SCSP",-0.126647812664611,0.219790420606375
"JPAES",94,"SCHL",0.116000554317586,0.176778084774691
"JPAES",95,"DNKA",0.228063337884934,0.14810305980716
"JPAES",95,"ESXC",0.468843540454379,0.180930216534803
"JPAES",95,"FDSC",0.71826168121944,0.138320507696531
"JPAES",95,"GOVG",0.1878561424368,0.153127323017794
"JPAES",95,"VLNC",0.65446625694974,0.141809748090726
"JPAES",95,"SCSP",-0.133087252112981,0.219861765993587
"JPAES",95,"SCHL",0.126554204100993,0.176717062675899
"JPAES",96,"DNKA",0.233761463984656,0.148168584703543
"JPAES",96,"ESXC",0.464523502395714,0.180903204669346
"JPAES",96,"FDSC",0.720776752125491,0.138455881328675
"JPAES",96,"GOVG",0.178085327380232,0.153357283496091
"JPAES",96,"VLNC",0.647914151219867,0.141678795791931
"JPAES",96,"SCSP",-0.114371987735983,0.220034482136219
"JPAES",96,"SCHL",0.115855554891192,0.176959193325063
"JPAES",97,"DNKA",0.237217418952582,0.14798493863138
"JPAES",97,"ESXC",0.469585122864681,0.180810332193118
"JPAES",97,"FDSC",0.718650090364014,0.138044600277443
"JPAES",97,"GOVG",0.170788607399992,0.153297337591489
"JPAES",97,"VLNC",0.645457530288752,0.141608076376089
"JPAES",97,"SCSP",-0.133706236571153,0.219571412949164
"JPAES",97,"SCHL",0.127447540794911,0.176974036855825
"JPAES",98,"DNKA",0.243492599224508,0.147917894300837
"JPAES",98,"ESXC",0.465178465108592,0.180653390966579
"JPAES",98,"FDSC",0.719801689387415,0.13850166844089
"JPAES",98,"GOVG",0.179501662170605,0.15319146252791
"JPAES",98,"VLNC",0.630485390867836,0.141702739491413
"JPAES",98,"SCSP",-0.115449277853241,0.219648430802898
"JPAES",98,"SCHL",0.108164149248694,0.176689561338446
"JPAES",99,"DNKA",0.24026984013387,0.147908177498007
"JPAES",99,"ESXC",0.477920131015814,0.180667128532452
"JPAES",99,"FDSC",0.725771651081188,0.138488869950611
"JPAES",99,"GOVG",0.184222725085076,0.153536367936727
"JPAES",99,"VLNC",0.6490517016763,0.141350569241856
"JPAES",99,"SCSP",-0.140122193201812,0.219912718397046
"JPAES",99,"SCHL",0.11588656723634,0.176657297690732
"JPAES",100,"DNKA",0.243004065624318,0.147847162585153
"JPAES",100,"ESXC",0.465898395421941,0.180767111039635
"JPAES",100,"FDSC",0.708068731147961,0.138236105907138
"JPAES",100,"GOVG",0.18353221867393,0.153138332868269
"JPAES",100,"VLNC",0.648291192307895,0.141569589007231
"JPAES",100,"SCSP",-0.126065336848226,0.219302880002765
"JPAES",100,"SCHL",0.114835394266262,0.176687008116873
