model_code,response,response_label,path,hypothesis_id,hypothesis,role,window,reference_label,comparator_label,expected_direction,contrast_label,hypothesis_supported,effect_group,effect_type,term,estimate,std.error,statistic,p.value,conf.low,conf.high,odds_ratio,or_conf.low,or_conf.high,class,class_window,class_label,benchmark_class,benchmark_label,term_label,n_subjects,n_pseudo_rows,total_weight
ULWOM,DNKA,Alcohol use,A,H1,Hypothesis 1. Stable low maternal absence will be associated with the lowest depression risk.,primary,Early childhood,Stable Low Maternal Absence,Late-Onset Maternal Absence,higher,H1: Late-Onset Maternal Absence vs Stable Low Maternal Absence,FALSE,Two-window class history,early_class,early_class1,0.13089372458692583,0.13201121509928002,0.9915348820059434,0.3214244683158593,-0.127848257007663,0.38963570618151466,1.1398466372025742,0.8799869008594491,1.4764428369025602,1,Early Childhood (0–5 Years),Late-Onset Maternal Absence,2,Stable Low Maternal Absence,Early: Late-Onset Maternal Absence vs Stable Low Maternal Absence,3267,15645,3266.694001
ULWOM,DNKA,Alcohol use,A,H1,Hypothesis 1. Stable low maternal absence will be associated with the lowest depression risk.,primary,Early childhood,Stable Low Maternal Absence,Stable High Maternal Absence,higher,H1: Stable High Maternal Absence vs Stable Low Maternal Absence,FALSE,Two-window class history,early_class,early_class3,0.21958190924775436,0.12961665986917456,1.6940870831680437,0.09024873644766264,-0.03446674409582775,0.4736305625913365,1.245555866321587,0.9661204683619692,1.6058136298038403,3,Early Childhood (0–5 Years),Stable High Maternal Absence,2,Stable Low Maternal Absence,Early: Stable High Maternal Absence vs Stable Low Maternal Absence,3267,15645,3266.694001
ULWOM,DNKA,Alcohol use,A,H1,Hypothesis 1. Stable low maternal absence will be associated with the lowest depression risk.,primary,Early childhood,Stable Low Maternal Absence,"Early Peak, Declining Maternal Absence",higher,"H1: Early Peak, Declining Maternal Absence vs Stable Low Maternal Absence",FALSE,Two-window class history,early_class,early_class4,0.0559083638530971,0.111833310080918,0.4999258612004251,0.6171272818209088,-0.16328492390550214,0.27510165161169636,1.0575007740001854,0.8493491540574315,1.316664509134689,4,Early Childhood (0–5 Years),"Early Peak, Declining Maternal Absence",2,Stable Low Maternal Absence,"Early: Early Peak, Declining Maternal Absence vs Stable Low Maternal Absence",3267,15645,3266.694001
ULWOM,DNKA,Alcohol use,A,H1,Hypothesis 1. Stable low maternal absence will be associated with the lowest depression risk.,primary,Middle-late childhood,Stable Low Maternal Absence,Late-Onset Maternal Absence,higher,H1: Late-Onset Maternal Absence vs Stable Low Maternal Absence,TRUE,Two-window class history,mid_class,mid_class1,0.3278969288957441,0.14774251729989937,2.219380953352468,0.02646081833133936,0.03832159498794135,0.617472262803547,1.388045897492688,1.039065337357093,1.8542350940575625,1,Middle–Late Childhood (6–12 Years),Late-Onset Maternal Absence,5,Stable Low Maternal Absence,Middle-late: Late-Onset Maternal Absence vs Stable Low Maternal Absence,3267,15645,3266.694001
ULWOM,DNKA,Alcohol use,A,H1,Hypothesis 1. Stable low maternal absence will be associated with the lowest depression risk.,primary,Middle-late childhood,Stable Low Maternal Absence,Mid-Childhood Onset Maternal Absence,higher,H1: Mid-Childhood Onset Maternal Absence vs Stable Low Maternal Absence,FALSE,Two-window class history,mid_class,mid_class2,0.12272086109250532,0.1569827109575835,0.7817476226771515,0.4343629082003458,-0.1849652523843584,0.43040697456936905,1.1305687911600495,0.8311331632460812,1.537883275590884,2,Middle–Late Childhood (6–12 Years),Mid-Childhood Onset Maternal Absence,5,Stable Low Maternal Absence,Middle-late: Mid-Childhood Onset Maternal Absence vs Stable Low Maternal Absence,3267,15645,3266.694001
ULWOM,DNKA,Alcohol use,A,H1,Hypothesis 1. Stable low maternal absence will be associated with the lowest depression risk.,primary,Middle-late childhood,Stable Low Maternal Absence,Declining Maternal Absence,higher,H1: Declining Maternal Absence vs Stable Low Maternal Absence,FALSE,Two-window class history,mid_class,mid_class3,0.1663802784406191,0.12662769587210346,1.3139327640350225,0.18886883166452928,-0.08181000546870368,0.41457056234994183,1.1810221335945947,0.9214470119593924,1.513720552497486,3,Middle–Late Childhood (6–12 Years),Declining Maternal Absence,5,Stable Low Maternal Absence,Middle-late: Declining Maternal Absence vs Stable Low Maternal Absence,3267,15645,3266.694001
ULWOM,DNKA,Alcohol use,A,H1,Hypothesis 1. Stable low maternal absence will be associated with the lowest depression risk.,primary,Middle-late childhood,Stable Low Maternal Absence,Stable High Maternal Absence,higher,H1: Stable High Maternal Absence vs Stable Low Maternal Absence,FALSE,Two-window class history,mid_class,mid_class4,0.04553059512031213,0.11357291924227005,0.4008930599308429,0.6884988597271435,-0.17707232659453712,0.2681335168351614,1.0465830244576706,0.8377191929554245,1.307521704520919,4,Middle–Late Childhood (6–12 Years),Stable High Maternal Absence,5,Stable Low Maternal Absence,Middle-late: Stable High Maternal Absence vs Stable Low Maternal Absence,3267,15645,3266.694001
ULWOM,ESXC,Ever had sexual intercourse,A,H1,Hypothesis 1. Stable low maternal absence will be associated with the lowest depression risk.,primary,Early childhood,Stable Low Maternal Absence,Late-Onset Maternal Absence,higher,H1: Late-Onset Maternal Absence vs Stable Low Maternal Absence,FALSE,Two-window class history,early_class,early_class1,0.01753445028315859,0.1699501020357261,0.10317410859496032,0.917824788576845,-0.3155677497068646,0.35063665027318175,1.0176890812238764,0.7293746544473353,1.4199712859875364,1,Early Childhood (0–5 Years),Late-Onset Maternal Absence,2,Stable Low Maternal Absence,Early: Late-Onset Maternal Absence vs Stable Low Maternal Absence,3211,15387,3210.6990010000063
ULWOM,ESXC,Ever had sexual intercourse,A,H1,Hypothesis 1. Stable low maternal absence will be associated with the lowest depression risk.,primary,Early childhood,Stable Low Maternal Absence,Stable High Maternal Absence,higher,H1: Stable High Maternal Absence vs Stable Low Maternal Absence,FALSE,Two-window class history,early_class,early_class3,0.16441988783503325,0.1594033464685385,1.0314707405937986,0.3023201223756523,-0.1480106712433022,0.4768504469133687,1.1787091368282352,0.8624219117788912,1.6109924971370255,3,Early Childhood (0–5 Years),Stable High Maternal Absence,2,Stable Low Maternal Absence,Early: Stable High Maternal Absence vs Stable Low Maternal Absence,3211,15387,3210.6990010000063
ULWOM,ESXC,Ever had sexual intercourse,A,H1,Hypothesis 1. Stable low maternal absence will be associated with the lowest depression risk.,primary,Early childhood,Stable Low Maternal Absence,"Early Peak, Declining Maternal Absence",higher,"H1: Early Peak, Declining Maternal Absence vs Stable Low Maternal Absence",FALSE,Two-window class history,early_class,early_class4,-0.09591534241249317,0.13731900843937905,-0.6984855447367727,0.48487359481163633,-0.365060598953676,0.1732299141286897,0.9085409276961738,0.6941545845618905,1.1891394736231518,4,Early Childhood (0–5 Years),"Early Peak, Declining Maternal Absence",2,Stable Low Maternal Absence,"Early: Early Peak, Declining Maternal Absence vs Stable Low Maternal Absence",3211,15387,3210.6990010000063
ULWOM,ESXC,Ever had sexual intercourse,A,H1,Hypothesis 1. Stable low maternal absence will be associated with the lowest depression risk.,primary,Middle-late childhood,Stable Low Maternal Absence,Late-Onset Maternal Absence,higher,H1: Late-Onset Maternal Absence vs Stable Low Maternal Absence,FALSE,Two-window class history,mid_class,mid_class1,0.2537017352276937,0.17236083844854508,1.4719221460705028,0.14104190249412846,-0.08412550813145464,0.5915289785868421,1.2887873470710098,0.9193158672374426,1.806748784790998,1,Middle–Late Childhood (6–12 Years),Late-Onset Maternal Absence,5,Stable Low Maternal Absence,Middle-late: Late-Onset Maternal Absence vs Stable Low Maternal Absence,3211,15387,3210.6990010000063
ULWOM,ESXC,Ever had sexual intercourse,A,H1,Hypothesis 1. Stable low maternal absence will be associated with the lowest depression risk.,primary,Middle-late childhood,Stable Low Maternal Absence,Mid-Childhood Onset Maternal Absence,higher,H1: Mid-Childhood Onset Maternal Absence vs Stable Low Maternal Absence,FALSE,Two-window class history,mid_class,mid_class2,-0.05283029205865398,0.18487815541087885,-0.28575735159863713,0.7750639750719173,-0.4151914766639765,0.30953089254666855,0.9485409737596474,0.6602138530553028,1.362785671244518,2,Middle–Late Childhood (6–12 Years),Mid-Childhood Onset Maternal Absence,5,Stable Low Maternal Absence,Middle-late: Mid-Childhood Onset Maternal Absence vs Stable Low Maternal Absence,3211,15387,3210.6990010000063
ULWOM,ESXC,Ever had sexual intercourse,A,H1,Hypothesis 1. Stable low maternal absence will be associated with the lowest depression risk.,primary,Middle-late childhood,Stable Low Maternal Absence,Declining Maternal Absence,higher,H1: Declining Maternal Absence vs Stable Low Maternal Absence,FALSE,Two-window class history,mid_class,mid_class3,0.2066294772181978,0.16246487529646136,1.2718409246376865,0.203429644996558,-0.11180167836286647,0.5250606327992621,1.2295269196366512,0.8942215834043752,1.6905613487385165,3,Middle–Late Childhood (6–12 Years),Declining Maternal Absence,5,Stable Low Maternal Absence,Middle-late: Declining Maternal Absence vs Stable Low Maternal Absence,3211,15387,3210.6990010000063
ULWOM,ESXC,Ever had sexual intercourse,A,H1,Hypothesis 1. Stable low maternal absence will be associated with the lowest depression risk.,primary,Middle-late childhood,Stable Low Maternal Absence,Stable High Maternal Absence,higher,H1: Stable High Maternal Absence vs Stable Low Maternal Absence,FALSE,Two-window class history,mid_class,mid_class4,0.08762209115742044,0.140067863038536,0.6255688439632546,0.5315977797049571,-0.18691092039811016,0.362155102712951,1.0915755280272623,0.8295176261942196,1.4364217175886929,4,Middle–Late Childhood (6–12 Years),Stable High Maternal Absence,5,Stable Low Maternal Absence,Middle-late: Stable High Maternal Absence vs Stable Low Maternal Absence,3211,15387,3210.6990010000063
ULWOM,FDSC,Food insecurity,A,H1,Hypothesis 1. Stable low maternal absence will be associated with the lowest depression risk.,primary,Early childhood,Stable Low Maternal Absence,Late-Onset Maternal Absence,higher,H1: Late-Onset Maternal Absence vs Stable Low Maternal Absence,FALSE,Two-window class history,early_class,early_class1,-0.23963659433632428,0.137631129887364,-1.741151108273547,0.08165709472209602,-0.5093936089155577,0.03012042024290917,0.7869137780352464,0.600859824403983,1.0305786290104308,1,Early Childhood (0–5 Years),Late-Onset Maternal Absence,2,Stable Low Maternal Absence,Early: Late-Onset Maternal Absence vs Stable Low Maternal Absence,3267,15645,3266.694001
ULWOM,FDSC,Food insecurity,A,H1,Hypothesis 1. Stable low maternal absence will be associated with the lowest depression risk.,primary,Early childhood,Stable Low Maternal Absence,Stable High Maternal Absence,higher,H1: Stable High Maternal Absence vs Stable Low Maternal Absence,FALSE,Two-window class history,early_class,early_class3,-0.03638320934121091,0.1364229161090249,-0.26669426500262317,0.7897045699081108,-0.30377212491489974,0.2310057062324779,0.9642707051311292,0.7380290257172517,1.2598664285194523,3,Early Childhood (0–5 Years),Stable High Maternal Absence,2,Stable Low Maternal Absence,Early: Stable High Maternal Absence vs Stable Low Maternal Absence,3267,15645,3266.694001
ULWOM,FDSC,Food insecurity,A,H1,Hypothesis 1. Stable low maternal absence will be associated with the lowest depression risk.,primary,Early childhood,Stable Low Maternal Absence,"Early Peak, Declining Maternal Absence",higher,"H1: Early Peak, Declining Maternal Absence vs Stable Low Maternal Absence",FALSE,Two-window class history,early_class,early_class4,-0.04732304084229797,0.1108140701598227,-0.4270490270237872,0.6693436186017476,-0.26451861835555046,0.1698725366709545,0.9537792381705468,0.7675753577436124,1.1851537780464385,4,Early Childhood (0–5 Years),"Early Peak, Declining Maternal Absence",2,Stable Low Maternal Absence,"Early: Early Peak, Declining Maternal Absence vs Stable Low Maternal Absence",3267,15645,3266.694001
ULWOM,FDSC,Food insecurity,A,H1,Hypothesis 1. Stable low maternal absence will be associated with the lowest depression risk.,primary,Middle-late childhood,Stable Low Maternal Absence,Late-Onset Maternal Absence,higher,H1: Late-Onset Maternal Absence vs Stable Low Maternal Absence,FALSE,Two-window class history,mid_class,mid_class1,-0.04642189021311885,0.14925439210748445,-0.31102528748158026,0.7557813977428403,-0.3389604987437884,0.2461167183175507,0.954639124316402,0.7125105935968276,1.2790488532599475,1,Middle–Late Childhood (6–12 Years),Late-Onset Maternal Absence,5,Stable Low Maternal Absence,Middle-late: Late-Onset Maternal Absence vs Stable Low Maternal Absence,3267,15645,3266.694001
ULWOM,FDSC,Food insecurity,A,H1,Hypothesis 1. Stable low maternal absence will be associated with the lowest depression risk.,primary,Middle-late childhood,Stable Low Maternal Absence,Mid-Childhood Onset Maternal Absence,higher,H1: Mid-Childhood Onset Maternal Absence vs Stable Low Maternal Absence,FALSE,Two-window class history,mid_class,mid_class2,0.0099267689307675,0.15430992200577914,0.06433007548533225,0.9487074062702622,-0.2925206782005596,0.3123742160620946,1.0099762027387311,0.7463798110848818,1.3666660257274046,2,Middle–Late Childhood (6–12 Years),Mid-Childhood Onset Maternal Absence,5,Stable Low Maternal Absence,Middle-late: Mid-Childhood Onset Maternal Absence vs Stable Low Maternal Absence,3267,15645,3266.694001
ULWOM,FDSC,Food insecurity,A,H1,Hypothesis 1. Stable low maternal absence will be associated with the lowest depression risk.,primary,Middle-late childhood,Stable Low Maternal Absence,Declining Maternal Absence,higher,H1: Declining Maternal Absence vs Stable Low Maternal Absence,TRUE,Two-window class history,mid_class,mid_class3,0.2869972064019138,0.12792159690617588,2.2435398974296104,0.02486202005600623,0.03627087646580906,0.5377235363380185,1.3324204912231423,1.0369366901981396,1.7121048779671244,3,Middle–Late Childhood (6–12 Years),Declining Maternal Absence,5,Stable Low Maternal Absence,Middle-late: Declining Maternal Absence vs Stable Low Maternal Absence,3267,15645,3266.694001
ULWOM,FDSC,Food insecurity,A,H1,Hypothesis 1. Stable low maternal absence will be associated with the lowest depression risk.,primary,Middle-late childhood,Stable Low Maternal Absence,Stable High Maternal Absence,higher,H1: Stable High Maternal Absence vs Stable Low Maternal Absence,FALSE,Two-window class history,mid_class,mid_class4,0.06584441128328068,0.11627420430977067,0.5662856320896594,0.5711996259877555,-0.16205302916386982,0.2937418517304312,1.068060526070969,0.8503961075499742,1.3414375691788525,4,Middle–Late Childhood (6–12 Years),Stable High Maternal Absence,5,Stable Low Maternal Absence,Middle-late: Stable High Maternal Absence vs Stable Low Maternal Absence,3267,15645,3266.694001
ULWOM,GOVG,Lack of government grant receipt,A,H1,Hypothesis 1. Stable low maternal absence will be associated with the lowest depression risk.,primary,Early childhood,Stable Low Maternal Absence,Late-Onset Maternal Absence,higher,H1: Late-Onset Maternal Absence vs Stable Low Maternal Absence,FALSE,Two-window class history,early_class,early_class1,0.0733368840170944,0.1326756521691214,0.5527531451182318,0.580432456534355,-0.1867073942343835,0.3333811622685723,1.0760929943889277,0.8296864719161008,1.3956791773387196,1,Early Childhood (0–5 Years),Late-Onset Maternal Absence,2,Stable Low Maternal Absence,Early: Late-Onset Maternal Absence vs Stable Low Maternal Absence,3267,15645,3266.694001
ULWOM,GOVG,Lack of government grant receipt,A,H1,Hypothesis 1. Stable low maternal absence will be associated with the lowest depression risk.,primary,Early childhood,Stable Low Maternal Absence,Stable High Maternal Absence,higher,H1: Stable High Maternal Absence vs Stable Low Maternal Absence,FALSE,Two-window class history,early_class,early_class3,0.14862026047970306,0.1371898030795215,1.0833185640885856,0.2786670481292109,-0.1202717535561591,0.4175122745155652,1.160232319480093,0.8866794456810181,1.518180038708632,3,Early Childhood (0–5 Years),Stable High Maternal Absence,2,Stable Low Maternal Absence,Early: Stable High Maternal Absence vs Stable Low Maternal Absence,3267,15645,3266.694001
ULWOM,GOVG,Lack of government grant receipt,A,H1,Hypothesis 1. Stable low maternal absence will be associated with the lowest depression risk.,primary,Early childhood,Stable Low Maternal Absence,"Early Peak, Declining Maternal Absence",higher,"H1: Early Peak, Declining Maternal Absence vs Stable Low Maternal Absence",FALSE,Two-window class history,early_class,early_class4,-0.01732279957599969,0.11376543832886728,-0.15226768191165263,0.8789758137560293,-0.24030305870057955,0.20565745954858017,0.9828263774864244,0.7863895027692411,1.2283323783971418,4,Early Childhood (0–5 Years),"Early Peak, Declining Maternal Absence",2,Stable Low Maternal Absence,"Early: Early Peak, Declining Maternal Absence vs Stable Low Maternal Absence",3267,15645,3266.694001
ULWOM,GOVG,Lack of government grant receipt,A,H1,Hypothesis 1. Stable low maternal absence will be associated with the lowest depression risk.,primary,Middle-late childhood,Stable Low Maternal Absence,Late-Onset Maternal Absence,higher,H1: Late-Onset Maternal Absence vs Stable Low Maternal Absence,FALSE,Two-window class history,mid_class,mid_class1,-0.15093046372943264,0.1557856240948965,-0.9688343491662212,0.3326278454380059,-0.45627028695542976,0.15440935949656448,0.8599074913402821,0.6336425486357717,1.1669684986514064,1,Middle–Late Childhood (6–12 Years),Late-Onset Maternal Absence,5,Stable Low Maternal Absence,Middle-late: Late-Onset Maternal Absence vs Stable Low Maternal Absence,3267,15645,3266.694001
ULWOM,GOVG,Lack of government grant receipt,A,H1,Hypothesis 1. Stable low maternal absence will be associated with the lowest depression risk.,primary,Middle-late childhood,Stable Low Maternal Absence,Mid-Childhood Onset Maternal Absence,higher,H1: Mid-Childhood Onset Maternal Absence vs Stable Low Maternal Absence,FALSE,Two-window class history,mid_class,mid_class2,-0.1310176596656623,0.14854948751167493,-0.8819798833393165,0.3777876859384475,-0.4221746551885452,0.16013933585722057,0.8772022831552202,0.6556195220419719,1.173674394527059,2,Middle–Late Childhood (6–12 Years),Mid-Childhood Onset Maternal Absence,5,Stable Low Maternal Absence,Middle-late: Mid-Childhood Onset Maternal Absence vs Stable Low Maternal Absence,3267,15645,3266.694001
ULWOM,GOVG,Lack of government grant receipt,A,H1,Hypothesis 1. Stable low maternal absence will be associated with the lowest depression risk.,primary,Middle-late childhood,Stable Low Maternal Absence,Declining Maternal Absence,higher,H1: Declining Maternal Absence vs Stable Low Maternal Absence,FALSE,Two-window class history,mid_class,mid_class3,0.09402575447790194,0.12930720689316555,0.7271501468250461,0.4671339819951069,-0.1594163710327025,0.3474678799885064,1.0985880391142109,0.8526412699237823,1.4154788446877442,3,Middle–Late Childhood (6–12 Years),Declining Maternal Absence,5,Stable Low Maternal Absence,Middle-late: Declining Maternal Absence vs Stable Low Maternal Absence,3267,15645,3266.694001
ULWOM,GOVG,Lack of government grant receipt,A,H1,Hypothesis 1. Stable low maternal absence will be associated with the lowest depression risk.,primary,Middle-late childhood,Stable Low Maternal Absence,Stable High Maternal Absence,higher,H1: Stable High Maternal Absence vs Stable Low Maternal Absence,FALSE,Two-window class history,mid_class,mid_class4,-0.17799830484728543,0.11581508279249784,-1.5369181677847543,0.12431334992839004,-0.4049958671205812,0.04899925742601033,0.8369438422351917,0.6669795673989051,1.050219570874002,4,Middle–Late Childhood (6–12 Years),Stable High Maternal Absence,5,Stable Low Maternal Absence,Middle-late: Stable High Maternal Absence vs Stable Low Maternal Absence,3267,15645,3266.694001
ULWOM,VLNC,Violence exposure,A,H1,Hypothesis 1. Stable low maternal absence will be associated with the lowest depression risk.,primary,Early childhood,Stable Low Maternal Absence,Late-Onset Maternal Absence,higher,H1: Late-Onset Maternal Absence vs Stable Low Maternal Absence,FALSE,Two-window class history,early_class,early_class1,0.15297565353386114,0.1319027774480985,1.159760669892296,0.2461462611535788,-0.10555379026441196,0.41150509733213425,1.1652966077429678,0.8998260696627731,1.5090874001085268,1,Early Childhood (0–5 Years),Late-Onset Maternal Absence,2,Stable Low Maternal Absence,Early: Late-Onset Maternal Absence vs Stable Low Maternal Absence,3267,15645,3266.694001
ULWOM,VLNC,Violence exposure,A,H1,Hypothesis 1. Stable low maternal absence will be associated with the lowest depression risk.,primary,Early childhood,Stable Low Maternal Absence,Stable High Maternal Absence,higher,H1: Stable High Maternal Absence vs Stable Low Maternal Absence,TRUE,Two-window class history,early_class,early_class3,0.25582211746100464,0.1298253056618932,1.9705104190337712,0.04877990207454446,0.00136451836369394,0.5102797165583153,1.2915229681204397,1.001365449742456,1.665757069620922,3,Early Childhood (0–5 Years),Stable High Maternal Absence,2,Stable Low Maternal Absence,Early: Stable High Maternal Absence vs Stable Low Maternal Absence,3267,15645,3266.694001
ULWOM,VLNC,Violence exposure,A,H1,Hypothesis 1. Stable low maternal absence will be associated with the lowest depression risk.,primary,Early childhood,Stable Low Maternal Absence,"Early Peak, Declining Maternal Absence",higher,"H1: Early Peak, Declining Maternal Absence vs Stable Low Maternal Absence",FALSE,Two-window class history,early_class,early_class4,0.02018255000284444,0.10794198603773932,0.18697590014499177,0.8516795286044923,-0.19138374263112465,0.23174884263681353,1.0203875947841656,0.8258156266778633,1.2608030290949743,4,Early Childhood (0–5 Years),"Early Peak, Declining Maternal Absence",2,Stable Low Maternal Absence,"Early: Early Peak, Declining Maternal Absence vs Stable Low Maternal Absence",3267,15645,3266.694001
ULWOM,VLNC,Violence exposure,A,H1,Hypothesis 1. Stable low maternal absence will be associated with the lowest depression risk.,primary,Middle-late childhood,Stable Low Maternal Absence,Late-Onset Maternal Absence,higher,H1: Late-Onset Maternal Absence vs Stable Low Maternal Absence,FALSE,Two-window class history,mid_class,mid_class1,-0.0728863731210991,0.15083474696206584,-0.48322004438028887,0.6289395045069464,-0.3685224771667482,0.22274973092454997,0.9297064636680292,0.6917556607160348,1.2495078214342636,1,Middle–Late Childhood (6–12 Years),Late-Onset Maternal Absence,5,Stable Low Maternal Absence,Middle-late: Late-Onset Maternal Absence vs Stable Low Maternal Absence,3267,15645,3266.694001
ULWOM,VLNC,Violence exposure,A,H1,Hypothesis 1. Stable low maternal absence will be associated with the lowest depression risk.,primary,Middle-late childhood,Stable Low Maternal Absence,Mid-Childhood Onset Maternal Absence,higher,H1: Mid-Childhood Onset Maternal Absence vs Stable Low Maternal Absence,FALSE,Two-window class history,mid_class,mid_class2,-0.1029148327728929,0.1511254286929147,-0.6809895175352307,0.4958781232880824,-0.39912067301100573,0.1932910074652199,0.9022038084062088,0.6709097357704353,1.2132358028281514,2,Middle–Late Childhood (6–12 Years),Mid-Childhood Onset Maternal Absence,5,Stable Low Maternal Absence,Middle-late: Mid-Childhood Onset Maternal Absence vs Stable Low Maternal Absence,3267,15645,3266.694001
ULWOM,VLNC,Violence exposure,A,H1,Hypothesis 1. Stable low maternal absence will be associated with the lowest depression risk.,primary,Middle-late childhood,Stable Low Maternal Absence,Declining Maternal Absence,higher,H1: Declining Maternal Absence vs Stable Low Maternal Absence,FALSE,Two-window class history,mid_class,mid_class3,0.06883995912162619,0.12823134521339707,0.5368419009179518,0.5913768257898133,-0.18249347749663208,0.32017339573988446,1.071264749276973,0.8331900783956998,1.3773665731271847,3,Middle–Late Childhood (6–12 Years),Declining Maternal Absence,5,Stable Low Maternal Absence,Middle-late: Declining Maternal Absence vs Stable Low Maternal Absence,3267,15645,3266.694001
ULWOM,VLNC,Violence exposure,A,H1,Hypothesis 1. Stable low maternal absence will be associated with the lowest depression risk.,primary,Middle-late childhood,Stable Low Maternal Absence,Stable High Maternal Absence,higher,H1: Stable High Maternal Absence vs Stable Low Maternal Absence,FALSE,Two-window class history,mid_class,mid_class4,-0.13338851721628722,0.11290411963228092,-1.181431799395117,0.23743123170732305,-0.3546805916955579,0.0879035572629834,0.8751250249134861,0.701397439600437,1.091882812783157,4,Middle–Late Childhood (6–12 Years),Stable High Maternal Absence,5,Stable Low Maternal Absence,Middle-late: Stable High Maternal Absence vs Stable Low Maternal Absence,3267,15645,3266.694001
ULWOM,SCSP,Low social support,A,H1,Hypothesis 1. Stable low maternal absence will be associated with the lowest depression risk.,primary,Early childhood,Stable Low Maternal Absence,Late-Onset Maternal Absence,higher,H1: Late-Onset Maternal Absence vs Stable Low Maternal Absence,FALSE,Two-window class history,early_class,early_class1,0.03267636162671318,0.1991253405015906,0.16409946390751892,0.8696528438324064,-0.35760930575640437,0.4229620290098307,1.0332160967482071,0.6993462521936858,1.5264763330481732,1,Early Childhood (0–5 Years),Late-Onset Maternal Absence,2,Stable Low Maternal Absence,Early: Late-Onset Maternal Absence vs Stable Low Maternal Absence,3266,15642,3265.694000999999
ULWOM,SCSP,Low social support,A,H1,Hypothesis 1. Stable low maternal absence will be associated with the lowest depression risk.,primary,Early childhood,Stable Low Maternal Absence,Stable High Maternal Absence,higher,H1: Stable High Maternal Absence vs Stable Low Maternal Absence,FALSE,Two-window class history,early_class,early_class3,-0.3251905410622835,0.21274797272794024,-1.5285247464056149,0.12638230421734398,-0.7421765676090464,0.09179548548447936,0.7223896956277489,0.47607657415802024,1.0961406224872123,3,Early Childhood (0–5 Years),Stable High Maternal Absence,2,Stable Low Maternal Absence,Early: Stable High Maternal Absence vs Stable Low Maternal Absence,3266,15642,3265.694000999999
ULWOM,SCSP,Low social support,A,H1,Hypothesis 1. Stable low maternal absence will be associated with the lowest depression risk.,primary,Early childhood,Stable Low Maternal Absence,"Early Peak, Declining Maternal Absence",higher,"H1: Early Peak, Declining Maternal Absence vs Stable Low Maternal Absence",FALSE,Two-window class history,early_class,early_class4,-0.01451545943051219,0.16990510391593897,-0.08543274507924,0.9319173615072576,-0.34752946310575256,0.3184985442447282,0.9855893819640428,0.7064311999657914,1.3750616194291854,4,Early Childhood (0–5 Years),"Early Peak, Declining Maternal Absence",2,Stable Low Maternal Absence,"Early: Early Peak, Declining Maternal Absence vs Stable Low Maternal Absence",3266,15642,3265.694000999999
ULWOM,SCSP,Low social support,A,H1,Hypothesis 1. Stable low maternal absence will be associated with the lowest depression risk.,primary,Middle-late childhood,Stable Low Maternal Absence,Late-Onset Maternal Absence,higher,H1: Late-Onset Maternal Absence vs Stable Low Maternal Absence,FALSE,Two-window class history,mid_class,mid_class1,-0.297253192931447,0.23413042463636444,-1.2696051501769603,0.20422531395531585,-0.7561488252187213,0.16164243935582734,0.742855902685281,0.4694709647243895,1.175439875133337,1,Middle–Late Childhood (6–12 Years),Late-Onset Maternal Absence,5,Stable Low Maternal Absence,Middle-late: Late-Onset Maternal Absence vs Stable Low Maternal Absence,3266,15642,3265.694000999999
ULWOM,SCSP,Low social support,A,H1,Hypothesis 1. Stable low maternal absence will be associated with the lowest depression risk.,primary,Middle-late childhood,Stable Low Maternal Absence,Mid-Childhood Onset Maternal Absence,higher,H1: Mid-Childhood Onset Maternal Absence vs Stable Low Maternal Absence,FALSE,Two-window class history,mid_class,mid_class2,-0.3068440251964687,0.2577025525981804,-1.190690670708689,0.2337750416898055,-0.8119410282889024,0.19825297789596497,0.7357653528141679,0.443995421611494,1.219270803372047,2,Middle–Late Childhood (6–12 Years),Mid-Childhood Onset Maternal Absence,5,Stable Low Maternal Absence,Middle-late: Mid-Childhood Onset Maternal Absence vs Stable Low Maternal Absence,3266,15642,3265.694000999999
ULWOM,SCSP,Low social support,A,H1,Hypothesis 1. Stable low maternal absence will be associated with the lowest depression risk.,primary,Middle-late childhood,Stable Low Maternal Absence,Declining Maternal Absence,higher,H1: Declining Maternal Absence vs Stable Low Maternal Absence,FALSE,Two-window class history,mid_class,mid_class3,0.05392022262692621,0.20037604819979227,0.2690951494021036,0.7878564630289334,-0.33881683184466665,0.44665727709851905,1.0554004017248897,0.7126129651379258,1.5630785046767557,3,Middle–Late Childhood (6–12 Years),Declining Maternal Absence,5,Stable Low Maternal Absence,Middle-late: Declining Maternal Absence vs Stable Low Maternal Absence,3266,15642,3265.694000999999
ULWOM,SCSP,Low social support,A,H1,Hypothesis 1. Stable low maternal absence will be associated with the lowest depression risk.,primary,Middle-late childhood,Stable Low Maternal Absence,Stable High Maternal Absence,higher,H1: Stable High Maternal Absence vs Stable Low Maternal Absence,FALSE,Two-window class history,mid_class,mid_class4,0.18561076375110083,0.1683741366835967,1.1023709900285616,0.2703004181535607,-0.14440254414874867,0.5156240716509504,1.2039535468009843,0.8655392601583392,1.674683298120414,4,Middle–Late Childhood (6–12 Years),Stable High Maternal Absence,5,Stable Low Maternal Absence,Middle-late: Stable High Maternal Absence vs Stable Low Maternal Absence,3266,15642,3265.694000999999
ULWOM,SCHL,School disengagement,A,H1,Hypothesis 1. Stable low maternal absence will be associated with the lowest depression risk.,primary,Early childhood,Stable Low Maternal Absence,Late-Onset Maternal Absence,higher,H1: Late-Onset Maternal Absence vs Stable Low Maternal Absence,FALSE,Two-window class history,early_class,early_class1,-0.12863252111250878,0.1901013517169831,-0.6766523223044348,0.4986265734713095,-0.5012311704777956,0.24396612825277816,0.8792970292764902,0.6057843765656734,1.276301099209088,1,Early Childhood (0–5 Years),Late-Onset Maternal Absence,2,Stable Low Maternal Absence,Early: Late-Onset Maternal Absence vs Stable Low Maternal Absence,3267,15645,3266.694001
ULWOM,SCHL,School disengagement,A,H1,Hypothesis 1. Stable low maternal absence will be associated with the lowest depression risk.,primary,Early childhood,Stable Low Maternal Absence,Stable High Maternal Absence,higher,H1: Stable High Maternal Absence vs Stable Low Maternal Absence,FALSE,Two-window class history,early_class,early_class3,-0.34559908923199967,0.20333893867338815,-1.699620798095715,0.08920227568908357,-0.7441434090318405,0.05294523056784117,0.7077961933477209,0.4751411272709494,1.0543718961878938,3,Early Childhood (0–5 Years),Stable High Maternal Absence,2,Stable Low Maternal Absence,Early: Stable High Maternal Absence vs Stable Low Maternal Absence,3267,15645,3266.694001
ULWOM,SCHL,School disengagement,A,H1,Hypothesis 1. Stable low maternal absence will be associated with the lowest depression risk.,primary,Early childhood,Stable Low Maternal Absence,"Early Peak, Declining Maternal Absence",higher,"H1: Early Peak, Declining Maternal Absence vs Stable Low Maternal Absence",FALSE,Two-window class history,early_class,early_class4,-0.07720717724677302,0.15682027485128697,-0.4923290519672202,0.6224867456029106,-0.3845749159552954,0.23016056146174943,0.9256980501651506,0.6807399463994647,1.2588021088110417,4,Early Childhood (0–5 Years),"Early Peak, Declining Maternal Absence",2,Stable Low Maternal Absence,"Early: Early Peak, Declining Maternal Absence vs Stable Low Maternal Absence",3267,15645,3266.694001
ULWOM,SCHL,School disengagement,A,H1,Hypothesis 1. Stable low maternal absence will be associated with the lowest depression risk.,primary,Middle-late childhood,Stable Low Maternal Absence,Late-Onset Maternal Absence,higher,H1: Late-Onset Maternal Absence vs Stable Low Maternal Absence,FALSE,Two-window class history,mid_class,mid_class1,0.03470848913141286,0.20612650270971003,0.16838440799770987,0.8662808735839007,-0.3692994561796188,0.43871643444244446,1.035317858397259,0.6912183898367518,1.5507154955316491,1,Middle–Late Childhood (6–12 Years),Late-Onset Maternal Absence,5,Stable Low Maternal Absence,Middle-late: Late-Onset Maternal Absence vs Stable Low Maternal Absence,3267,15645,3266.694001
ULWOM,SCHL,School disengagement,A,H1,Hypothesis 1. Stable low maternal absence will be associated with the lowest depression risk.,primary,Middle-late childhood,Stable Low Maternal Absence,Mid-Childhood Onset Maternal Absence,higher,H1: Mid-Childhood Onset Maternal Absence vs Stable Low Maternal Absence,FALSE,Two-window class history,mid_class,mid_class2,-0.27997520446096313,0.2394272471155413,-1.1693539805260946,0.24226104283313393,-0.7492526088074241,0.18930219988549785,0.7558024817533271,0.4727197273055402,1.2084060774880074,2,Middle–Late Childhood (6–12 Years),Mid-Childhood Onset Maternal Absence,5,Stable Low Maternal Absence,Middle-late: Mid-Childhood Onset Maternal Absence vs Stable Low Maternal Absence,3267,15645,3266.694001
ULWOM,SCHL,School disengagement,A,H1,Hypothesis 1. Stable low maternal absence will be associated with the lowest depression risk.,primary,Middle-late childhood,Stable Low Maternal Absence,Declining Maternal Absence,higher,H1: Declining Maternal Absence vs Stable Low Maternal Absence,FALSE,Two-window class history,mid_class,mid_class3,-0.1497082110406315,0.1844569535870231,-0.8116159793889373,0.4170120193027698,-0.5112438400711968,0.2118274179899338,0.8609591581540645,0.5997491226810256,1.235934566599753,3,Middle–Late Childhood (6–12 Years),Declining Maternal Absence,5,Stable Low Maternal Absence,Middle-late: Declining Maternal Absence vs Stable Low Maternal Absence,3267,15645,3266.694001
ULWOM,SCHL,School disengagement,A,H1,Hypothesis 1. Stable low maternal absence will be associated with the lowest depression risk.,primary,Middle-late childhood,Stable Low Maternal Absence,Stable High Maternal Absence,higher,H1: Stable High Maternal Absence vs Stable Low Maternal Absence,FALSE,Two-window class history,mid_class,mid_class4,0.11994260418339137,0.1682121315168097,0.7130437210553113,0.4758187030418189,-0.2097531735895556,0.4496383819563383,1.127432139833965,0.8107843442637386,1.5677451580356596,4,Middle–Late Childhood (6–12 Years),Stable High Maternal Absence,5,Stable Low Maternal Absence,Middle-late: Stable High Maternal Absence vs Stable Low Maternal Absence,3267,15645,3266.694001
UHSES,DNKA,Alcohol use,A,H1,Hypothesis 1. The most advantaged socioeconomic class within each window will be associated with the lowest depression risk.,primary,Early childhood,Stable Higher SES,Chronic Low SES,higher,H1: Chronic Low SES vs Stable Higher SES,FALSE,Two-window class history,early_class,early_class1,0.04791190477362151,0.2755570663916037,0.17387289464583078,0.8619653550700219,-0.49217994535392173,0.5880037549011647,1.049078232469146,0.6112923567154119,1.8003908044166128,1,Early Childhood (0–5 Years),Chronic Low SES,3,Stable Higher SES,Early: Chronic Low SES vs Stable Higher SES,1540,12509,1539.7660130000088
UHSES,DNKA,Alcohol use,A,H1,Hypothesis 1. The most advantaged socioeconomic class within each window will be associated with the lowest depression risk.,primary,Early childhood,Stable Higher SES,Improving from Low SES,higher,H1: Improving from Low SES vs Stable Higher SES,FALSE,Two-window class history,early_class,early_class2,0.11808662025815445,0.2519225438791528,0.4687417745146324,0.6392542231979261,-0.375681565744985,0.611854806261294,1.1253415845242698,0.686821005559277,1.843848210245655,2,Early Childhood (0–5 Years),Improving from Low SES,3,Stable Higher SES,Early: Improving from Low SES vs Stable Higher SES,1540,12509,1539.7660130000088
UHSES,DNKA,Alcohol use,A,H1,Hypothesis 1. The most advantaged socioeconomic class within each window will be associated with the lowest depression risk.,primary,Early childhood,Stable Higher SES,Late Improvement from Chronic Low SES,higher,H1: Late Improvement from Chronic Low SES vs Stable Higher SES,FALSE,Two-window class history,early_class,early_class4,0.15916986732462104,0.2644358281852166,0.6019224717655696,0.547225745161763,-0.3591243559184035,0.6774640905676456,1.1725371055060816,0.6982875097674662,1.9688784985519945,4,Early Childhood (0–5 Years),Late Improvement from Chronic Low SES,3,Stable Higher SES,Early: Late Improvement from Chronic Low SES vs Stable Higher SES,1540,12509,1539.7660130000088
UHSES,DNKA,Alcohol use,A,H1,Hypothesis 1. The most advantaged socioeconomic class within each window will be associated with the lowest depression risk.,primary,Middle-late childhood,Stable Higher SES,Late Improvement from Chronic Low SES,higher,H1: Late Improvement from Chronic Low SES vs Stable Higher SES,FALSE,Two-window class history,mid_class,mid_class1,-0.01694436722047114,0.18481550202243055,-0.0916826079795766,0.9269502160068568,-0.379182751184435,0.3452940167434927,0.9831983811722084,0.684420522575293,1.4124051293819972,1,Middle–Late Childhood (6–12 Years),Late Improvement from Chronic Low SES,2,Stable Higher SES,Middle-late: Late Improvement from Chronic Low SES vs Stable Higher SES,1540,12509,1539.7660130000088
UHSES,DNKA,Alcohol use,A,H1,Hypothesis 1. The most advantaged socioeconomic class within each window will be associated with the lowest depression risk.,primary,Middle-late childhood,Stable Higher SES,Persistent Moderate Low SES,higher,H1: Persistent Moderate Low SES vs Stable Higher SES,FALSE,Two-window class history,mid_class,mid_class3,0.112399088660564,0.170932224290461,0.6575652374918315,0.510817538176821,-0.22262807094873957,0.44742624826986754,1.1189593355300296,0.8004124905986445,1.5642809292410682,3,Middle–Late Childhood (6–12 Years),Persistent Moderate Low SES,2,Stable Higher SES,Middle-late: Persistent Moderate Low SES vs Stable Higher SES,1540,12509,1539.7660130000088
UHSES,DNKA,Alcohol use,A,H1,Hypothesis 1. The most advantaged socioeconomic class within each window will be associated with the lowest depression risk.,primary,Middle-late childhood,Stable Higher SES,Early Improvement from Mild Low SES,higher,H1: Early Improvement from Mild Low SES vs Stable Higher SES,FALSE,Two-window class history,mid_class,mid_class4,-0.1978152892587994,0.13349947488329866,-1.481768294832049,0.1384019579639055,-0.4594742600300647,0.06384368151246597,0.8205213982570375,0.6316156238112206,1.0659257618347149,4,Middle–Late Childhood (6–12 Years),Early Improvement from Mild Low SES,2,Stable Higher SES,Middle-late: Early Improvement from Mild Low SES vs Stable Higher SES,1540,12509,1539.7660130000088
UHSES,DNKA,Alcohol use,A,H1,Hypothesis 1. The most advantaged socioeconomic class within each window will be associated with the lowest depression risk.,primary,Middle-late childhood,Stable Higher SES,Chronic Low SES,higher,H1: Chronic Low SES vs Stable Higher SES,FALSE,Two-window class history,mid_class,mid_class5,-0.20118721394331296,0.19225646820189235,-1.046452251125524,0.29535227939568487,-0.5780098916190219,0.17563546373239602,0.8177593212749003,0.561013734480597,1.192003450951367,5,Middle–Late Childhood (6–12 Years),Chronic Low SES,2,Stable Higher SES,Middle-late: Chronic Low SES vs Stable Higher SES,1540,12509,1539.7660130000088
UHSES,ESXC,Ever had sexual intercourse,A,H1,Hypothesis 1. The most advantaged socioeconomic class within each window will be associated with the lowest depression risk.,primary,Early childhood,Stable Higher SES,Chronic Low SES,higher,H1: Chronic Low SES vs Stable Higher SES,FALSE,Two-window class history,early_class,early_class1,-0.02740425907682442,0.42524789284294007,-0.06444302144242686,0.9486174750389682,-0.860890129048987,0.8060816108953381,0.9729678309326806,0.4227855810480659,2.239117042930137,1,Early Childhood (0–5 Years),Chronic Low SES,3,Stable Higher SES,Early: Chronic Low SES vs Stable Higher SES,1523,12386,1522.7680140000075
UHSES,ESXC,Ever had sexual intercourse,A,H1,Hypothesis 1. The most advantaged socioeconomic class within each window will be associated with the lowest depression risk.,primary,Early childhood,Stable Higher SES,Improving from Low SES,higher,H1: Improving from Low SES vs Stable Higher SES,FALSE,Two-window class history,early_class,early_class2,-0.3244047589004041,0.40981731486334616,-0.7915838280492786,0.4286033795902002,-1.1276466960325626,0.4788371782317543,0.7229575596439868,0.3237943470537612,1.6141962878666547,2,Early Childhood (0–5 Years),Improving from Low SES,3,Stable Higher SES,Early: Improving from Low SES vs Stable Higher SES,1523,12386,1522.7680140000075
UHSES,ESXC,Ever had sexual intercourse,A,H1,Hypothesis 1. The most advantaged socioeconomic class within each window will be associated with the lowest depression risk.,primary,Early childhood,Stable Higher SES,Late Improvement from Chronic Low SES,higher,H1: Late Improvement from Chronic Low SES vs Stable Higher SES,FALSE,Two-window class history,early_class,early_class4,-0.05380112728350836,0.41658104584751665,-0.12914924435424618,0.8972395568928104,-0.870299977144641,0.7626977225776242,0.9476205436353908,0.4188258922062152,2.144052484409673,4,Early Childhood (0–5 Years),Late Improvement from Chronic Low SES,3,Stable Higher SES,Early: Late Improvement from Chronic Low SES vs Stable Higher SES,1523,12386,1522.7680140000075
UHSES,ESXC,Ever had sexual intercourse,A,H1,Hypothesis 1. The most advantaged socioeconomic class within each window will be associated with the lowest depression risk.,primary,Middle-late childhood,Stable Higher SES,Late Improvement from Chronic Low SES,higher,H1: Late Improvement from Chronic Low SES vs Stable Higher SES,FALSE,Two-window class history,mid_class,mid_class1,-0.41984913710455385,0.2670304504562738,-1.572289363955157,0.11588345856928436,-0.9432288199988506,0.10353054578974286,0.6571459512781795,0.38936860240386906,1.1090796705620871,1,Middle–Late Childhood (6–12 Years),Late Improvement from Chronic Low SES,2,Stable Higher SES,Middle-late: Late Improvement from Chronic Low SES vs Stable Higher SES,1523,12386,1522.7680140000075
UHSES,ESXC,Ever had sexual intercourse,A,H1,Hypothesis 1. The most advantaged socioeconomic class within each window will be associated with the lowest depression risk.,primary,Middle-late childhood,Stable Higher SES,Persistent Moderate Low SES,higher,H1: Persistent Moderate Low SES vs Stable Higher SES,FALSE,Two-window class history,mid_class,mid_class3,0.03931743222838824,0.238972481874589,0.16452702804928704,0.8693162713472778,-0.4290686322458062,0.5077034967025827,1.0401005927026494,0.6511152401462857,1.6614712361783346,3,Middle–Late Childhood (6–12 Years),Persistent Moderate Low SES,2,Stable Higher SES,Middle-late: Persistent Moderate Low SES vs Stable Higher SES,1523,12386,1522.7680140000075
UHSES,ESXC,Ever had sexual intercourse,A,H1,Hypothesis 1. The most advantaged socioeconomic class within each window will be associated with the lowest depression risk.,primary,Middle-late childhood,Stable Higher SES,Early Improvement from Mild Low SES,higher,H1: Early Improvement from Mild Low SES vs Stable Higher SES,FALSE,Two-window class history,mid_class,mid_class4,-0.06883759697916142,0.18290176603131925,-0.3763637633076435,0.7066464816071182,-0.42732505840054713,0.2896498644422243,0.933478267459267,0.6522514979360796,1.3359596391515685,4,Middle–Late Childhood (6–12 Years),Early Improvement from Mild Low SES,2,Stable Higher SES,Middle-late: Early Improvement from Mild Low SES vs Stable Higher SES,1523,12386,1522.7680140000075
UHSES,ESXC,Ever had sexual intercourse,A,H1,Hypothesis 1. The most advantaged socioeconomic class within each window will be associated with the lowest depression risk.,primary,Middle-late childhood,Stable Higher SES,Chronic Low SES,higher,H1: Chronic Low SES vs Stable Higher SES,FALSE,Two-window class history,mid_class,mid_class5,0.2528559116726615,0.25409285261697256,0.995131933340228,0.3196721013134832,-0.24516607945660468,0.7508779028019277,1.2876977212559817,0.7825745578913067,2.1188593528977893,5,Middle–Late Childhood (6–12 Years),Chronic Low SES,2,Stable Higher SES,Middle-late: Chronic Low SES vs Stable Higher SES,1523,12386,1522.7680140000075
UHSES,FDSC,Food insecurity,A,H1,Hypothesis 1. The most advantaged socioeconomic class within each window will be associated with the lowest depression risk.,primary,Early childhood,Stable Higher SES,Chronic Low SES,higher,H1: Chronic Low SES vs Stable Higher SES,FALSE,Two-window class history,early_class,early_class1,0.22538725735626053,0.31369636814921353,0.718488577620549,0.47245608830023456,-0.389457624216198,0.8402321389287191,1.252807781292574,0.6774241933545709,2.316904758147182,1,Early Childhood (0–5 Years),Chronic Low SES,3,Stable Higher SES,Early: Chronic Low SES vs Stable Higher SES,1540,12509,1539.7660130000088
UHSES,FDSC,Food insecurity,A,H1,Hypothesis 1. The most advantaged socioeconomic class within each window will be associated with the lowest depression risk.,primary,Early childhood,Stable Higher SES,Improving from Low SES,higher,H1: Improving from Low SES vs Stable Higher SES,FALSE,Two-window class history,early_class,early_class2,0.18222532685378093,0.29515786734837984,0.6173825840755831,0.5369824066276472,-0.3962840931490435,0.7607347468566054,1.1998845296277345,0.6728155265020593,2.139847889547124,2,Early Childhood (0–5 Years),Improving from Low SES,3,Stable Higher SES,Early: Improving from Low SES vs Stable Higher SES,1540,12509,1539.7660130000088
UHSES,FDSC,Food insecurity,A,H1,Hypothesis 1. The most advantaged socioeconomic class within each window will be associated with the lowest depression risk.,primary,Early childhood,Stable Higher SES,Late Improvement from Chronic Low SES,higher,H1: Late Improvement from Chronic Low SES vs Stable Higher SES,FALSE,Two-window class history,early_class,early_class4,0.21812134106508255,0.30653929275303754,0.7115607891769077,0.4767367951827641,-0.382695672730871,0.81893835486103606,1.2437379749538129,0.6820204251199706,2.2680906514934756,4,Early Childhood (0–5 Years),Late Improvement from Chronic Low SES,3,Stable Higher SES,Early: Late Improvement from Chronic Low SES vs Stable Higher SES,1540,12509,1539.7660130000088
UHSES,FDSC,Food insecurity,A,H1,Hypothesis 1. The most advantaged socioeconomic class within each window will be associated with the lowest depression risk.,primary,Middle-late childhood,Stable Higher SES,Late Improvement from Chronic Low SES,higher,H1: Late Improvement from Chronic Low SES vs Stable Higher SES,FALSE,Two-window class history,mid_class,mid_class1,0.2456823115265191,0.20105446834326568,1.2219689199200443,0.2217193805061768,-0.14838444642628162,0.6397490694793198,1.2784933464187382,0.8620996201070771,1.8960050540724809,1,Middle–Late Childhood (6–12 Years),Late Improvement from Chronic Low SES,2,Stable Higher SES,Middle-late: Late Improvement from Chronic Low SES vs Stable Higher SES,1540,12509,1539.7660130000088
UHSES,FDSC,Food insecurity,A,H1,Hypothesis 1. The most advantaged socioeconomic class within each window will be associated with the lowest depression risk.,primary,Middle-late childhood,Stable Higher SES,Persistent Moderate Low SES,higher,H1: Persistent Moderate Low SES vs Stable Higher SES,FALSE,Two-window class history,mid_class,mid_class3,0.33216217895616684,0.18781922333085208,1.7685206714493122,0.07697389952928572,-0.0359634987723032,0.7002878566846369,1.3939789042248871,0.964675504680743,2.014332463087789,3,Middle–Late Childhood (6–12 Years),Persistent Moderate Low SES,2,Stable Higher SES,Middle-late: Persistent Moderate Low SES vs Stable Higher SES,1540,12509,1539.7660130000088
UHSES,FDSC,Food insecurity,A,H1,Hypothesis 1. The most advantaged socioeconomic class within each window will be associated with the lowest depression risk.,primary,Middle-late childhood,Stable Higher SES,Early Improvement from Mild Low SES,higher,H1: Early Improvement from Mild Low SES vs Stable Higher SES,FALSE,Two-window class history,mid_class,mid_class4,0.22966769176010784,0.1476123929425284,1.5558835351278868,0.1197357892803968,-0.05965259840724785,0.5189879819274634,1.258181836260576,0.942091760919571,1.6803262683784173,4,Middle–Late Childhood (6–12 Years),Early Improvement from Mild Low SES,2,Stable Higher SES,Middle-late: Early Improvement from Mild Low SES vs Stable Higher SES,1540,12509,1539.7660130000088
UHSES,FDSC,Food insecurity,A,H1,Hypothesis 1. The most advantaged socioeconomic class within each window will be associated with the lowest depression risk.,primary,Middle-late childhood,Stable Higher SES,Chronic Low SES,higher,H1: Chronic Low SES vs Stable Higher SES,TRUE,Two-window class history,mid_class,mid_class5,0.8251411026639464,0.20510162355601128,4.023084207515345,5.744094740974028e-5,0.4231419204941642,1.2271402848337285,2.2822027675012473,1.5267509578421157,3.4114597703294645,5,Middle–Late Childhood (6–12 Years),Chronic Low SES,2,Stable Higher SES,Middle-late: Chronic Low SES vs Stable Higher SES,1540,12509,1539.7660130000088
UHSES,GOVG,Lack of government grant receipt,A,H1,Hypothesis 1. The most advantaged socioeconomic class within each window will be associated with the lowest depression risk.,primary,Early childhood,Stable Higher SES,Chronic Low SES,higher,H1: Chronic Low SES vs Stable Higher SES,FALSE,Two-window class history,early_class,early_class1,-0.6234131359890437,0.25946139841786975,-2.402720172597774,0.01627363485071943,-1.1319574768880685,-0.11486879509001902,0.5361114899038886,0.3224015447709192,0.8914831031941514,1,Early Childhood (0–5 Years),Chronic Low SES,3,Stable Higher SES,Early: Chronic Low SES vs Stable Higher SES,1540,12509,1539.7660130000088
UHSES,GOVG,Lack of government grant receipt,A,H1,Hypothesis 1. The most advantaged socioeconomic class within each window will be associated with the lowest depression risk.,primary,Early childhood,Stable Higher SES,Improving from Low SES,higher,H1: Improving from Low SES vs Stable Higher SES,FALSE,Two-window class history,early_class,early_class2,-0.37955641256225414,0.23317616001835056,-1.6277668031430987,0.10357434206988156,-0.8365816861982213,0.07746886107371298,0.6841648288342327,0.43318877058659416,1.0805485848119547,2,Early Childhood (0–5 Years),Improving from Low SES,3,Stable Higher SES,Early: Improving from Low SES vs Stable Higher SES,1540,12509,1539.7660130000088
UHSES,GOVG,Lack of government grant receipt,A,H1,Hypothesis 1. The most advantaged socioeconomic class within each window will be associated with the lowest depression risk.,primary,Early childhood,Stable Higher SES,Late Improvement from Chronic Low SES,higher,H1: Late Improvement from Chronic Low SES vs Stable Higher SES,FALSE,Two-window class history,early_class,early_class4,-0.6598362616300819,0.24943809172136797,-2.645290689471537,0.00816207658715255,-1.148734921403963,-0.17093760185620072,0.5169359698155348,0.3170375932621132,0.8428741656141675,4,Early Childhood (0–5 Years),Late Improvement from Chronic Low SES,3,Stable Higher SES,Early: Late Improvement from Chronic Low SES vs Stable Higher SES,1540,12509,1539.7660130000088
UHSES,GOVG,Lack of government grant receipt,A,H1,Hypothesis 1. The most advantaged socioeconomic class within each window will be associated with the lowest depression risk.,primary,Middle-late childhood,Stable Higher SES,Late Improvement from Chronic Low SES,higher,H1: Late Improvement from Chronic Low SES vs Stable Higher SES,FALSE,Two-window class history,mid_class,mid_class1,-0.42848869858946376,0.1812838549978236,-2.363634084207929,0.01809667674415333,-0.783805054385198,-0.07317234279372953,0.6514929533019036,0.456665065798387,0.9294406338264196,1,Middle–Late Childhood (6–12 Years),Late Improvement from Chronic Low SES,2,Stable Higher SES,Middle-late: Late Improvement from Chronic Low SES vs Stable Higher SES,1540,12509,1539.7660130000088
UHSES,GOVG,Lack of government grant receipt,A,H1,Hypothesis 1. The most advantaged socioeconomic class within each window will be associated with the lowest depression risk.,primary,Middle-late childhood,Stable Higher SES,Persistent Moderate Low SES,higher,H1: Persistent Moderate Low SES vs Stable Higher SES,FALSE,Two-window class history,mid_class,mid_class3,-0.2294423561205765,0.17221862965279508,-1.3322737301019554,0.18277025623755624,-0.5669908702400548,0.10810615799890184,0.7949767928634773,0.567229741074614,1.114166016743413,3,Middle–Late Childhood (6–12 Years),Persistent Moderate Low SES,2,Stable Higher SES,Middle-late: Persistent Moderate Low SES vs Stable Higher SES,1540,12509,1539.7660130000088
UHSES,GOVG,Lack of government grant receipt,A,H1,Hypothesis 1. The most advantaged socioeconomic class within each window will be associated with the lowest depression risk.,primary,Middle-late childhood,Stable Higher SES,Early Improvement from Mild Low SES,higher,H1: Early Improvement from Mild Low SES vs Stable Higher SES,FALSE,Two-window class history,mid_class,mid_class4,-0.42409752616740626,0.13331143803137374,-3.181253855108805,0.00146639074435351,-0.6853879447088989,-0.16280710762591372,0.654360061567924,0.5038947083656158,0.8497550838825111,4,Middle–Late Childhood (6–12 Years),Early Improvement from Mild Low SES,2,Stable Higher SES,Middle-late: Early Improvement from Mild Low SES vs Stable Higher SES,1540,12509,1539.7660130000088
UHSES,GOVG,Lack of government grant receipt,A,H1,Hypothesis 1. The most advantaged socioeconomic class within each window will be associated with the lowest depression risk.,primary,Middle-late childhood,Stable Higher SES,Chronic Low SES,higher,H1: Chronic Low SES vs Stable Higher SES,FALSE,Two-window class history,mid_class,mid_class5,-0.46182213929255944,0.18922600384179616,-2.4405849614552415,0.0146634962673986,-0.8327051068224798,-0.09093917176263903,0.6301344061267877,0.434871320402316,0.91307324984645,5,Middle–Late Childhood (6–12 Years),Chronic Low SES,2,Stable Higher SES,Middle-late: Chronic Low SES vs Stable Higher SES,1540,12509,1539.7660130000088
UHSES,VLNC,Violence exposure,A,H1,Hypothesis 1. The most advantaged socioeconomic class within each window will be associated with the lowest depression risk.,primary,Early childhood,Stable Higher SES,Chronic Low SES,higher,H1: Chronic Low SES vs Stable Higher SES,FALSE,Two-window class history,early_class,early_class1,0.37001750645978543,0.2744885647189462,1.348025214961698,0.1776502727732798,-0.16798008038934914,0.90801509330892,1.447759959592985,0.8453706739716234,2.4793962756638512,1,Early Childhood (0–5 Years),Chronic Low SES,3,Stable Higher SES,Early: Chronic Low SES vs Stable Higher SES,1540,12509,1539.7660130000088
UHSES,VLNC,Violence exposure,A,H1,Hypothesis 1. The most advantaged socioeconomic class within each window will be associated with the lowest depression risk.,primary,Early childhood,Stable Higher SES,Improving from Low SES,higher,H1: Improving from Low SES vs Stable Higher SES,FALSE,Two-window class history,early_class,early_class2,0.13179581854445094,0.25638171771623647,0.5140609077684809,0.6072094076408714,-0.37071234817937254,0.6343039852682744,1.14087534989449,0.6902424625059784,1.885709203214373,2,Early Childhood (0–5 Years),Improving from Low SES,3,Stable Higher SES,Early: Improving from Low SES vs Stable Higher SES,1540,12509,1539.7660130000088
UHSES,VLNC,Violence exposure,A,H1,Hypothesis 1. The most advantaged socioeconomic class within each window will be associated with the lowest depression risk.,primary,Early childhood,Stable Higher SES,Late Improvement from Chronic Low SES,higher,H1: Late Improvement from Chronic Low SES vs Stable Higher SES,FALSE,Two-window class history,early_class,early_class4,0.38903893448299703,0.2655536280125139,1.46501080551859,0.14291796970064363,-0.13144617642153028,0.9095240453875244,1.4755620004582897,0.8768264678059405,2.4831403899617985,4,Early Childhood (0–5 Years),Late Improvement from Chronic Low SES,3,Stable Higher SES,Early: Late Improvement from Chronic Low SES vs Stable Higher SES,1540,12509,1539.7660130000088
UHSES,VLNC,Violence exposure,A,H1,Hypothesis 1. The most advantaged socioeconomic class within each window will be associated with the lowest depression risk.,primary,Middle-late childhood,Stable Higher SES,Late Improvement from Chronic Low SES,higher,H1: Late Improvement from Chronic Low SES vs Stable Higher SES,FALSE,Two-window class history,mid_class,mid_class1,-0.14696752729761647,0.17773654107034387,-0.8268841421835156,0.4083027323723367,-0.4953311477954904,0.20139609320025748,0.8633220113598841,0.6093690826529002,1.223109141103269,1,Middle–Late Childhood (6–12 Years),Late Improvement from Chronic Low SES,2,Stable Higher SES,Middle-late: Late Improvement from Chronic Low SES vs Stable Higher SES,1540,12509,1539.7660130000088
UHSES,VLNC,Violence exposure,A,H1,Hypothesis 1. The most advantaged socioeconomic class within each window will be associated with the lowest depression risk.,primary,Middle-late childhood,Stable Higher SES,Persistent Moderate Low SES,higher,H1: Persistent Moderate Low SES vs Stable Higher SES,FALSE,Two-window class history,mid_class,mid_class3,-0.05468882563248006,0.17199387037836636,-0.3179696201508289,0.750507981498759,-0.39179681157407814,0.282419160309118,0.9467797156993544,0.6758414231652788,1.3263345502877462,3,Middle–Late Childhood (6–12 Years),Persistent Moderate Low SES,2,Stable Higher SES,Middle-late: Persistent Moderate Low SES vs Stable Higher SES,1540,12509,1539.7660130000088
UHSES,VLNC,Violence exposure,A,H1,Hypothesis 1. The most advantaged socioeconomic class within each window will be associated with the lowest depression risk.,primary,Middle-late childhood,Stable Higher SES,Early Improvement from Mild Low SES,higher,H1: Early Improvement from Mild Low SES vs Stable Higher SES,FALSE,Two-window class history,mid_class,mid_class4,-0.240341347382315,0.12803663293565945,-1.877129551689246,0.06050034001088685,-0.4912931479362075,0.01061045317157749,0.7863593935282748,0.6118346896329897,1.0106669436495683,4,Middle–Late Childhood (6–12 Years),Early Improvement from Mild Low SES,2,Stable Higher SES,Middle-late: Early Improvement from Mild Low SES vs Stable Higher SES,1540,12509,1539.7660130000088
UHSES,VLNC,Violence exposure,A,H1,Hypothesis 1. The most advantaged socioeconomic class within each window will be associated with the lowest depression risk.,primary,Middle-late childhood,Stable Higher SES,Chronic Low SES,higher,H1: Chronic Low SES vs Stable Higher SES,FALSE,Two-window class history,mid_class,mid_class5,-0.22938348963469823,0.18557011276191823,-1.236101472487606,0.21642084761989683,-0.593100910648058,0.1343339313786615,0.795023591731057,0.5526110277098493,1.1437746981423205,5,Middle–Late Childhood (6–12 Years),Chronic Low SES,2,Stable Higher SES,Middle-late: Chronic Low SES vs Stable Higher SES,1540,12509,1539.7660130000088
UHSES,SCSP,Low social support,A,H1,Hypothesis 1. The most advantaged socioeconomic class within each window will be associated with the lowest depression risk.,primary,Early childhood,Stable Higher SES,Chronic Low SES,higher,H1: Chronic Low SES vs Stable Higher SES,FALSE,Two-window class history,early_class,early_class1,0.6441025623743071,0.4311423091336675,1.493944223819183,0.1351901982341454,-0.2009363635276813,1.4891414882762954,1.9042772921037547,0.8179644822718136,4.433287855177288,1,Early Childhood (0–5 Years),Chronic Low SES,3,Stable Higher SES,Early: Chronic Low SES vs Stable Higher SES,1540,12509,1539.7660130000088
UHSES,SCSP,Low social support,A,H1,Hypothesis 1. The most advantaged socioeconomic class within each window will be associated with the lowest depression risk.,primary,Early childhood,Stable Higher SES,Improving from Low SES,higher,H1: Improving from Low SES vs Stable Higher SES,FALSE,Two-window class history,early_class,early_class2,0.2791434443979819,0.3868630666410372,0.7215562002898398,0.4705673760929443,-0.479108166218451,1.0373950550144149,1.321996963327828,0.6193354898916833,2.821856650510457,2,Early Childhood (0–5 Years),Improving from Low SES,3,Stable Higher SES,Early: Improving from Low SES vs Stable Higher SES,1540,12509,1539.7660130000088
UHSES,SCSP,Low social support,A,H1,Hypothesis 1. The most advantaged socioeconomic class within each window will be associated with the lowest depression risk.,primary,Early childhood,Stable Higher SES,Late Improvement from Chronic Low SES,higher,H1: Late Improvement from Chronic Low SES vs Stable Higher SES,FALSE,Two-window class history,early_class,early_class4,0.4570340754638874,0.4105140173383284,1.1133214851643405,0.26557038215497236,-0.34757339851923613,1.261641549447011,1.5793827015307218,0.7064001633007325,3.531213393608079,4,Early Childhood (0–5 Years),Late Improvement from Chronic Low SES,3,Stable Higher SES,Early: Late Improvement from Chronic Low SES vs Stable Higher SES,1540,12509,1539.7660130000088
UHSES,SCSP,Low social support,A,H1,Hypothesis 1. The most advantaged socioeconomic class within each window will be associated with the lowest depression risk.,primary,Middle-late childhood,Stable Higher SES,Late Improvement from Chronic Low SES,higher,H1: Late Improvement from Chronic Low SES vs Stable Higher SES,FALSE,Two-window class history,mid_class,mid_class1,-5.400654602346739e-4,0.2818475858630924,-0.00191616138410712,0.9984711253512026,-0.5529613337518957,0.5518812028314264,0.999460080348866,0.5752437967185163,1.7365166872016922,1,Middle–Late Childhood (6–12 Years),Late Improvement from Chronic Low SES,2,Stable Higher SES,Middle-late: Late Improvement from Chronic Low SES vs Stable Higher SES,1540,12509,1539.7660130000088
UHSES,SCSP,Low social support,A,H1,Hypothesis 1. The most advantaged socioeconomic class within each window will be associated with the lowest depression risk.,primary,Middle-late childhood,Stable Higher SES,Persistent Moderate Low SES,higher,H1: Persistent Moderate Low SES vs Stable Higher SES,FALSE,Two-window class history,mid_class,mid_class3,-0.2468631344003537,0.2670082836700035,-0.9245523434975252,0.3551988121483238,-0.7701993703935606,0.27647310159285315,0.7812476121373774,0.4629207664150136,1.3184714874579,3,Middle–Late Childhood (6–12 Years),Persistent Moderate Low SES,2,Stable Higher SES,Middle-late: Persistent Moderate Low SES vs Stable Higher SES,1540,12509,1539.7660130000088
UHSES,SCSP,Low social support,A,H1,Hypothesis 1. The most advantaged socioeconomic class within each window will be associated with the lowest depression risk.,primary,Middle-late childhood,Stable Higher SES,Early Improvement from Mild Low SES,higher,H1: Early Improvement from Mild Low SES vs Stable Higher SES,FALSE,Two-window class history,mid_class,mid_class4,-0.15898568774643593,0.20769889346963505,-0.7654623724304009,0.4439962642968601,-0.5660755189469205,0.24810414345404871,0.8530085673566749,0.5677491932559544,1.281593394807093,4,Middle–Late Childhood (6–12 Years),Early Improvement from Mild Low SES,2,Stable Higher SES,Middle-late: Early Improvement from Mild Low SES vs Stable Higher SES,1540,12509,1539.7660130000088
UHSES,SCSP,Low social support,A,H1,Hypothesis 1. The most advantaged socioeconomic class within each window will be associated with the lowest depression risk.,primary,Middle-late childhood,Stable Higher SES,Chronic Low SES,higher,H1: Chronic Low SES vs Stable Higher SES,FALSE,Two-window class history,mid_class,mid_class5,0.1736659332821786,0.29642787392184633,0.5858623583015877,0.557968014495435,-0.40733269960464014,0.7546645661689974,1.1896580742615108,0.6654227675782456,2.126897970152766,5,Middle–Late Childhood (6–12 Years),Chronic Low SES,2,Stable Higher SES,Middle-late: Chronic Low SES vs Stable Higher SES,1540,12509,1539.7660130000088
UHSES,SCHL,School disengagement,A,H1,Hypothesis 1. The most advantaged socioeconomic class within each window will be associated with the lowest depression risk.,primary,Early childhood,Stable Higher SES,Chronic Low SES,higher,H1: Chronic Low SES vs Stable Higher SES,FALSE,Two-window class history,early_class,early_class1,0.32684661438749624,0.6227920263946816,0.5248086046952116,0.599716249231102,-0.8938257573460797,1.547518986121072,1.38658877809921,0.4090876849256213,4.699795448255122,1,Early Childhood (0–5 Years),Chronic Low SES,3,Stable Higher SES,Early: Chronic Low SES vs Stable Higher SES,1540,12509,1539.7660130000088
UHSES,SCHL,School disengagement,A,H1,Hypothesis 1. The most advantaged socioeconomic class within each window will be associated with the lowest depression risk.,primary,Early childhood,Stable Higher SES,Improving from Low SES,higher,H1: Improving from Low SES vs Stable Higher SES,FALSE,Two-window class history,early_class,early_class2,0.09684114661736903,0.5751657441312277,0.16837085241167307,0.8662915371388725,-1.0304837118798371,1.2241660051145753,1.101685353275129,0.3568343138201436,3.401328209239139,2,Early Childhood (0–5 Years),Improving from Low SES,3,Stable Higher SES,Early: Improving from Low SES vs Stable Higher SES,1540,12509,1539.7660130000088
UHSES,SCHL,School disengagement,A,H1,Hypothesis 1. The most advantaged socioeconomic class within each window will be associated with the lowest depression risk.,primary,Early childhood,Stable Higher SES,Late Improvement from Chronic Low SES,higher,H1: Late Improvement from Chronic Low SES vs Stable Higher SES,FALSE,Two-window class history,early_class,early_class4,0.22438998702709337,0.5983591467042929,0.37500886927694305,0.7076538704939015,-0.9483939405133208,1.3971739145675075,1.251559016045902,0.3873626515963752,4.043755804000295,4,Early Childhood (0–5 Years),Late Improvement from Chronic Low SES,3,Stable Higher SES,Early: Late Improvement from Chronic Low SES vs Stable Higher SES,1540,12509,1539.7660130000088
UHSES,SCHL,School disengagement,A,H1,Hypothesis 1. The most advantaged socioeconomic class within each window will be associated with the lowest depression risk.,primary,Middle-late childhood,Stable Higher SES,Late Improvement from Chronic Low SES,higher,H1: Late Improvement from Chronic Low SES vs Stable Higher SES,FALSE,Two-window class history,mid_class,mid_class1,0.0702860378022859,0.3974842680430875,0.1768272192213324,0.8596441081001034,-0.7087831275621657,0.8493552031667375,1.072815003016535,0.4922428298898579,2.338138741309643,1,Middle–Late Childhood (6–12 Years),Late Improvement from Chronic Low SES,2,Stable Higher SES,Middle-late: Late Improvement from Chronic Low SES vs Stable Higher SES,1540,12509,1539.7660130000088
UHSES,SCHL,School disengagement,A,H1,Hypothesis 1. The most advantaged socioeconomic class within each window will be associated with the lowest depression risk.,primary,Middle-late childhood,Stable Higher SES,Persistent Moderate Low SES,higher,H1: Persistent Moderate Low SES vs Stable Higher SES,FALSE,Two-window class history,mid_class,mid_class3,0.07993442247750114,0.37407805672842054,0.2136838048630403,0.8307936415012888,-0.653258568710203,0.8131274136652054,1.0832160307221446,0.5203474233310396,2.2549491293761257,3,Middle–Late Childhood (6–12 Years),Persistent Moderate Low SES,2,Stable Higher SES,Middle-late: Persistent Moderate Low SES vs Stable Higher SES,1540,12509,1539.7660130000088
UHSES,SCHL,School disengagement,A,H1,Hypothesis 1. The most advantaged socioeconomic class within each window will be associated with the lowest depression risk.,primary,Middle-late childhood,Stable Higher SES,Early Improvement from Mild Low SES,higher,H1: Early Improvement from Mild Low SES vs Stable Higher SES,FALSE,Two-window class history,mid_class,mid_class4,-0.02856499978753203,0.28685391041707886,-0.09958030464356994,0.9206775307101448,-0.5907986642050066,0.5336686646299426,0.9718391227566008,0.553884740120126,1.7051765685320803,4,Middle–Late Childhood (6–12 Years),Early Improvement from Mild Low SES,2,Stable Higher SES,Middle-late: Early Improvement from Mild Low SES vs Stable Higher SES,1540,12509,1539.7660130000088
UHSES,SCHL,School disengagement,A,H1,Hypothesis 1. The most advantaged socioeconomic class within each window will be associated with the lowest depression risk.,primary,Middle-late childhood,Stable Higher SES,Chronic Low SES,higher,H1: Chronic Low SES vs Stable Higher SES,FALSE,Two-window class history,mid_class,mid_class5,-0.09268169166106605,0.4222792120179884,-0.2194796452758322,0.8262764340536676,-0.9203489472163232,0.7349855638941912,0.9114835869517188,0.39838000323432216,2.085451886483629,5,Middle–Late Childhood (6–12 Years),Chronic Low SES,2,Stable Higher SES,Middle-late: Chronic Low SES vs Stable Higher SES,1540,12509,1539.7660130000088
JMAES,DNKA,Alcohol use,A,H1,Hypothesis 1. The lowest-adversity retained joint maternal absence and household socioeconomic status class within each window will be associated with lower pathway risk than the higher-adversity retained classes.,primary,Early childhood,"Low Maternal Absence, Improving SES","Rising Maternal Absence, Low SES",higher,"H1: Rising Maternal Absence, Low SES vs Low Maternal Absence, Improving SES",FALSE,Two-window class history,early_class,early_class1,0.0299878856124262,0.1502244261791837,0.19962057020379267,0.8417773388737714,-0.2644519896987738,0.32442776092362624,1.030442050703529,0.76762650196249,1.383238876124654,1,Early Childhood (0–5 Years),"Rising Maternal Absence, Low SES",2,"Low Maternal Absence, Improving SES","Early: Rising Maternal Absence, Low SES vs Low Maternal Absence, Improving SES",3454,31111,3453.3850280001157
JMAES,DNKA,Alcohol use,A,H1,Hypothesis 1. The lowest-adversity retained joint maternal absence and household socioeconomic status class within each window will be associated with lower pathway risk than the higher-adversity retained classes.,primary,Early childhood,"Low Maternal Absence, Improving SES","Low Maternal Absence, Low SES",higher,"H1: Low Maternal Absence, Low SES vs Low Maternal Absence, Improving SES",FALSE,Two-window class history,early_class,early_class3,-0.10822083646533256,0.1610107217208599,-0.6721343480029375,0.5014981716412374,-0.423801851038218,0.20736017810755283,0.8974293894113284,0.6545535681697988,1.230425664367114,3,Early Childhood (0–5 Years),"Low Maternal Absence, Low SES",2,"Low Maternal Absence, Improving SES","Early: Low Maternal Absence, Low SES vs Low Maternal Absence, Improving SES",3454,31111,3453.3850280001157
JMAES,DNKA,Alcohol use,A,H1,Hypothesis 1. The lowest-adversity retained joint maternal absence and household socioeconomic status class within each window will be associated with lower pathway risk than the higher-adversity retained classes.,primary,Early childhood,"Low Maternal Absence, Improving SES","High Maternal Absence, Low SES",higher,"H1: High Maternal Absence, Low SES vs Low Maternal Absence, Improving SES",FALSE,Two-window class history,early_class,early_class4,-0.21565627107505825,0.14475015315807677,-1.489851764367719,0.13626321684968265,-0.4993665712648887,0.06805402911477224,0.8060123040066757,0.6069149753666607,1.0704231409311784,4,Early Childhood (0–5 Years),"High Maternal Absence, Low SES",2,"Low Maternal Absence, Improving SES","Early: High Maternal Absence, Low SES vs Low Maternal Absence, Improving SES",3454,31111,3453.3850280001157
JMAES,DNKA,Alcohol use,A,H1,Hypothesis 1. The lowest-adversity retained joint maternal absence and household socioeconomic status class within each window will be associated with lower pathway risk than the higher-adversity retained classes.,primary,Middle-late childhood,"Low Maternal Absence, Higher SES","Rising Maternal Absence, Improving SES",higher,"H1: Rising Maternal Absence, Improving SES vs Low Maternal Absence, Higher SES",FALSE,Two-window class history,mid_class,mid_class1,0.20943273932332077,0.1550339143228694,1.3508833872771984,0.17673279062720337,-0.09443373274950326,0.5132992113961448,1.2329784413574685,0.9098880284061588,1.6707944157868229,1,Middle–Late Childhood (6–12 Years),"Rising Maternal Absence, Improving SES",6,"Low Maternal Absence, Higher SES","Middle-late: Rising Maternal Absence, Improving SES vs Low Maternal Absence, Higher SES",3454,31111,3453.3850280001157
JMAES,DNKA,Alcohol use,A,H1,Hypothesis 1. The lowest-adversity retained joint maternal absence and household socioeconomic status class within each window will be associated with lower pathway risk than the higher-adversity retained classes.,primary,Middle-late childhood,"Low Maternal Absence, Higher SES","Low Maternal Absence, Low SES",higher,"H1: Low Maternal Absence, Low SES vs Low Maternal Absence, Higher SES",FALSE,Two-window class history,mid_class,mid_class2,0.03107306785913481,0.09817424663804387,0.3165093588514849,0.7516159226922602,-0.16134845555143118,0.2234945912697008,1.0315608750775926,0.8509954853355648,1.250438876971533,2,Middle–Late Childhood (6–12 Years),"Low Maternal Absence, Low SES",6,"Low Maternal Absence, Higher SES","Middle-late: Low Maternal Absence, Low SES vs Low Maternal Absence, Higher SES",3454,31111,3453.3850280001157
JMAES,DNKA,Alcohol use,A,H1,Hypothesis 1. The lowest-adversity retained joint maternal absence and household socioeconomic status class within each window will be associated with lower pathway risk than the higher-adversity retained classes.,primary,Middle-late childhood,"Low Maternal Absence, Higher SES","High Maternal Absence, Improving SES",higher,"H1: High Maternal Absence, Improving SES vs Low Maternal Absence, Higher SES",TRUE,Two-window class history,mid_class,mid_class3,0.23006635737731992,0.1154961196883171,1.9919834363109952,0.04637287528278042,0.0036939627882184,0.4564387519664215,1.2586835300962906,1.003700793877432,1.578442737716043,3,Middle–Late Childhood (6–12 Years),"High Maternal Absence, Improving SES",6,"Low Maternal Absence, Higher SES","Middle-late: High Maternal Absence, Improving SES vs Low Maternal Absence, Higher SES",3454,31111,3453.3850280001157
JMAES,DNKA,Alcohol use,A,H1,Hypothesis 1. The lowest-adversity retained joint maternal absence and household socioeconomic status class within each window will be associated with lower pathway risk than the higher-adversity retained classes.,primary,Middle-late childhood,"Low Maternal Absence, Higher SES","High Maternal Absence, Low SES",higher,"H1: High Maternal Absence, Low SES vs Low Maternal Absence, Higher SES",FALSE,Two-window class history,mid_class,mid_class5,-0.0027967903822125,0.13802702953017684,-0.02026262820936127,0.9838338680305504,-0.2733297682613591,0.2677361874969341,0.997207116992457,0.7608418447623955,1.307002290983296,5,Middle–Late Childhood (6–12 Years),"High Maternal Absence, Low SES",6,"Low Maternal Absence, Higher SES","Middle-late: High Maternal Absence, Low SES vs Low Maternal Absence, Higher SES",3454,31111,3453.3850280001157
JMAES,DNKA,Alcohol use,A,H1,Hypothesis 1. The lowest-adversity retained joint maternal absence and household socioeconomic status class within each window will be associated with lower pathway risk than the higher-adversity retained classes.,primary,Middle-late childhood,"Low Maternal Absence, Higher SES","Low Maternal Absence, Improving SES",higher,"H1: Low Maternal Absence, Improving SES vs Low Maternal Absence, Higher SES",FALSE,Two-window class history,mid_class,mid_class7,0.14661903599098444,0.12926184854897946,1.1342792760342435,0.2566774193519481,-0.10673418716501527,0.3999722591469842,1.1579127559075937,0.8987645443928856,1.491783313725623,7,Middle–Late Childhood (6–12 Years),"Low Maternal Absence, Improving SES",6,"Low Maternal Absence, Higher SES","Middle-late: Low Maternal Absence, Improving SES vs Low Maternal Absence, Higher SES",3454,31111,3453.3850280001157
JMAES,ESXC,Ever had sexual intercourse,A,H1,Hypothesis 1. The lowest-adversity retained joint maternal absence and household socioeconomic status class within each window will be associated with lower pathway risk than the higher-adversity retained classes.,primary,Early childhood,"Low Maternal Absence, Improving SES","Rising Maternal Absence, Low SES",higher,"H1: Rising Maternal Absence, Low SES vs Low Maternal Absence, Improving SES",FALSE,Two-window class history,early_class,early_class1,0.23326145608194457,0.1913215015349225,1.2192119244860025,0.22276376717049604,-0.14172868692650353,0.6082515990903926,1.2627115797942725,0.8678566854116706,1.8372163982238836,1,Early Childhood (0–5 Years),"Rising Maternal Absence, Low SES",2,"Low Maternal Absence, Improving SES","Early: Rising Maternal Absence, Low SES vs Low Maternal Absence, Improving SES",3396,30567,3395.40302700012
JMAES,ESXC,Ever had sexual intercourse,A,H1,Hypothesis 1. The lowest-adversity retained joint maternal absence and household socioeconomic status class within each window will be associated with lower pathway risk than the higher-adversity retained classes.,primary,Early childhood,"Low Maternal Absence, Improving SES","Low Maternal Absence, Low SES",higher,"H1: Low Maternal Absence, Low SES vs Low Maternal Absence, Improving SES",FALSE,Two-window class history,early_class,early_class3,0.01806970637129053,0.20819337979156052,0.08679289605357095,0.9308361344438189,-0.3899893180201681,0.4261287307627491,1.0182339513099337,0.677064106844671,1.5313178901656035,3,Early Childhood (0–5 Years),"Low Maternal Absence, Low SES",2,"Low Maternal Absence, Improving SES","Early: Low Maternal Absence, Low SES vs Low Maternal Absence, Improving SES",3396,30567,3395.40302700012
JMAES,ESXC,Ever had sexual intercourse,A,H1,Hypothesis 1. The lowest-adversity retained joint maternal absence and household socioeconomic status class within each window will be associated with lower pathway risk than the higher-adversity retained classes.,primary,Early childhood,"Low Maternal Absence, Improving SES","High Maternal Absence, Low SES",higher,"H1: High Maternal Absence, Low SES vs Low Maternal Absence, Improving SES",FALSE,Two-window class history,early_class,early_class4,0.11364094105711148,0.18478646813742777,0.6149851891351452,0.5385645016212968,-0.2485405364922469,0.47582241860646984,1.1203497810478509,0.7799382442337336,1.609337202238555,4,Early Childhood (0–5 Years),"High Maternal Absence, Low SES",2,"Low Maternal Absence, Improving SES","Early: High Maternal Absence, Low SES vs Low Maternal Absence, Improving SES",3396,30567,3395.40302700012
JMAES,ESXC,Ever had sexual intercourse,A,H1,Hypothesis 1. The lowest-adversity retained joint maternal absence and household socioeconomic status class within each window will be associated with lower pathway risk than the higher-adversity retained classes.,primary,Middle-late childhood,"Low Maternal Absence, Higher SES","Rising Maternal Absence, Improving SES",higher,"H1: Rising Maternal Absence, Improving SES vs Low Maternal Absence, Higher SES",TRUE,Two-window class history,mid_class,mid_class1,0.5275515570106403,0.19680628415116463,2.680562560723081,0.00734985245214445,0.14181124007435753,0.913291873946923,1.6947776580062492,1.1523591087865694,2.4925140853892676,1,Middle–Late Childhood (6–12 Years),"Rising Maternal Absence, Improving SES",6,"Low Maternal Absence, Higher SES","Middle-late: Rising Maternal Absence, Improving SES vs Low Maternal Absence, Higher SES",3396,30567,3395.40302700012
JMAES,ESXC,Ever had sexual intercourse,A,H1,Hypothesis 1. The lowest-adversity retained joint maternal absence and household socioeconomic status class within each window will be associated with lower pathway risk than the higher-adversity retained classes.,primary,Middle-late childhood,"Low Maternal Absence, Higher SES","Low Maternal Absence, Low SES",higher,"H1: Low Maternal Absence, Low SES vs Low Maternal Absence, Higher SES",TRUE,Two-window class history,mid_class,mid_class2,0.2588532720007843,0.12277686777732116,2.1083228191670695,0.03500307542260691,0.01821061115723479,0.4994959328443338,1.2954437130183862,1.018377435455448,1.6478904138801294,2,Middle–Late Childhood (6–12 Years),"Low Maternal Absence, Low SES",6,"Low Maternal Absence, Higher SES","Middle-late: Low Maternal Absence, Low SES vs Low Maternal Absence, Higher SES",3396,30567,3395.40302700012
JMAES,ESXC,Ever had sexual intercourse,A,H1,Hypothesis 1. The lowest-adversity retained joint maternal absence and household socioeconomic status class within each window will be associated with lower pathway risk than the higher-adversity retained classes.,primary,Middle-late childhood,"Low Maternal Absence, Higher SES","High Maternal Absence, Improving SES",higher,"H1: High Maternal Absence, Improving SES vs Low Maternal Absence, Higher SES",FALSE,Two-window class history,mid_class,mid_class3,0.17202524130074515,0.14713826458551424,1.1691400723349368,0.24234720112894795,-0.11636575728686274,0.4604162398883531,1.187707812125634,0.8901495850516917,1.5847334770170602,3,Middle–Late Childhood (6–12 Years),"High Maternal Absence, Improving SES",6,"Low Maternal Absence, Higher SES","Middle-late: High Maternal Absence, Improving SES vs Low Maternal Absence, Higher SES",3396,30567,3395.40302700012
JMAES,ESXC,Ever had sexual intercourse,A,H1,Hypothesis 1. The lowest-adversity retained joint maternal absence and household socioeconomic status class within each window will be associated with lower pathway risk than the higher-adversity retained classes.,primary,Middle-late childhood,"Low Maternal Absence, Higher SES","High Maternal Absence, Low SES",higher,"H1: High Maternal Absence, Low SES vs Low Maternal Absence, Higher SES",TRUE,Two-window class history,mid_class,mid_class5,0.37752653099645656,0.16650377194507102,2.267375246736159,0.0233673123022821,0.05117913798411738,0.7038739240087957,1.4586721433064218,1.0525114211706958,2.0215689624455644,5,Middle–Late Childhood (6–12 Years),"High Maternal Absence, Low SES",6,"Low Maternal Absence, Higher SES","Middle-late: High Maternal Absence, Low SES vs Low Maternal Absence, Higher SES",3396,30567,3395.40302700012
JMAES,ESXC,Ever had sexual intercourse,A,H1,Hypothesis 1. The lowest-adversity retained joint maternal absence and household socioeconomic status class within each window will be associated with lower pathway risk than the higher-adversity retained classes.,primary,Middle-late childhood,"Low Maternal Absence, Higher SES","Low Maternal Absence, Improving SES",higher,"H1: Low Maternal Absence, Improving SES vs Low Maternal Absence, Higher SES",FALSE,Two-window class history,mid_class,mid_class7,0.14740064727071406,0.16598351172637396,0.8880439131430475,0.374517130437575,-0.1779270357129789,0.472728330254407,1.1588181473645482,0.8370034926238815,1.6043654662081983,7,Middle–Late Childhood (6–12 Years),"Low Maternal Absence, Improving SES",6,"Low Maternal Absence, Higher SES","Middle-late: Low Maternal Absence, Improving SES vs Low Maternal Absence, Higher SES",3396,30567,3395.40302700012
JMAES,FDSC,Food insecurity,A,H1,Hypothesis 1. The lowest-adversity retained joint maternal absence and household socioeconomic status class within each window will be associated with lower pathway risk than the higher-adversity retained classes.,primary,Early childhood,"Low Maternal Absence, Improving SES","Rising Maternal Absence, Low SES",higher,"H1: Rising Maternal Absence, Low SES vs Low Maternal Absence, Improving SES",FALSE,Two-window class history,early_class,early_class1,0.0926603713488709,0.1643214166146356,0.5638971064020022,0.5728241594367838,-0.22940960521581488,0.4147303479135567,1.0970890691069022,0.7950028294990675,1.5139624425138738,1,Early Childhood (0–5 Years),"Rising Maternal Absence, Low SES",2,"Low Maternal Absence, Improving SES","Early: Rising Maternal Absence, Low SES vs Low Maternal Absence, Improving SES",3454,31111,3453.3850280001157
JMAES,FDSC,Food insecurity,A,H1,Hypothesis 1. The lowest-adversity retained joint maternal absence and household socioeconomic status class within each window will be associated with lower pathway risk than the higher-adversity retained classes.,primary,Early childhood,"Low Maternal Absence, Improving SES","Low Maternal Absence, Low SES",higher,"H1: Low Maternal Absence, Low SES vs Low Maternal Absence, Improving SES",FALSE,Two-window class history,early_class,early_class3,0.02320141686046226,0.1769786050124967,0.13109729765823375,0.8956983388705256,-0.32367664896403125,0.37007948268495583,1.023472663438746,0.7234841439090935,1.4478496890707522,3,Early Childhood (0–5 Years),"Low Maternal Absence, Low SES",2,"Low Maternal Absence, Improving SES","Early: Low Maternal Absence, Low SES vs Low Maternal Absence, Improving SES",3454,31111,3453.3850280001157
JMAES,FDSC,Food insecurity,A,H1,Hypothesis 1. The lowest-adversity retained joint maternal absence and household socioeconomic status class within each window will be associated with lower pathway risk than the higher-adversity retained classes.,primary,Early childhood,"Low Maternal Absence, Improving SES","High Maternal Absence, Low SES",higher,"H1: High Maternal Absence, Low SES vs Low Maternal Absence, Improving SES",FALSE,Two-window class history,early_class,early_class4,0.2073156877105913,0.15822074135117176,1.3102939977411243,0.19009639721059435,-0.10279696533770535,0.517428340758888,1.2303709234586062,0.9023101551224062,1.6777076049720638,4,Early Childhood (0–5 Years),"High Maternal Absence, Low SES",2,"Low Maternal Absence, Improving SES","Early: High Maternal Absence, Low SES vs Low Maternal Absence, Improving SES",3454,31111,3453.3850280001157
JMAES,FDSC,Food insecurity,A,H1,Hypothesis 1. The lowest-adversity retained joint maternal absence and household socioeconomic status class within each window will be associated with lower pathway risk than the higher-adversity retained classes.,primary,Middle-late childhood,"Low Maternal Absence, Higher SES","Rising Maternal Absence, Improving SES",higher,"H1: Rising Maternal Absence, Improving SES vs Low Maternal Absence, Higher SES",FALSE,Two-window class history,mid_class,mid_class1,0.18448622226415232,0.15068875059343134,1.224286627486274,0.22084411975691187,-0.11086372889897306,0.47983617342727775,1.202600412059922,0.8950607115274993,1.6158096679481622,1,Middle–Late Childhood (6–12 Years),"Rising Maternal Absence, Improving SES",6,"Low Maternal Absence, Higher SES","Middle-late: Rising Maternal Absence, Improving SES vs Low Maternal Absence, Higher SES",3454,31111,3453.3850280001157
JMAES,FDSC,Food insecurity,A,H1,Hypothesis 1. The lowest-adversity retained joint maternal absence and household socioeconomic status class within each window will be associated with lower pathway risk than the higher-adversity retained classes.,primary,Middle-late childhood,"Low Maternal Absence, Higher SES","Low Maternal Absence, Low SES",higher,"H1: Low Maternal Absence, Low SES vs Low Maternal Absence, Higher SES",FALSE,Two-window class history,mid_class,mid_class2,-0.3363163873676183,0.09946126705156584,-3.3813804844578805,7.212259983019498e-4,-0.5312604707886873,-0.1413723039465493,0.7143970438562289,0.5878635176954496,0.8681660298826689,2,Middle–Late Childhood (6–12 Years),"Low Maternal Absence, Low SES",6,"Low Maternal Absence, Higher SES","Middle-late: Low Maternal Absence, Low SES vs Low Maternal Absence, Higher SES",3454,31111,3453.3850280001157
JMAES,FDSC,Food insecurity,A,H1,Hypothesis 1. The lowest-adversity retained joint maternal absence and household socioeconomic status class within each window will be associated with lower pathway risk than the higher-adversity retained classes.,primary,Middle-late childhood,"Low Maternal Absence, Higher SES","High Maternal Absence, Improving SES",higher,"H1: High Maternal Absence, Improving SES vs Low Maternal Absence, Higher SES",FALSE,Two-window class history,mid_class,mid_class3,-0.6568184382384501,0.12142300898218893,-5.409340813937466,6.32571487021657e-8,-0.8948075358435403,-0.4188293406333598,0.5184983475815564,0.408686248526043,0.657816448227455,3,Middle–Late Childhood (6–12 Years),"High Maternal Absence, Improving SES",6,"Low Maternal Absence, Higher SES","Middle-late: High Maternal Absence, Improving SES vs Low Maternal Absence, Higher SES",3454,31111,3453.3850280001157
JMAES,FDSC,Food insecurity,A,H1,Hypothesis 1. The lowest-adversity retained joint maternal absence and household socioeconomic status class within each window will be associated with lower pathway risk than the higher-adversity retained classes.,primary,Middle-late childhood,"Low Maternal Absence, Higher SES","High Maternal Absence, Low SES",higher,"H1: High Maternal Absence, Low SES vs Low Maternal Absence, Higher SES",FALSE,Two-window class history,mid_class,mid_class5,0.06354361525790037,0.13704824738270366,0.4636587221758223,0.6428922753095585,-0.2050709496121988,0.3321581801279995,1.065605961466765,0.814589519550593,1.3939733299539256,5,Middle–Late Childhood (6–12 Years),"High Maternal Absence, Low SES",6,"Low Maternal Absence, Higher SES","Middle-late: High Maternal Absence, Low SES vs Low Maternal Absence, Higher SES",3454,31111,3453.3850280001157
JMAES,FDSC,Food insecurity,A,H1,Hypothesis 1. The lowest-adversity retained joint maternal absence and household socioeconomic status class within each window will be associated with lower pathway risk than the higher-adversity retained classes.,primary,Middle-late childhood,"Low Maternal Absence, Higher SES","Low Maternal Absence, Improving SES",higher,"H1: Low Maternal Absence, Improving SES vs Low Maternal Absence, Higher SES",FALSE,Two-window class history,mid_class,mid_class7,-0.5506971278091061,0.1372273098980205,-4.013028661848379,5.994463145489949e-5,-0.8196626552092263,-0.28173160040898587,0.576547742785746,0.44058025689405017,0.7544761584522733,7,Middle–Late Childhood (6–12 Years),"Low Maternal Absence, Improving SES",6,"Low Maternal Absence, Higher SES","Middle-late: Low Maternal Absence, Improving SES vs Low Maternal Absence, Higher SES",3454,31111,3453.3850280001157
JMAES,GOVG,Lack of government grant receipt,A,H1,Hypothesis 1. The lowest-adversity retained joint maternal absence and household socioeconomic status class within each window will be associated with lower pathway risk than the higher-adversity retained classes.,primary,Early childhood,"Low Maternal Absence, Improving SES","Rising Maternal Absence, Low SES",higher,"H1: Rising Maternal Absence, Low SES vs Low Maternal Absence, Improving SES",FALSE,Two-window class history,early_class,early_class1,-0.19283655419747409,0.15881552947864885,-1.2142172420449535,0.22466477806200844,-0.5041149919756258,0.11844188358067768,0.824616743270464,0.6040399191183987,1.125741448138794,1,Early Childhood (0–5 Years),"Rising Maternal Absence, Low SES",2,"Low Maternal Absence, Improving SES","Early: Rising Maternal Absence, Low SES vs Low Maternal Absence, Improving SES",3454,31111,3453.3850280001157
JMAES,GOVG,Lack of government grant receipt,A,H1,Hypothesis 1. The lowest-adversity retained joint maternal absence and household socioeconomic status class within each window will be associated with lower pathway risk than the higher-adversity retained classes.,primary,Early childhood,"Low Maternal Absence, Improving SES","Low Maternal Absence, Low SES",higher,"H1: Low Maternal Absence, Low SES vs Low Maternal Absence, Improving SES",FALSE,Two-window class history,early_class,early_class3,-0.17588015763216974,0.16765710865123015,-1.049046825673498,0.2941565675680944,-0.5044880905885809,0.15272777532424137,0.8387184913243394,0.6038145946991341,1.16500779190322,3,Early Childhood (0–5 Years),"Low Maternal Absence, Low SES",2,"Low Maternal Absence, Improving SES","Early: Low Maternal Absence, Low SES vs Low Maternal Absence, Improving SES",3454,31111,3453.3850280001157
JMAES,GOVG,Lack of government grant receipt,A,H1,Hypothesis 1. The lowest-adversity retained joint maternal absence and household socioeconomic status class within each window will be associated with lower pathway risk than the higher-adversity retained classes.,primary,Early childhood,"Low Maternal Absence, Improving SES","High Maternal Absence, Low SES",higher,"H1: High Maternal Absence, Low SES vs Low Maternal Absence, Improving SES",FALSE,Two-window class history,early_class,early_class4,-0.34729841215611873,0.14907339072768594,-2.3297143136063276,0.01982125551936062,-0.6394822579823831,-0.05511456632985428,0.7065944404230995,0.527565496170904,0.9463767188351028,4,Early Childhood (0–5 Years),"High Maternal Absence, Low SES",2,"Low Maternal Absence, Improving SES","Early: High Maternal Absence, Low SES vs Low Maternal Absence, Improving SES",3454,31111,3453.3850280001157
JMAES,GOVG,Lack of government grant receipt,A,H1,Hypothesis 1. The lowest-adversity retained joint maternal absence and household socioeconomic status class within each window will be associated with lower pathway risk than the higher-adversity retained classes.,primary,Middle-late childhood,"Low Maternal Absence, Higher SES","Rising Maternal Absence, Improving SES",higher,"H1: Rising Maternal Absence, Improving SES vs Low Maternal Absence, Higher SES",FALSE,Two-window class history,mid_class,mid_class1,-0.01212703412169117,0.15355281508106303,-0.0789763060696029,0.937051469202464,-0.31309055168057476,0.28883648343719237,0.9879462020119684,0.7311836996582691,1.3348734367656725,1,Middle–Late Childhood (6–12 Years),"Rising Maternal Absence, Improving SES",6,"Low Maternal Absence, Higher SES","Middle-late: Rising Maternal Absence, Improving SES vs Low Maternal Absence, Higher SES",3454,31111,3453.3850280001157
JMAES,GOVG,Lack of government grant receipt,A,H1,Hypothesis 1. The lowest-adversity retained joint maternal absence and household socioeconomic status class within each window will be associated with lower pathway risk than the higher-adversity retained classes.,primary,Middle-late childhood,"Low Maternal Absence, Higher SES","Low Maternal Absence, Low SES",higher,"H1: Low Maternal Absence, Low SES vs Low Maternal Absence, Higher SES",FALSE,Two-window class history,mid_class,mid_class2,0.04026668181577234,0.09841826245121668,0.4091383124725604,0.6824381615055022,-0.15263311258861234,0.23316647622015704,1.0410883765136256,0.8584446165655923,1.2625916533183363,2,Middle–Late Childhood (6–12 Years),"Low Maternal Absence, Low SES",6,"Low Maternal Absence, Higher SES","Middle-late: Low Maternal Absence, Low SES vs Low Maternal Absence, Higher SES",3454,31111,3453.3850280001157
JMAES,GOVG,Lack of government grant receipt,A,H1,Hypothesis 1. The lowest-adversity retained joint maternal absence and household socioeconomic status class within each window will be associated with lower pathway risk than the higher-adversity retained classes.,primary,Middle-late childhood,"Low Maternal Absence, Higher SES","High Maternal Absence, Improving SES",higher,"H1: High Maternal Absence, Improving SES vs Low Maternal Absence, Higher SES",FALSE,Two-window class history,mid_class,mid_class3,0.18312789885529385,0.11838017384855228,1.546947372197438,0.12187593660121585,-0.04889724188786865,0.41515303959845634,1.2009680006909949,0.9522789790611216,1.5146025171171509,3,Middle–Late Childhood (6–12 Years),"High Maternal Absence, Improving SES",6,"Low Maternal Absence, Higher SES","Middle-late: High Maternal Absence, Improving SES vs Low Maternal Absence, Higher SES",3454,31111,3453.3850280001157
JMAES,GOVG,Lack of government grant receipt,A,H1,Hypothesis 1. The lowest-adversity retained joint maternal absence and household socioeconomic status class within each window will be associated with lower pathway risk than the higher-adversity retained classes.,primary,Middle-late childhood,"Low Maternal Absence, Higher SES","High Maternal Absence, Low SES",higher,"H1: High Maternal Absence, Low SES vs Low Maternal Absence, Higher SES",FALSE,Two-window class history,mid_class,mid_class5,-0.10364647592575384,0.14710650736307107,-0.7045675802087105,0.48107937985393345,-0.39197523035737314,0.1846822785058655,0.9015439585840402,0.6757208511173362,1.202836212491311,5,Middle–Late Childhood (6–12 Years),"High Maternal Absence, Low SES",6,"Low Maternal Absence, Higher SES","Middle-late: High Maternal Absence, Low SES vs Low Maternal Absence, Higher SES",3454,31111,3453.3850280001157
JMAES,GOVG,Lack of government grant receipt,A,H1,Hypothesis 1. The lowest-adversity retained joint maternal absence and household socioeconomic status class within each window will be associated with lower pathway risk than the higher-adversity retained classes.,primary,Middle-late childhood,"Low Maternal Absence, Higher SES","Low Maternal Absence, Improving SES",higher,"H1: Low Maternal Absence, Improving SES vs Low Maternal Absence, Higher SES",FALSE,Two-window class history,mid_class,mid_class7,-0.0988597208500043,0.12805173212878168,-0.7720295477969875,0.4400969272612949,-0.3498411158224164,0.15212167412240776,0.9058697737528728,0.7048000624014096,1.1643018932250304,7,Middle–Late Childhood (6–12 Years),"Low Maternal Absence, Improving SES",6,"Low Maternal Absence, Higher SES","Middle-late: Low Maternal Absence, Improving SES vs Low Maternal Absence, Higher SES",3454,31111,3453.3850280001157
JMAES,VLNC,Violence exposure,A,H1,Hypothesis 1. The lowest-adversity retained joint maternal absence and household socioeconomic status class within each window will be associated with lower pathway risk than the higher-adversity retained classes.,primary,Early childhood,"Low Maternal Absence, Improving SES","Rising Maternal Absence, Low SES",higher,"H1: Rising Maternal Absence, Low SES vs Low Maternal Absence, Improving SES",FALSE,Two-window class history,early_class,early_class1,0.20292722227937737,0.15121165194422587,1.3420078391460644,0.1795934539117483,-0.09344761553130534,0.49930206009006006,1.2249833135099413,0.9107857272029768,1.6475709637941836,1,Early Childhood (0–5 Years),"Rising Maternal Absence, Low SES",2,"Low Maternal Absence, Improving SES","Early: Rising Maternal Absence, Low SES vs Low Maternal Absence, Improving SES",3454,31111,3453.3850280001157
JMAES,VLNC,Violence exposure,A,H1,Hypothesis 1. The lowest-adversity retained joint maternal absence and household socioeconomic status class within each window will be associated with lower pathway risk than the higher-adversity retained classes.,primary,Early childhood,"Low Maternal Absence, Improving SES","Low Maternal Absence, Low SES",higher,"H1: Low Maternal Absence, Low SES vs Low Maternal Absence, Improving SES",FALSE,Two-window class history,early_class,early_class3,0.19473806830686777,0.16216794541769788,1.200841928442015,0.22981252407796585,-0.1231111047118201,0.5125872413255557,1.2149926997118743,0.8841654221590058,1.669605283532194,3,Early Childhood (0–5 Years),"Low Maternal Absence, Low SES",2,"Low Maternal Absence, Improving SES","Early: Low Maternal Absence, Low SES vs Low Maternal Absence, Improving SES",3454,31111,3453.3850280001157
JMAES,VLNC,Violence exposure,A,H1,Hypothesis 1. The lowest-adversity retained joint maternal absence and household socioeconomic status class within each window will be associated with lower pathway risk than the higher-adversity retained classes.,primary,Early childhood,"Low Maternal Absence, Improving SES","High Maternal Absence, Low SES",higher,"H1: High Maternal Absence, Low SES vs Low Maternal Absence, Improving SES",FALSE,Two-window class history,early_class,early_class4,0.10610111579869667,0.14432984666513746,0.7351294153652361,0.46226068129912373,-0.1767853836649727,0.3889876152623661,1.1119343049476322,0.8379596050454287,1.4754862777094664,4,Early Childhood (0–5 Years),"High Maternal Absence, Low SES",2,"Low Maternal Absence, Improving SES","Early: High Maternal Absence, Low SES vs Low Maternal Absence, Improving SES",3454,31111,3453.3850280001157
JMAES,VLNC,Violence exposure,A,H1,Hypothesis 1. The lowest-adversity retained joint maternal absence and household socioeconomic status class within each window will be associated with lower pathway risk than the higher-adversity retained classes.,primary,Middle-late childhood,"Low Maternal Absence, Higher SES","Rising Maternal Absence, Improving SES",higher,"H1: Rising Maternal Absence, Improving SES vs Low Maternal Absence, Higher SES",FALSE,Two-window class history,mid_class,mid_class1,0.02326129428082988,0.154841163545132,0.15022681145152883,0.8805856734457377,-0.28022738626762883,0.32674997482928864,1.023533948176417,0.7556119061488562,1.3864547852468885,1,Middle–Late Childhood (6–12 Years),"Rising Maternal Absence, Improving SES",6,"Low Maternal Absence, Higher SES","Middle-late: Rising Maternal Absence, Improving SES vs Low Maternal Absence, Higher SES",3454,31111,3453.3850280001157
JMAES,VLNC,Violence exposure,A,H1,Hypothesis 1. The lowest-adversity retained joint maternal absence and household socioeconomic status class within each window will be associated with lower pathway risk than the higher-adversity retained classes.,primary,Middle-late childhood,"Low Maternal Absence, Higher SES","Low Maternal Absence, Low SES",higher,"H1: Low Maternal Absence, Low SES vs Low Maternal Absence, Higher SES",FALSE,Two-window class history,mid_class,mid_class2,-0.27136768999205435,0.09734950314534356,-2.787561119720358,0.0053106435462611,-0.4621727161569278,-0.08056266382718097,0.7623361414965673,0.6299135343010954,0.9225970883078128,2,Middle–Late Childhood (6–12 Years),"Low Maternal Absence, Low SES",6,"Low Maternal Absence, Higher SES","Middle-late: Low Maternal Absence, Low SES vs Low Maternal Absence, Higher SES",3454,31111,3453.3850280001157
JMAES,VLNC,Violence exposure,A,H1,Hypothesis 1. The lowest-adversity retained joint maternal absence and household socioeconomic status class within each window will be associated with lower pathway risk than the higher-adversity retained classes.,primary,Middle-late childhood,"Low Maternal Absence, Higher SES","High Maternal Absence, Improving SES",higher,"H1: High Maternal Absence, Improving SES vs Low Maternal Absence, Higher SES",FALSE,Two-window class history,mid_class,mid_class3,-0.03804227597195,0.11205466686147696,-0.33949747063170715,0.7342350022082988,-0.2576694230204448,0.18158487107654483,0.9626722421262104,0.7728506765248725,1.19911630268267,3,Middle–Late Childhood (6–12 Years),"High Maternal Absence, Improving SES",6,"Low Maternal Absence, Higher SES","Middle-late: High Maternal Absence, Improving SES vs Low Maternal Absence, Higher SES",3454,31111,3453.3850280001157
JMAES,VLNC,Violence exposure,A,H1,Hypothesis 1. The lowest-adversity retained joint maternal absence and household socioeconomic status class within each window will be associated with lower pathway risk than the higher-adversity retained classes.,primary,Middle-late childhood,"Low Maternal Absence, Higher SES","High Maternal Absence, Low SES",higher,"H1: High Maternal Absence, Low SES vs Low Maternal Absence, Higher SES",FALSE,Two-window class history,mid_class,mid_class5,-0.09782350969088656,0.13568480275702824,-0.720961431959774,0.4709332444062167,-0.36376572309466193,0.16811870371288876,0.9068089326205584,0.6950540107728348,1.183077037950063,5,Middle–Late Childhood (6–12 Years),"High Maternal Absence, Low SES",6,"Low Maternal Absence, Higher SES","Middle-late: High Maternal Absence, Low SES vs Low Maternal Absence, Higher SES",3454,31111,3453.3850280001157
JMAES,VLNC,Violence exposure,A,H1,Hypothesis 1. The lowest-adversity retained joint maternal absence and household socioeconomic status class within each window will be associated with lower pathway risk than the higher-adversity retained classes.,primary,Middle-late childhood,"Low Maternal Absence, Higher SES","Low Maternal Absence, Improving SES",higher,"H1: Low Maternal Absence, Improving SES vs Low Maternal Absence, Higher SES",FALSE,Two-window class history,mid_class,mid_class7,-0.15612267469269756,0.12687517274068022,-1.2305218690168502,0.21850174284108925,-0.4047980132644308,0.09255266387903568,0.8554542413476813,0.66711154493399,1.096970910782466,7,Middle–Late Childhood (6–12 Years),"Low Maternal Absence, Improving SES",6,"Low Maternal Absence, Higher SES","Middle-late: Low Maternal Absence, Improving SES vs Low Maternal Absence, Higher SES",3454,31111,3453.3850280001157
JMAES,SCSP,Low social support,A,H1,Hypothesis 1. The lowest-adversity retained joint maternal absence and household socioeconomic status class within each window will be associated with lower pathway risk than the higher-adversity retained classes.,primary,Early childhood,"Low Maternal Absence, Improving SES","Rising Maternal Absence, Low SES",higher,"H1: Rising Maternal Absence, Low SES vs Low Maternal Absence, Improving SES",FALSE,Two-window class history,early_class,early_class1,-0.01021325214220497,0.24063996060314924,-0.04244204543836395,0.966146311116044,-0.4818675749243775,0.46144107063996753,0.98983872601162,0.61762884589605,1.5863583931071912,1,Early Childhood (0–5 Years),"Rising Maternal Absence, Low SES",2,"Low Maternal Absence, Improving SES","Early: Rising Maternal Absence, Low SES vs Low Maternal Absence, Improving SES",3453,31108,3452.386028000114
JMAES,SCSP,Low social support,A,H1,Hypothesis 1. The lowest-adversity retained joint maternal absence and household socioeconomic status class within each window will be associated with lower pathway risk than the higher-adversity retained classes.,primary,Early childhood,"Low Maternal Absence, Improving SES","Low Maternal Absence, Low SES",higher,"H1: Low Maternal Absence, Low SES vs Low Maternal Absence, Improving SES",FALSE,Two-window class history,early_class,early_class3,0.28435478201276543,0.24421673435158697,1.1643542067981043,0.2442804973685854,-0.194310017316345,0.7630195813418759,1.3289043184767897,0.8234025956326031,2.144742677559195,3,Early Childhood (0–5 Years),"Low Maternal Absence, Low SES",2,"Low Maternal Absence, Improving SES","Early: Low Maternal Absence, Low SES vs Low Maternal Absence, Improving SES",3453,31108,3452.386028000114
JMAES,SCSP,Low social support,A,H1,Hypothesis 1. The lowest-adversity retained joint maternal absence and household socioeconomic status class within each window will be associated with lower pathway risk than the higher-adversity retained classes.,primary,Early childhood,"Low Maternal Absence, Improving SES","High Maternal Absence, Low SES",higher,"H1: High Maternal Absence, Low SES vs Low Maternal Absence, Improving SES",FALSE,Two-window class history,early_class,early_class4,0.17201336173582427,0.22116718746439928,0.7777526300709178,0.43671485870377336,-0.2614743256943983,0.6055010491660469,1.1876937027573795,0.7699156422200765,1.8321699861844312,4,Early Childhood (0–5 Years),"High Maternal Absence, Low SES",2,"Low Maternal Absence, Improving SES","Early: High Maternal Absence, Low SES vs Low Maternal Absence, Improving SES",3453,31108,3452.386028000114
JMAES,SCSP,Low social support,A,H1,Hypothesis 1. The lowest-adversity retained joint maternal absence and household socioeconomic status class within each window will be associated with lower pathway risk than the higher-adversity retained classes.,primary,Middle-late childhood,"Low Maternal Absence, Higher SES","Rising Maternal Absence, Improving SES",higher,"H1: Rising Maternal Absence, Improving SES vs Low Maternal Absence, Higher SES",FALSE,Two-window class history,mid_class,mid_class1,-0.25094878247131613,0.2497372299304483,-1.004851309278978,0.3149684530282082,-0.7404337531349949,0.2385361881923626,0.7780622209625746,0.47690701074047,1.2693896421217823,1,Middle–Late Childhood (6–12 Years),"Rising Maternal Absence, Improving SES",6,"Low Maternal Absence, Higher SES","Middle-late: Rising Maternal Absence, Improving SES vs Low Maternal Absence, Higher SES",3453,31108,3452.386028000114
JMAES,SCSP,Low social support,A,H1,Hypothesis 1. The lowest-adversity retained joint maternal absence and household socioeconomic status class within each window will be associated with lower pathway risk than the higher-adversity retained classes.,primary,Middle-late childhood,"Low Maternal Absence, Higher SES","Low Maternal Absence, Low SES",higher,"H1: Low Maternal Absence, Low SES vs Low Maternal Absence, Higher SES",FALSE,Two-window class history,mid_class,mid_class2,-0.26654866538423133,0.15356021522368088,-1.7357924706993133,0.0826005359047643,-0.5675266872226459,0.03442935645418321,0.766018724223548,0.5669258911575579,1.0350289076813306,2,Middle–Late Childhood (6–12 Years),"Low Maternal Absence, Low SES",6,"Low Maternal Absence, Higher SES","Middle-late: Low Maternal Absence, Low SES vs Low Maternal Absence, Higher SES",3453,31108,3452.386028000114
JMAES,SCSP,Low social support,A,H1,Hypothesis 1. The lowest-adversity retained joint maternal absence and household socioeconomic status class within each window will be associated with lower pathway risk than the higher-adversity retained classes.,primary,Middle-late childhood,"Low Maternal Absence, Higher SES","High Maternal Absence, Improving SES",higher,"H1: High Maternal Absence, Improving SES vs Low Maternal Absence, Higher SES",FALSE,Two-window class history,mid_class,mid_class3,-0.27177090101003937,0.1801560967461412,-1.5085301353580778,0.1314188999078508,-0.6248768506324762,0.08133504861239743,0.762028821126551,0.5353273496843638,1.0847342744021995,3,Middle–Late Childhood (6–12 Years),"High Maternal Absence, Improving SES",6,"Low Maternal Absence, Higher SES","Middle-late: High Maternal Absence, Improving SES vs Low Maternal Absence, Higher SES",3453,31108,3452.386028000114
JMAES,SCSP,Low social support,A,H1,Hypothesis 1. The lowest-adversity retained joint maternal absence and household socioeconomic status class within each window will be associated with lower pathway risk than the higher-adversity retained classes.,primary,Middle-late childhood,"Low Maternal Absence, Higher SES","High Maternal Absence, Low SES",higher,"H1: High Maternal Absence, Low SES vs Low Maternal Absence, Higher SES",FALSE,Two-window class history,mid_class,mid_class5,-0.05336203974956397,0.21247603831374992,-0.2511438003694686,0.8017029330126791,-0.46981507484451385,0.36309099534538586,0.94803672336599,0.6251178576117001,1.4377666833648632,5,Middle–Late Childhood (6–12 Years),"High Maternal Absence, Low SES",6,"Low Maternal Absence, Higher SES","Middle-late: High Maternal Absence, Low SES vs Low Maternal Absence, Higher SES",3453,31108,3452.386028000114
JMAES,SCSP,Low social support,A,H1,Hypothesis 1. The lowest-adversity retained joint maternal absence and household socioeconomic status class within each window will be associated with lower pathway risk than the higher-adversity retained classes.,primary,Middle-late childhood,"Low Maternal Absence, Higher SES","Low Maternal Absence, Improving SES",higher,"H1: Low Maternal Absence, Improving SES vs Low Maternal Absence, Higher SES",FALSE,Two-window class history,mid_class,mid_class7,-0.10666883161712068,0.1895117360172076,-0.5628613502196781,0.5735293003003084,-0.4781118342108475,0.2647741709766062,0.8988232855616223,0.6199528611660169,1.3031366564682196,7,Middle–Late Childhood (6–12 Years),"Low Maternal Absence, Improving SES",6,"Low Maternal Absence, Higher SES","Middle-late: Low Maternal Absence, Improving SES vs Low Maternal Absence, Higher SES",3453,31108,3452.386028000114
JMAES,SCHL,School disengagement,A,H1,Hypothesis 1. The lowest-adversity retained joint maternal absence and household socioeconomic status class within each window will be associated with lower pathway risk than the higher-adversity retained classes.,primary,Early childhood,"Low Maternal Absence, Improving SES","Rising Maternal Absence, Low SES",higher,"H1: Rising Maternal Absence, Low SES vs Low Maternal Absence, Improving SES",FALSE,Two-window class history,early_class,early_class1,-0.32040823968993826,0.2012836409329596,-1.5918245427439122,0.11142413395346228,-0.7149241759185391,0.07410769653866256,0.7258526547175839,0.48922920574515594,1.0769227801069,1,Early Childhood (0–5 Years),"Rising Maternal Absence, Low SES",2,"Low Maternal Absence, Improving SES","Early: Rising Maternal Absence, Low SES vs Low Maternal Absence, Improving SES",3454,31111,3453.3850280001157
JMAES,SCHL,School disengagement,A,H1,Hypothesis 1. The lowest-adversity retained joint maternal absence and household socioeconomic status class within each window will be associated with lower pathway risk than the higher-adversity retained classes.,primary,Early childhood,"Low Maternal Absence, Improving SES","Low Maternal Absence, Low SES",higher,"H1: Low Maternal Absence, Low SES vs Low Maternal Absence, Improving SES",FALSE,Two-window class history,early_class,early_class3,-0.5485057304501416,0.210660972876938,-2.603736814462367,0.00922135375805245,-0.96140123728894,-0.13561022361134317,0.5778125733536201,0.3823567379086711,0.8731829122500766,3,Early Childhood (0–5 Years),"Low Maternal Absence, Low SES",2,"Low Maternal Absence, Improving SES","Early: Low Maternal Absence, Low SES vs Low Maternal Absence, Improving SES",3454,31111,3453.3850280001157
JMAES,SCHL,School disengagement,A,H1,Hypothesis 1. The lowest-adversity retained joint maternal absence and household socioeconomic status class within each window will be associated with lower pathway risk than the higher-adversity retained classes.,primary,Early childhood,"Low Maternal Absence, Improving SES","High Maternal Absence, Low SES",higher,"H1: High Maternal Absence, Low SES vs Low Maternal Absence, Improving SES",FALSE,Two-window class history,early_class,early_class4,-0.10455829216420494,0.1978636837475949,-0.5284359928201119,0.5971967615168734,-0.4923711123094909,0.28325452798108103,0.9007222908248572,0.6111755089856842,1.3274429902062417,4,Early Childhood (0–5 Years),"High Maternal Absence, Low SES",2,"Low Maternal Absence, Improving SES","Early: High Maternal Absence, Low SES vs Low Maternal Absence, Improving SES",3454,31111,3453.3850280001157
JMAES,SCHL,School disengagement,A,H1,Hypothesis 1. The lowest-adversity retained joint maternal absence and household socioeconomic status class within each window will be associated with lower pathway risk than the higher-adversity retained classes.,primary,Middle-late childhood,"Low Maternal Absence, Higher SES","Rising Maternal Absence, Improving SES",higher,"H1: Rising Maternal Absence, Improving SES vs Low Maternal Absence, Higher SES",FALSE,Two-window class history,mid_class,mid_class1,-0.03058506718275763,0.22225268843619408,-0.1376139357321575,0.8905455412003221,-0.46620033651769793,0.4050302021521827,0.969877923775292,0.6273815840147984,1.499347782902858,1,Middle–Late Childhood (6–12 Years),"Rising Maternal Absence, Improving SES",6,"Low Maternal Absence, Higher SES","Middle-late: Rising Maternal Absence, Improving SES vs Low Maternal Absence, Higher SES",3454,31111,3453.3850280001157
JMAES,SCHL,School disengagement,A,H1,Hypothesis 1. The lowest-adversity retained joint maternal absence and household socioeconomic status class within each window will be associated with lower pathway risk than the higher-adversity retained classes.,primary,Middle-late childhood,"Low Maternal Absence, Higher SES","Low Maternal Absence, Low SES",higher,"H1: Low Maternal Absence, Low SES vs Low Maternal Absence, Higher SES",FALSE,Two-window class history,mid_class,mid_class2,0.06729011016347206,0.1415367543904998,0.47542499086716866,0.6344840853542764,-0.2101219284419075,0.34470214876885164,1.0696057366629677,0.8104854187210899,1.4115694193580932,2,Middle–Late Childhood (6–12 Years),"Low Maternal Absence, Low SES",6,"Low Maternal Absence, Higher SES","Middle-late: Low Maternal Absence, Low SES vs Low Maternal Absence, Higher SES",3454,31111,3453.3850280001157
JMAES,SCHL,School disengagement,A,H1,Hypothesis 1. The lowest-adversity retained joint maternal absence and household socioeconomic status class within each window will be associated with lower pathway risk than the higher-adversity retained classes.,primary,Middle-late childhood,"Low Maternal Absence, Higher SES","High Maternal Absence, Improving SES",higher,"H1: High Maternal Absence, Improving SES vs Low Maternal Absence, Higher SES",FALSE,Two-window class history,mid_class,mid_class3,0.03471169190274015,0.169862528623713,0.2043516729910163,0.8380786926070547,-0.29821886419973737,0.36764224800521766,1.0353211742889208,0.7421388943364774,1.4443252363013963,3,Middle–Late Childhood (6–12 Years),"High Maternal Absence, Improving SES",6,"Low Maternal Absence, Higher SES","Middle-late: High Maternal Absence, Improving SES vs Low Maternal Absence, Higher SES",3454,31111,3453.3850280001157
JMAES,SCHL,School disengagement,A,H1,Hypothesis 1. The lowest-adversity retained joint maternal absence and household socioeconomic status class within each window will be associated with lower pathway risk than the higher-adversity retained classes.,primary,Middle-late childhood,"Low Maternal Absence, Higher SES","High Maternal Absence, Low SES",higher,"H1: High Maternal Absence, Low SES vs Low Maternal Absence, Higher SES",FALSE,Two-window class history,mid_class,mid_class5,0.15979036645629371,0.2010144531399553,0.7949197879071932,0.4266601628538729,-0.2341979616980187,0.5537786946106061,1.1732648895332296,0.7912051720720121,1.7398148414607857,5,Middle–Late Childhood (6–12 Years),"High Maternal Absence, Low SES",6,"Low Maternal Absence, Higher SES","Middle-late: High Maternal Absence, Low SES vs Low Maternal Absence, Higher SES",3454,31111,3453.3850280001157
JMAES,SCHL,School disengagement,A,H1,Hypothesis 1. The lowest-adversity retained joint maternal absence and household socioeconomic status class within each window will be associated with lower pathway risk than the higher-adversity retained classes.,primary,Middle-late childhood,"Low Maternal Absence, Higher SES","Low Maternal Absence, Improving SES",higher,"H1: Low Maternal Absence, Improving SES vs Low Maternal Absence, Higher SES",FALSE,Two-window class history,mid_class,mid_class7,0.00732665886663662,0.1936370642689431,0.03783706850905677,0.9698175891256892,-0.3722019871004918,0.386855304833765,1.00735356450104,0.6892150159210255,1.472343434881327,7,Middle–Late Childhood (6–12 Years),"Low Maternal Absence, Improving SES",6,"Low Maternal Absence, Higher SES","Middle-late: Low Maternal Absence, Improving SES vs Low Maternal Absence, Higher SES",3454,31111,3453.3850280001157
