"model_code","response","response_label","effect_group","effect_type","term","estimate","std.error","statistic","p.value","conf.low","conf.high","odds_ratio","or_conf.low","or_conf.high","class","window","class_label","benchmark_class","benchmark_label","term_label","n_subjects","n_pseudo_rows","total_weight"
"ULWOM","DNKA","Alcohol use","Intercept","intercept","(Intercept)",-4.75523297281606,0.292308889978344,-16.2678356213126,1.66955598622932e-59,-5.32815839717362,-4.18230754845851,0.00860653936997906,0.00485299908465361,0.0152632462184539,,,,,,"Intercept",3267,15645,3266.694001
"ULWOM","DNKA","Alcohol use","Two-window class history","early_class","early_class1",0.130893724586926,0.13201121509928,0.991534882005943,0.321424468315859,-0.127848257007663,0.389635706181515,1.13984663720257,0.879986900859449,1.47644283690256,1,"Early Childhood (0–5 Years)","Late-Onset Maternal Absence",2,"Stable Low Maternal Absence","Early: Late-Onset Maternal Absence vs Stable Low Maternal Absence",3267,15645,3266.694001
"ULWOM","DNKA","Alcohol use","Two-window class history","early_class","early_class3",0.219581909247754,0.129616659869175,1.69408708316804,0.0902487364476626,-0.0344667440958277,0.473630562591337,1.24555586632159,0.966120468361969,1.60581362980384,3,"Early Childhood (0–5 Years)","Stable High Maternal Absence",2,"Stable Low Maternal Absence","Early: Stable High Maternal Absence vs Stable Low Maternal Absence",3267,15645,3266.694001
"ULWOM","DNKA","Alcohol use","Two-window class history","early_class","early_class4",0.0559083638530971,0.111833310080918,0.499925861200425,0.617127281820909,-0.163284923905502,0.275101651611696,1.05750077400019,0.849349154057431,1.31666450913469,4,"Early Childhood (0–5 Years)","Early Peak, Declining Maternal Absence",2,"Stable Low Maternal Absence","Early: Early Peak, Declining Maternal Absence vs Stable Low Maternal Absence",3267,15645,3266.694001
"ULWOM","DNKA","Alcohol use","Two-window class history","mid_class","mid_class1",0.327896928895744,0.147742517299899,2.21938095335247,0.0264608183313394,0.0383215949879413,0.617472262803547,1.38804589749269,1.03906533735709,1.85423509405756,1,"Middle–Late Childhood (6–12 Years)","Late-Onset Maternal Absence",5,"Stable Low Maternal Absence","Middle-late: Late-Onset Maternal Absence vs Stable Low Maternal Absence",3267,15645,3266.694001
"ULWOM","DNKA","Alcohol use","Two-window class history","mid_class","mid_class2",0.122720861092505,0.156982710957584,0.781747622677151,0.434362908200346,-0.184965252384358,0.430406974569369,1.13056879116005,0.831133163246081,1.53788327559088,2,"Middle–Late Childhood (6–12 Years)","Mid-Childhood Onset Maternal Absence",5,"Stable Low Maternal Absence","Middle-late: Mid-Childhood Onset Maternal Absence vs Stable Low Maternal Absence",3267,15645,3266.694001
"ULWOM","DNKA","Alcohol use","Two-window class history","mid_class","mid_class3",0.166380278440619,0.126627695872103,1.31393276403502,0.188868831664529,-0.0818100054687037,0.414570562349942,1.18102213359459,0.921447011959392,1.51372055249749,3,"Middle–Late Childhood (6–12 Years)","Declining Maternal Absence",5,"Stable Low Maternal Absence","Middle-late: Declining Maternal Absence vs Stable Low Maternal Absence",3267,15645,3266.694001
"ULWOM","DNKA","Alcohol use","Two-window class history","mid_class","mid_class4",0.0455305951203121,0.11357291924227,0.400893059930843,0.688498859727144,-0.177072326594537,0.268133516835161,1.04658302445767,0.837719192955425,1.30752170452092,4,"Middle–Late Childhood (6–12 Years)","Stable High Maternal Absence",5,"Stable Low Maternal Absence","Middle-late: Stable High Maternal Absence vs Stable Low Maternal Absence",3267,15645,3266.694001
"ULWOM","DNKA","Alcohol use","Fixed covariate","fixed_covariate","SEXMale",0.810612268537418,0.0811075796610909,9.99428502150566,1.61448073456721e-23,0.651641412401679,0.969583124673156,2.24928473143747,1.91868760335727,2.63684499458125,,,,,,"Male vs Female",3267,15645,3266.694001
"ULWOM","DNKA","Alcohol use","Fixed covariate","fixed_covariate","AGE",0.210317303651247,0.016796947244405,12.5211623630778,5.71914085760445e-36,0.177395287052213,0.24323932025028,1.23406957262054,1.19410301330919,1.27537381037788,,,,,,"Age (per year)",3267,15645,3266.694001
"ULWOM","DNKA","Alcohol use","Fixed covariate","fixed_covariate","RURALYes",-0.177880475934818,0.0856275702115079,-2.0773738586233,0.0377670670069152,-0.345710513549373,-0.0100504383202625,0.837042464228066,0.707717332033653,0.989999898557912,,,,,,"Rural vs non-rural",3267,15645,3266.694001
"ULWOM","DNKA","Alcohol use","Fixed covariate","fixed_covariate","CLYR",0.0127454521276661,0.0235844513634833,0.540417579838229,0.588909086815343,-0.0334800725447613,0.0589709768000934,1.01282702158077,0.967074182366872,1.06074445409506,,,,,,"Calendar year (per unit)",3267,15645,3266.694001
"ULWOM","ESXC","Ever had sexual intercourse","Intercept","intercept","(Intercept)",-13.9116466891706,0.499815966882431,-27.8335379638701,1.70442582547321e-170,-14.8912859842601,-12.932007394081,9.08340354183643e-07,3.41033206629073e-07,2.41936029395481e-06,,,,,,"Intercept",3211,15387,3210.69900100001
"ULWOM","ESXC","Ever had sexual intercourse","Two-window class history","early_class","early_class1",0.0175344502831586,0.169950102035726,0.10317410859496,0.917824788576845,-0.315567749706865,0.350636650273182,1.01768908122388,0.729374654447335,1.41997128598754,1,"Early Childhood (0–5 Years)","Late-Onset Maternal Absence",2,"Stable Low Maternal Absence","Early: Late-Onset Maternal Absence vs Stable Low Maternal Absence",3211,15387,3210.69900100001
"ULWOM","ESXC","Ever had sexual intercourse","Two-window class history","early_class","early_class3",0.164419887835033,0.159403346468538,1.0314707405938,0.302320122375652,-0.148010671243302,0.476850446913369,1.17870913682824,0.862421911778891,1.61099249713703,3,"Early Childhood (0–5 Years)","Stable High Maternal Absence",2,"Stable Low Maternal Absence","Early: Stable High Maternal Absence vs Stable Low Maternal Absence",3211,15387,3210.69900100001
"ULWOM","ESXC","Ever had sexual intercourse","Two-window class history","early_class","early_class4",-0.0959153424124932,0.137319008439379,-0.698485544736773,0.484873594811636,-0.365060598953676,0.17322991412869,0.908540927696174,0.69415458456189,1.18913947362315,4,"Early Childhood (0–5 Years)","Early Peak, Declining Maternal Absence",2,"Stable Low Maternal Absence","Early: Early Peak, Declining Maternal Absence vs Stable Low Maternal Absence",3211,15387,3210.69900100001
"ULWOM","ESXC","Ever had sexual intercourse","Two-window class history","mid_class","mid_class1",0.253701735227694,0.172360838448545,1.4719221460705,0.141041902494128,-0.0841255081314546,0.591528978586842,1.28878734707101,0.919315867237443,1.806748784791,1,"Middle–Late Childhood (6–12 Years)","Late-Onset Maternal Absence",5,"Stable Low Maternal Absence","Middle-late: Late-Onset Maternal Absence vs Stable Low Maternal Absence",3211,15387,3210.69900100001
"ULWOM","ESXC","Ever had sexual intercourse","Two-window class history","mid_class","mid_class2",-0.052830292058654,0.184878155410879,-0.285757351598637,0.775063975071917,-0.415191476663976,0.309530892546669,0.948540973759647,0.660213853055303,1.36278567124452,2,"Middle–Late Childhood (6–12 Years)","Mid-Childhood Onset Maternal Absence",5,"Stable Low Maternal Absence","Middle-late: Mid-Childhood Onset Maternal Absence vs Stable Low Maternal Absence",3211,15387,3210.69900100001
"ULWOM","ESXC","Ever had sexual intercourse","Two-window class history","mid_class","mid_class3",0.206629477218198,0.162464875296461,1.27184092463769,0.203429644996558,-0.111801678362866,0.525060632799262,1.22952691963665,0.894221583404375,1.69056134873852,3,"Middle–Late Childhood (6–12 Years)","Declining Maternal Absence",5,"Stable Low Maternal Absence","Middle-late: Declining Maternal Absence vs Stable Low Maternal Absence",3211,15387,3210.69900100001
"ULWOM","ESXC","Ever had sexual intercourse","Two-window class history","mid_class","mid_class4",0.0876220911574204,0.140067863038536,0.625568843963255,0.531597779704957,-0.18691092039811,0.362155102712951,1.09157552802726,0.82951762619422,1.43642171758869,4,"Middle–Late Childhood (6–12 Years)","Stable High Maternal Absence",5,"Stable Low Maternal Absence","Middle-late: Stable High Maternal Absence vs Stable Low Maternal Absence",3211,15387,3210.69900100001
"ULWOM","ESXC","Ever had sexual intercourse","Fixed covariate","fixed_covariate","SEXMale",0.0242887850773976,0.102360855742464,0.23728587360101,0.812435020433293,-0.176338492177832,0.224916062332628,1.02458616036474,0.838334165747252,1.25221760355579,,,,,,"Male vs Female",3211,15387,3210.69900100001
"ULWOM","ESXC","Ever had sexual intercourse","Fixed covariate","fixed_covariate","AGE",0.814076238356775,0.0283109363418335,28.754832709431,7.88121329229995e-182,0.758586803126782,0.869565673586769,2.25708969613902,2.13525654942535,2.38587438019473,,,,,,"Age (per year)",3211,15387,3210.69900100001
"ULWOM","ESXC","Ever had sexual intercourse","Fixed covariate","fixed_covariate","RURALYes",-0.2890645073879,0.105314139093259,-2.74478346285417,0.00605508361914093,-0.495480220010687,-0.0826487947651136,0.748963890140156,0.6092782494244,0.920674436128018,,,,,,"Rural vs non-rural",3211,15387,3210.69900100001
"ULWOM","ESXC","Ever had sexual intercourse","Fixed covariate","fixed_covariate","CLYR",-0.10386597842512,0.0287394510101661,-3.61405575869833,0.000301444189290789,-0.160195302405045,-0.0475366544451939,0.901346089149055,0.851977379485397,0.953575519710406,,,,,,"Calendar year (per unit)",3211,15387,3210.69900100001
"ULWOM","FDSC","Food insecurity","Intercept","intercept","(Intercept)",-2.35530129558834,0.271000519985705,-8.69113201595546,3.58845759484941e-18,-2.88646231476032,-1.82414027641636,0.0948649198464798,0.0557731719431604,0.161356306337579,,,,,,"Intercept",3267,15645,3266.694001
"ULWOM","FDSC","Food insecurity","Two-window class history","early_class","early_class1",-0.239636594336324,0.137631129887364,-1.74115110827355,0.081657094722096,-0.509393608915558,0.0301204202429092,0.786913778035246,0.600859824403983,1.03057862901043,1,"Early Childhood (0–5 Years)","Late-Onset Maternal Absence",2,"Stable Low Maternal Absence","Early: Late-Onset Maternal Absence vs Stable Low Maternal Absence",3267,15645,3266.694001
"ULWOM","FDSC","Food insecurity","Two-window class history","early_class","early_class3",-0.0363832093412109,0.136422916109025,-0.266694265002623,0.789704569908111,-0.3037721249149,0.231005706232478,0.964270705131129,0.738029025717252,1.25986642851945,3,"Early Childhood (0–5 Years)","Stable High Maternal Absence",2,"Stable Low Maternal Absence","Early: Stable High Maternal Absence vs Stable Low Maternal Absence",3267,15645,3266.694001
"ULWOM","FDSC","Food insecurity","Two-window class history","early_class","early_class4",-0.047323040842298,0.110814070159823,-0.427049027023787,0.669343618601748,-0.26451861835555,0.169872536670955,0.953779238170547,0.767575357743612,1.18515377804644,4,"Early Childhood (0–5 Years)","Early Peak, Declining Maternal Absence",2,"Stable Low Maternal Absence","Early: Early Peak, Declining Maternal Absence vs Stable Low Maternal Absence",3267,15645,3266.694001
"ULWOM","FDSC","Food insecurity","Two-window class history","mid_class","mid_class1",-0.0464218902131188,0.149254392107484,-0.31102528748158,0.75578139774284,-0.338960498743788,0.246116718317551,0.954639124316402,0.712510593596828,1.27904885325995,1,"Middle–Late Childhood (6–12 Years)","Late-Onset Maternal Absence",5,"Stable Low Maternal Absence","Middle-late: Late-Onset Maternal Absence vs Stable Low Maternal Absence",3267,15645,3266.694001
"ULWOM","FDSC","Food insecurity","Two-window class history","mid_class","mid_class2",0.0099267689307675,0.154309922005779,0.0643300754853322,0.948707406270262,-0.29252067820056,0.312374216062095,1.00997620273873,0.746379811084882,1.3666660257274,2,"Middle–Late Childhood (6–12 Years)","Mid-Childhood Onset Maternal Absence",5,"Stable Low Maternal Absence","Middle-late: Mid-Childhood Onset Maternal Absence vs Stable Low Maternal Absence",3267,15645,3266.694001
"ULWOM","FDSC","Food insecurity","Two-window class history","mid_class","mid_class3",0.286997206401914,0.127921596906176,2.24353989742961,0.0248620200560062,0.0362708764658091,0.537723536338019,1.33242049122314,1.03693669019814,1.71210487796712,3,"Middle–Late Childhood (6–12 Years)","Declining Maternal Absence",5,"Stable Low Maternal Absence","Middle-late: Declining Maternal Absence vs Stable Low Maternal Absence",3267,15645,3266.694001
"ULWOM","FDSC","Food insecurity","Two-window class history","mid_class","mid_class4",0.0658444112832807,0.116274204309771,0.566285632089659,0.571199625987756,-0.16205302916387,0.293741851730431,1.06806052607097,0.850396107549974,1.34143756917885,4,"Middle–Late Childhood (6–12 Years)","Stable High Maternal Absence",5,"Stable Low Maternal Absence","Middle-late: Stable High Maternal Absence vs Stable Low Maternal Absence",3267,15645,3266.694001
"ULWOM","FDSC","Food insecurity","Fixed covariate","fixed_covariate","SEXMale",-0.286045037577037,0.0826211363766168,-3.46212906432491,0.000535920090112662,-0.447982464875206,-0.124107610278868,0.751228781660858,0.638915887403508,0.8832847852463,,,,,,"Male vs Female",3267,15645,3266.694001
"ULWOM","FDSC","Food insecurity","Fixed covariate","fixed_covariate","AGE",0.0968892223148861,0.0168182817060639,5.76094657041879,8.36435166928889e-09,0.0639253901710008,0.129853054458771,1.1017383188401,1.06601286075713,1.13866104986622,,,,,,"Age (per year)",3267,15645,3266.694001
"ULWOM","FDSC","Food insecurity","Fixed covariate","fixed_covariate","RURALYes",-0.0796688718137098,0.088627795323579,-0.89891519384906,0.368697834320734,-0.253379350647925,0.094041607020505,0.923422066841686,0.77617338409216,1.09860545466594,,,,,,"Rural vs non-rural",3267,15645,3266.694001
"ULWOM","FDSC","Food insecurity","Fixed covariate","fixed_covariate","CLYR",-0.0204936387669118,0.0251943390941979,-0.813422360090063,0.415975943684996,-0.0698745433915395,0.028887265857716,0.979714928649717,0.932510802210291,1.02930854971765,,,,,,"Calendar year (per unit)",3267,15645,3266.694001
"ULWOM","GOVG","Lack of government grant receipt","Intercept","intercept","(Intercept)",-6.47449077268838,0.385637339361061,-16.7890660780296,2.9342591487336e-63,-7.23033995783606,-5.7186415875407,0.00154228411060755,0.000724274598467213,0.00328416912986658,,,,,,"Intercept",3267,15645,3266.694001
"ULWOM","GOVG","Lack of government grant receipt","Two-window class history","early_class","early_class1",0.0733368840170944,0.132675652169121,0.552753145118232,0.580432456534355,-0.186707394234384,0.333381162268572,1.07609299438893,0.829686471916101,1.39567917733872,1,"Early Childhood (0–5 Years)","Late-Onset Maternal Absence",2,"Stable Low Maternal Absence","Early: Late-Onset Maternal Absence vs Stable Low Maternal Absence",3267,15645,3266.694001
"ULWOM","GOVG","Lack of government grant receipt","Two-window class history","early_class","early_class3",0.148620260479703,0.137189803079521,1.08331856408859,0.278667048129211,-0.120271753556159,0.417512274515565,1.16023231948009,0.886679445681018,1.51818003870863,3,"Early Childhood (0–5 Years)","Stable High Maternal Absence",2,"Stable Low Maternal Absence","Early: Stable High Maternal Absence vs Stable Low Maternal Absence",3267,15645,3266.694001
"ULWOM","GOVG","Lack of government grant receipt","Two-window class history","early_class","early_class4",-0.0173227995759997,0.113765438328867,-0.152267681911653,0.878975813756029,-0.24030305870058,0.20565745954858,0.982826377486424,0.786389502769241,1.22833237839714,4,"Early Childhood (0–5 Years)","Early Peak, Declining Maternal Absence",2,"Stable Low Maternal Absence","Early: Early Peak, Declining Maternal Absence vs Stable Low Maternal Absence",3267,15645,3266.694001
"ULWOM","GOVG","Lack of government grant receipt","Two-window class history","mid_class","mid_class1",-0.150930463729433,0.155785624094896,-0.968834349166221,0.332627845438006,-0.45627028695543,0.154409359496564,0.859907491340282,0.633642548635772,1.16696849865141,1,"Middle–Late Childhood (6–12 Years)","Late-Onset Maternal Absence",5,"Stable Low Maternal Absence","Middle-late: Late-Onset Maternal Absence vs Stable Low Maternal Absence",3267,15645,3266.694001
"ULWOM","GOVG","Lack of government grant receipt","Two-window class history","mid_class","mid_class2",-0.131017659665662,0.148549487511675,-0.881979883339317,0.377787685938448,-0.422174655188545,0.160139335857221,0.87720228315522,0.655619522041972,1.17367439452706,2,"Middle–Late Childhood (6–12 Years)","Mid-Childhood Onset Maternal Absence",5,"Stable Low Maternal Absence","Middle-late: Mid-Childhood Onset Maternal Absence vs Stable Low Maternal Absence",3267,15645,3266.694001
"ULWOM","GOVG","Lack of government grant receipt","Two-window class history","mid_class","mid_class3",0.0940257544779019,0.129307206893166,0.727150146825046,0.467133981995107,-0.159416371032703,0.347467879988506,1.09858803911421,0.852641269923782,1.41547884468774,3,"Middle–Late Childhood (6–12 Years)","Declining Maternal Absence",5,"Stable Low Maternal Absence","Middle-late: Declining Maternal Absence vs Stable Low Maternal Absence",3267,15645,3266.694001
"ULWOM","GOVG","Lack of government grant receipt","Two-window class history","mid_class","mid_class4",-0.177998304847285,0.115815082792498,-1.53691816778475,0.12431334992839,-0.404995867120581,0.0489992574260103,0.836943842235192,0.666979567398905,1.050219570874,4,"Middle–Late Childhood (6–12 Years)","Stable High Maternal Absence",5,"Stable Low Maternal Absence","Middle-late: Stable High Maternal Absence vs Stable Low Maternal Absence",3267,15645,3266.694001
"ULWOM","GOVG","Lack of government grant receipt","Fixed covariate","fixed_covariate","SEXMale",0.235522490788989,0.085475000627136,2.75545468336875,0.00586106229818428,0.0679914895598025,0.403053492018175,1.26556984460145,1.07035619923759,1.49638693427983,,,,,,"Male vs Female",3267,15645,3266.694001
"ULWOM","GOVG","Lack of government grant receipt","Fixed covariate","fixed_covariate","AGE",0.412201042486571,0.0215382031305092,19.1381351540269,1.21542984149754e-81,0.369986164350773,0.454415920622369,1.51013800771249,1.44771458445359,1.57525304146782,,,,,,"Age (per year)",3267,15645,3266.694001
"ULWOM","GOVG","Lack of government grant receipt","Fixed covariate","fixed_covariate","RURALYes",-0.304451483562835,0.0896357828714755,-3.39653957169509,0.000682436891666719,-0.480137617990927,-0.128765349134743,0.737527809588236,0.618698241938153,0.879180241747635,,,,,,"Rural vs non-rural",3267,15645,3266.694001
"ULWOM","GOVG","Lack of government grant receipt","Fixed covariate","fixed_covariate","CLYR",-0.0170333234553586,0.0254915981045575,-0.668193629347754,0.504010001491435,-0.0669968557402913,0.0329302088295741,0.983110923436085,0.935198141837991,1.03347840905653,,,,,,"Calendar year (per unit)",3267,15645,3266.694001
"ULWOM","VLNC","Violence exposure","Intercept","intercept","(Intercept)",1.38873985407365,0.277416222507346,5.00597925212134,5.55787438906656e-07,0.845004057959254,1.93247565018805,4.00979394244266,2.32798726142852,6.90658738870575,,,,,,"Intercept",3267,15645,3266.694001
"ULWOM","VLNC","Violence exposure","Two-window class history","early_class","early_class1",0.152975653533861,0.131902777448099,1.1597606698923,0.246146261153579,-0.105553790264412,0.411505097332134,1.16529660774297,0.899826069662773,1.50908740010853,1,"Early Childhood (0–5 Years)","Late-Onset Maternal Absence",2,"Stable Low Maternal Absence","Early: Late-Onset Maternal Absence vs Stable Low Maternal Absence",3267,15645,3266.694001
"ULWOM","VLNC","Violence exposure","Two-window class history","early_class","early_class3",0.255822117461005,0.129825305661893,1.97051041903377,0.0487799020745445,0.00136451836369394,0.510279716558315,1.29152296812044,1.00136544974246,1.66575706962092,3,"Early Childhood (0–5 Years)","Stable High Maternal Absence",2,"Stable Low Maternal Absence","Early: Stable High Maternal Absence vs Stable Low Maternal Absence",3267,15645,3266.694001
"ULWOM","VLNC","Violence exposure","Two-window class history","early_class","early_class4",0.0201825500028444,0.107941986037739,0.186975900144992,0.851679528604492,-0.191383742631125,0.231748842636814,1.02038759478417,0.825815626677863,1.26080302909497,4,"Early Childhood (0–5 Years)","Early Peak, Declining Maternal Absence",2,"Stable Low Maternal Absence","Early: Early Peak, Declining Maternal Absence vs Stable Low Maternal Absence",3267,15645,3266.694001
"ULWOM","VLNC","Violence exposure","Two-window class history","mid_class","mid_class1",-0.0728863731210991,0.150834746962066,-0.483220044380289,0.628939504506946,-0.368522477166748,0.22274973092455,0.929706463668029,0.691755660716035,1.24950782143426,1,"Middle–Late Childhood (6–12 Years)","Late-Onset Maternal Absence",5,"Stable Low Maternal Absence","Middle-late: Late-Onset Maternal Absence vs Stable Low Maternal Absence",3267,15645,3266.694001
"ULWOM","VLNC","Violence exposure","Two-window class history","mid_class","mid_class2",-0.102914832772893,0.151125428692915,-0.680989517535231,0.495878123288082,-0.399120673011006,0.19329100746522,0.902203808406209,0.670909735770435,1.21323580282815,2,"Middle–Late Childhood (6–12 Years)","Mid-Childhood Onset Maternal Absence",5,"Stable Low Maternal Absence","Middle-late: Mid-Childhood Onset Maternal Absence vs Stable Low Maternal Absence",3267,15645,3266.694001
"ULWOM","VLNC","Violence exposure","Two-window class history","mid_class","mid_class3",0.0688399591216262,0.128231345213397,0.536841900917952,0.591376825789813,-0.182493477496632,0.320173395739884,1.07126474927697,0.8331900783957,1.37736657312718,3,"Middle–Late Childhood (6–12 Years)","Declining Maternal Absence",5,"Stable Low Maternal Absence","Middle-late: Declining Maternal Absence vs Stable Low Maternal Absence",3267,15645,3266.694001
"ULWOM","VLNC","Violence exposure","Two-window class history","mid_class","mid_class4",-0.133388517216287,0.112904119632281,-1.18143179939512,0.237431231707323,-0.354680591695558,0.0879035572629834,0.875125024913486,0.701397439600437,1.09188281278316,4,"Middle–Late Childhood (6–12 Years)","Stable High Maternal Absence",5,"Stable Low Maternal Absence","Middle-late: Stable High Maternal Absence vs Stable Low Maternal Absence",3267,15645,3266.694001
"ULWOM","VLNC","Violence exposure","Fixed covariate","fixed_covariate","SEXMale",0.508985286616181,0.0884028312112273,5.7575677118307,8.53345438824184e-09,0.335715737442176,0.682254835790187,1.66360225872043,1.39894130165205,1.97833352403808,,,,,,"Male vs Female",3267,15645,3266.694001
"ULWOM","VLNC","Violence exposure","Fixed covariate","fixed_covariate","AGE",-0.0332158164668623,0.0161739603155257,-2.05366006957355,0.0400086038217419,-0.0649167786852927,-0.00151485424843199,0.967329771366327,0.93714545060873,0.998486292564107,,,,,,"Age (per year)",3267,15645,3266.694001
"ULWOM","VLNC","Violence exposure","Fixed covariate","fixed_covariate","RURALYes",0.116138244404087,0.0876208113315938,1.3254641521701,0.185017251615724,-0.0555985458058368,0.287875034614011,1.12315113075996,0.945918802746572,1.33359064104083,,,,,,"Rural vs non-rural",3267,15645,3266.694001
"ULWOM","VLNC","Violence exposure","Fixed covariate","fixed_covariate","CLYR",-0.286680294093641,0.0279285588574711,-10.2647721837947,1.01560405541337e-24,-0.341420269454285,-0.231940318732998,0.750751710229259,0.71076013465419,0.792993448748194,,,,,,"Calendar year (per unit)",3267,15645,3266.694001
"ULWOM","SCSP","Low social support","Intercept","intercept","(Intercept)",-5.08285644290677,0.425548378490256,-11.9442505243224,6.95746892743549e-33,-5.91693126474767,-4.24878162106587,0.00620216755175612,0.00269345300178715,0.0142816237426579,,,,,,"Intercept",3266,15642,3265.694001
"ULWOM","SCSP","Low social support","Two-window class history","early_class","early_class1",0.0326763616267132,0.199125340501591,0.164099463907519,0.869652843832406,-0.357609305756404,0.422962029009831,1.03321609674821,0.699346252193686,1.52647633304817,1,"Early Childhood (0–5 Years)","Late-Onset Maternal Absence",2,"Stable Low Maternal Absence","Early: Late-Onset Maternal Absence vs Stable Low Maternal Absence",3266,15642,3265.694001
"ULWOM","SCSP","Low social support","Two-window class history","early_class","early_class3",-0.325190541062284,0.21274797272794,-1.52852474640561,0.126382304217344,-0.742176567609046,0.0917954854844794,0.722389695627749,0.47607657415802,1.09614062248721,3,"Early Childhood (0–5 Years)","Stable High Maternal Absence",2,"Stable Low Maternal Absence","Early: Stable High Maternal Absence vs Stable Low Maternal Absence",3266,15642,3265.694001
"ULWOM","SCSP","Low social support","Two-window class history","early_class","early_class4",-0.0145154594305122,0.169905103915939,-0.08543274507924,0.931917361507258,-0.347529463105753,0.318498544244728,0.985589381964043,0.706431199965791,1.37506161942919,4,"Early Childhood (0–5 Years)","Early Peak, Declining Maternal Absence",2,"Stable Low Maternal Absence","Early: Early Peak, Declining Maternal Absence vs Stable Low Maternal Absence",3266,15642,3265.694001
"ULWOM","SCSP","Low social support","Two-window class history","mid_class","mid_class1",-0.297253192931447,0.234130424636364,-1.26960515017696,0.204225313955316,-0.756148825218721,0.161642439355827,0.742855902685281,0.46947096472439,1.17543987513334,1,"Middle–Late Childhood (6–12 Years)","Late-Onset Maternal Absence",5,"Stable Low Maternal Absence","Middle-late: Late-Onset Maternal Absence vs Stable Low Maternal Absence",3266,15642,3265.694001
"ULWOM","SCSP","Low social support","Two-window class history","mid_class","mid_class2",-0.306844025196469,0.25770255259818,-1.19069067070869,0.233775041689806,-0.811941028288902,0.198252977895965,0.735765352814168,0.443995421611494,1.21927080337205,2,"Middle–Late Childhood (6–12 Years)","Mid-Childhood Onset Maternal Absence",5,"Stable Low Maternal Absence","Middle-late: Mid-Childhood Onset Maternal Absence vs Stable Low Maternal Absence",3266,15642,3265.694001
"ULWOM","SCSP","Low social support","Two-window class history","mid_class","mid_class3",0.0539202226269262,0.200376048199792,0.269095149402104,0.787856463028933,-0.338816831844667,0.446657277098519,1.05540040172489,0.712612965137926,1.56307850467676,3,"Middle–Late Childhood (6–12 Years)","Declining Maternal Absence",5,"Stable Low Maternal Absence","Middle-late: Declining Maternal Absence vs Stable Low Maternal Absence",3266,15642,3265.694001
"ULWOM","SCSP","Low social support","Two-window class history","mid_class","mid_class4",0.185610763751101,0.168374136683597,1.10237099002856,0.270300418153561,-0.144402544148749,0.51562407165095,1.20395354680098,0.865539260158339,1.67468329812041,4,"Middle–Late Childhood (6–12 Years)","Stable High Maternal Absence",5,"Stable Low Maternal Absence","Middle-late: Stable High Maternal Absence vs Stable Low Maternal Absence",3266,15642,3265.694001
"ULWOM","SCSP","Low social support","Fixed covariate","fixed_covariate","SEXMale",-0.441596381994126,0.121480725364534,-3.63511479429353,0.000277856883084112,-0.679698603708613,-0.20349416027964,0.64300911314308,0.506769707861028,0.815874968790428,,,,,,"Male vs Female",3266,15642,3265.694001
"ULWOM","SCSP","Low social support","Fixed covariate","fixed_covariate","AGE",0.0662791078927857,0.0253947571495938,2.60995242058639,0.00905548164767626,0.016505383879582,0.116052831905989,1.06852490928599,1.01664235025131,1.12305520371288,,,,,,"Age (per year)",3266,15642,3265.694001
"ULWOM","SCSP","Low social support","Fixed covariate","fixed_covariate","RURALYes",0.000517425663225975,0.135376435292464,0.00382212504050752,0.996950392865825,-0.264820387510004,0.265855238836456,1.00051755955098,0.767343762122891,1.30454619739194,,,,,,"Rural vs non-rural",3266,15642,3265.694001
"ULWOM","SCSP","Low social support","Fixed covariate","fixed_covariate","CLYR",0.264072838227895,0.0339486058596012,7.77860626501136,7.33278931154747e-15,0.197533570743077,0.330612105712714,1.30222304446545,1.21839396667391,1.39181980863397,,,,,,"Calendar year (per unit)",3266,15642,3265.694001
"ULWOM","SCHL","School disengagement","Intercept","intercept","(Intercept)",-16.5630024197797,0.630623725324294,-26.2644771432636,4.88466741117221e-152,-17.7990249214153,-15.326979918144,6.40884023620019e-08,1.86200864655638e-08,2.20585619992152e-07,,,,,,"Intercept",3267,15645,3266.694001
"ULWOM","SCHL","School disengagement","Two-window class history","early_class","early_class1",-0.128632521112509,0.190101351716983,-0.676652322304435,0.49862657347131,-0.501231170477796,0.243966128252778,0.87929702927649,0.605784376565673,1.27630109920909,1,"Early Childhood (0–5 Years)","Late-Onset Maternal Absence",2,"Stable Low Maternal Absence","Early: Late-Onset Maternal Absence vs Stable Low Maternal Absence",3267,15645,3266.694001
"ULWOM","SCHL","School disengagement","Two-window class history","early_class","early_class3",-0.345599089232,0.203338938673388,-1.69962079809571,0.0892022756890836,-0.74414340903184,0.0529452305678412,0.707796193347721,0.475141127270949,1.05437189618789,3,"Early Childhood (0–5 Years)","Stable High Maternal Absence",2,"Stable Low Maternal Absence","Early: Stable High Maternal Absence vs Stable Low Maternal Absence",3267,15645,3266.694001
"ULWOM","SCHL","School disengagement","Two-window class history","early_class","early_class4",-0.077207177246773,0.156820274851287,-0.49232905196722,0.622486745602911,-0.384574915955295,0.230160561461749,0.925698050165151,0.680739946399465,1.25880210881104,4,"Early Childhood (0–5 Years)","Early Peak, Declining Maternal Absence",2,"Stable Low Maternal Absence","Early: Early Peak, Declining Maternal Absence vs Stable Low Maternal Absence",3267,15645,3266.694001
"ULWOM","SCHL","School disengagement","Two-window class history","mid_class","mid_class1",0.0347084891314129,0.20612650270971,0.16838440799771,0.866280873583901,-0.369299456179619,0.438716434442444,1.03531785839726,0.691218389836752,1.55071549553165,1,"Middle–Late Childhood (6–12 Years)","Late-Onset Maternal Absence",5,"Stable Low Maternal Absence","Middle-late: Late-Onset Maternal Absence vs Stable Low Maternal Absence",3267,15645,3266.694001
"ULWOM","SCHL","School disengagement","Two-window class history","mid_class","mid_class2",-0.279975204460963,0.239427247115541,-1.16935398052609,0.242261042833134,-0.749252608807424,0.189302199885498,0.755802481753327,0.47271972730554,1.20840607748801,2,"Middle–Late Childhood (6–12 Years)","Mid-Childhood Onset Maternal Absence",5,"Stable Low Maternal Absence","Middle-late: Mid-Childhood Onset Maternal Absence vs Stable Low Maternal Absence",3267,15645,3266.694001
"ULWOM","SCHL","School disengagement","Two-window class history","mid_class","mid_class3",-0.149708211040632,0.184456953587023,-0.811615979388937,0.41701201930277,-0.511243840071197,0.211827417989934,0.860959158154065,0.599749122681026,1.23593456659975,3,"Middle–Late Childhood (6–12 Years)","Declining Maternal Absence",5,"Stable Low Maternal Absence","Middle-late: Declining Maternal Absence vs Stable Low Maternal Absence",3267,15645,3266.694001
"ULWOM","SCHL","School disengagement","Two-window class history","mid_class","mid_class4",0.119942604183391,0.16821213151681,0.713043721055311,0.475818703041819,-0.209753173589556,0.449638381956338,1.12743213983397,0.810784344263739,1.56774515803566,4,"Middle–Late Childhood (6–12 Years)","Stable High Maternal Absence",5,"Stable Low Maternal Absence","Middle-late: Stable High Maternal Absence vs Stable Low Maternal Absence",3267,15645,3266.694001
"ULWOM","SCHL","School disengagement","Fixed covariate","fixed_covariate","SEXMale",-0.83202435343776,0.12354914259394,-6.73435959140822,1.64653514585183e-11,-1.07418067292188,-0.589868033953638,0.435167461313625,0.341577504380961,0.554400441941691,,,,,,"Male vs Female",3267,15645,3266.694001
"ULWOM","SCHL","School disengagement","Fixed covariate","fixed_covariate","AGE",0.854891617450588,0.0338575562210367,25.2496551100583,1.142484376057e-140,0.788530807257356,0.92125242764382,2.35111954643495,2.20016158909882,2.51243506341397,,,,,,"Age (per year)",3267,15645,3266.694001
"ULWOM","SCHL","School disengagement","Fixed covariate","fixed_covariate","RURALYes",-0.377829282178084,0.12445945316503,-3.03576202988047,0.00239928646213905,-0.621769810381543,-0.133888753974626,0.685347491710398,0.536993219930061,0.874687364683876,,,,,,"Rural vs non-rural",3267,15645,3266.694001
"ULWOM","SCHL","School disengagement","Fixed covariate","fixed_covariate","CLYR",0.0190825435825597,0.0309999164318843,0.615567581431696,0.5381799529389,-0.0416772926239335,0.079842379789053,1.01926577899413,0.959179264857107,1.08311633319479,,,,,,"Calendar year (per unit)",3267,15645,3266.694001
"UHSES","DNKA","Alcohol use","Intercept","intercept","(Intercept)",-4.95401542113575,0.556264113515282,-8.90586917395967,5.29693674368382e-19,-6.0442930836257,-3.8637377586458,0.00705502308781883,0.00237135659740903,0.0209893994113072,,,,,,"Intercept",1540,12509,1539.76601300001
"UHSES","DNKA","Alcohol use","Two-window class history","early_class","early_class1",0.0479119047736215,0.275557066391604,0.173872894645831,0.861965355070022,-0.492179945353922,0.588003754901165,1.04907823246915,0.611292356715412,1.80039080441661,1,"Early Childhood (0–5 Years)","Chronic Low SES",3,"Stable Higher SES","Early: Chronic Low SES vs Stable Higher SES",1540,12509,1539.76601300001
"UHSES","DNKA","Alcohol use","Two-window class history","early_class","early_class2",0.118086620258154,0.251922543879153,0.468741774514632,0.639254223197926,-0.375681565744985,0.611854806261294,1.12534158452427,0.686821005559277,1.84384821024566,2,"Early Childhood (0–5 Years)","Improving from Low SES",3,"Stable Higher SES","Early: Improving from Low SES vs Stable Higher SES",1540,12509,1539.76601300001
"UHSES","DNKA","Alcohol use","Two-window class history","early_class","early_class4",0.159169867324621,0.264435828185217,0.60192247176557,0.547225745161763,-0.359124355918404,0.677464090567646,1.17253710550608,0.698287509767466,1.96887849855199,4,"Early Childhood (0–5 Years)","Late Improvement from Chronic Low SES",3,"Stable Higher SES","Early: Late Improvement from Chronic Low SES vs Stable Higher SES",1540,12509,1539.76601300001
"UHSES","DNKA","Alcohol use","Two-window class history","mid_class","mid_class1",-0.0169443672204711,0.184815502022431,-0.0916826079795766,0.926950216006857,-0.379182751184435,0.345294016743493,0.983198381172208,0.684420522575293,1.412405129382,1,"Middle–Late Childhood (6–12 Years)","Late Improvement from Chronic Low SES",2,"Stable Higher SES","Middle-late: Late Improvement from Chronic Low SES vs Stable Higher SES",1540,12509,1539.76601300001
"UHSES","DNKA","Alcohol use","Two-window class history","mid_class","mid_class3",0.112399088660564,0.170932224290461,0.657565237491831,0.510817538176821,-0.22262807094874,0.447426248269868,1.11895933553003,0.800412490598644,1.56428092924107,3,"Middle–Late Childhood (6–12 Years)","Persistent Moderate Low SES",2,"Stable Higher SES","Middle-late: Persistent Moderate Low SES vs Stable Higher SES",1540,12509,1539.76601300001
"UHSES","DNKA","Alcohol use","Two-window class history","mid_class","mid_class4",-0.197815289258799,0.133499474883299,-1.48176829483205,0.138401957963906,-0.459474260030065,0.063843681512466,0.820521398257038,0.631615623811221,1.06592576183471,4,"Middle–Late Childhood (6–12 Years)","Early Improvement from Mild Low SES",2,"Stable Higher SES","Middle-late: Early Improvement from Mild Low SES vs Stable Higher SES",1540,12509,1539.76601300001
"UHSES","DNKA","Alcohol use","Two-window class history","mid_class","mid_class5",-0.201187213943313,0.192256468201892,-1.04645225112552,0.295352279395685,-0.578009891619022,0.175635463732396,0.8177593212749,0.561013734480597,1.19200345095137,5,"Middle–Late Childhood (6–12 Years)","Chronic Low SES",2,"Stable Higher SES","Middle-late: Chronic Low SES vs Stable Higher SES",1540,12509,1539.76601300001
"UHSES","DNKA","Alcohol use","Fixed covariate","fixed_covariate","SEXMale",0.524278186418615,0.119546055475195,4.38557495129899,1.15679816276527e-05,0.289967917687233,0.758588455149997,1.6892390924947,1.33638461302858,2.13526007692165,,,,,,"Male vs Female",1540,12509,1539.76601300001
"UHSES","DNKA","Alcohol use","Fixed covariate","fixed_covariate","AGE",0.252947511054531,0.0435721680675832,5.8052541857039,6.42684291698757e-09,0.167546061642068,0.338348960466994,1.28781567897363,1.18239975220477,1.40262988039182,,,,,,"Age (per year)",1540,12509,1539.76601300001
"UHSES","DNKA","Alcohol use","Fixed covariate","fixed_covariate","RURALYes",-0.110960424095479,0.138609094884447,-0.800527730074152,0.423405103825712,-0.382634250068994,0.160713401878037,0.89497416764037,0.682062317916506,1.17434835454672,,,,,,"Rural vs non-rural",1540,12509,1539.76601300001
"UHSES","DNKA","Alcohol use","Fixed covariate","fixed_covariate","CLYR",-0.0293581220384666,0.0461299895843805,-0.636421605618728,0.524501662336597,-0.119772901623852,0.0610566575469192,0.971068641107473,0.887121877780711,1.06295913713832,,,,,,"Calendar year (per unit)",1540,12509,1539.76601300001
"UHSES","ESXC","Ever had sexual intercourse","Intercept","intercept","(Intercept)",-16.7915338523464,1.01099530854532,-16.6089137213773,6.00711493479293e-62,-18.7730846570953,-14.8099830475976,5.09952241692848e-08,7.02996115252811e-09,3.69918528943851e-07,,,,,,"Intercept",1523,12386,1522.76801400001
"UHSES","ESXC","Ever had sexual intercourse","Two-window class history","early_class","early_class1",-0.0274042590768244,0.42524789284294,-0.0644430214424269,0.948617475038968,-0.860890129048987,0.806081610895338,0.972967830932681,0.422785581048066,2.23911704293014,1,"Early Childhood (0–5 Years)","Chronic Low SES",3,"Stable Higher SES","Early: Chronic Low SES vs Stable Higher SES",1523,12386,1522.76801400001
"UHSES","ESXC","Ever had sexual intercourse","Two-window class history","early_class","early_class2",-0.324404758900404,0.409817314863346,-0.791583828049279,0.4286033795902,-1.12764669603256,0.478837178231754,0.722957559643987,0.323794347053761,1.61419628786665,2,"Early Childhood (0–5 Years)","Improving from Low SES",3,"Stable Higher SES","Early: Improving from Low SES vs Stable Higher SES",1523,12386,1522.76801400001
"UHSES","ESXC","Ever had sexual intercourse","Two-window class history","early_class","early_class4",-0.0538011272835084,0.416581045847517,-0.129149244354246,0.89723955689281,-0.870299977144641,0.762697722577624,0.947620543635391,0.418825892206215,2.14405248440967,4,"Early Childhood (0–5 Years)","Late Improvement from Chronic Low SES",3,"Stable Higher SES","Early: Late Improvement from Chronic Low SES vs Stable Higher SES",1523,12386,1522.76801400001
"UHSES","ESXC","Ever had sexual intercourse","Two-window class history","mid_class","mid_class1",-0.419849137104554,0.267030450456274,-1.57228936395516,0.115883458569284,-0.94322881999885,0.103530545789743,0.65714595127818,0.389368602403869,1.10907967056209,1,"Middle–Late Childhood (6–12 Years)","Late Improvement from Chronic Low SES",2,"Stable Higher SES","Middle-late: Late Improvement from Chronic Low SES vs Stable Higher SES",1523,12386,1522.76801400001
"UHSES","ESXC","Ever had sexual intercourse","Two-window class history","mid_class","mid_class3",0.0393174322283882,0.238972481874589,0.164527028049287,0.869316271347278,-0.429068632245806,0.507703496702583,1.04010059270265,0.651115240146286,1.66147123617833,3,"Middle–Late Childhood (6–12 Years)","Persistent Moderate Low SES",2,"Stable Higher SES","Middle-late: Persistent Moderate Low SES vs Stable Higher SES",1523,12386,1522.76801400001
"UHSES","ESXC","Ever had sexual intercourse","Two-window class history","mid_class","mid_class4",-0.0688375969791614,0.182901766031319,-0.376363763307643,0.706646481607118,-0.427325058400547,0.289649864442224,0.933478267459267,0.65225149793608,1.33595963915157,4,"Middle–Late Childhood (6–12 Years)","Early Improvement from Mild Low SES",2,"Stable Higher SES","Middle-late: Early Improvement from Mild Low SES vs Stable Higher SES",1523,12386,1522.76801400001
"UHSES","ESXC","Ever had sexual intercourse","Two-window class history","mid_class","mid_class5",0.252855911672662,0.254092852616973,0.995131933340228,0.319672101313483,-0.245166079456605,0.750877902801928,1.28769772125598,0.782574557891307,2.11885935289779,5,"Middle–Late Childhood (6–12 Years)","Chronic Low SES",2,"Stable Higher SES","Middle-late: Chronic Low SES vs Stable Higher SES",1523,12386,1522.76801400001
"UHSES","ESXC","Ever had sexual intercourse","Fixed covariate","fixed_covariate","SEXMale",0.0147620416435116,0.167474033565545,0.0881452564867861,0.929761226862745,-0.313487064144957,0.34301114743198,1.01487153871691,0.730893833679136,1.40918447062693,,,,,,"Male vs Female",1523,12386,1522.76801400001
"UHSES","ESXC","Ever had sexual intercourse","Fixed covariate","fixed_covariate","AGE",1.05614772328598,0.0764704480050104,13.811187861967,2.18203535543424e-43,0.906265645196161,1.2060298013758,2.87527327896767,2.47506249249832,3.3401970470655,,,,,,"Age (per year)",1523,12386,1522.76801400001
"UHSES","ESXC","Ever had sexual intercourse","Fixed covariate","fixed_covariate","RURALYes",-0.305871003039215,0.194006194087854,-1.57660431656478,0.114886598918027,-0.686123143451408,0.074381137372978,0.736481617219052,0.503524381758177,1.07721729503475,,,,,,"Rural vs non-rural",1523,12386,1522.76801400001
"UHSES","ESXC","Ever had sexual intercourse","Fixed covariate","fixed_covariate","CLYR",-0.237907942943678,0.0645733349851766,-3.68430626973645,0.000229326367543711,-0.364471679514624,-0.111344206372732,0.788275254053213,0.694563506089546,0.894630758317651,,,,,,"Calendar year (per unit)",1523,12386,1522.76801400001
"UHSES","FDSC","Food insecurity","Intercept","intercept","(Intercept)",-2.45150251099801,0.584251474504296,-4.19597145745839,2.71704465026544e-05,-3.59663540102643,-1.30636962096959,0.0861640267934132,0.0274158106488533,0.270801385680221,,,,,,"Intercept",1540,12509,1539.76601300001
"UHSES","FDSC","Food insecurity","Two-window class history","early_class","early_class1",0.225387257356261,0.313696368149214,0.718488577620549,0.472456088300235,-0.389457624216198,0.840232138928719,1.25280778129257,0.677424193354571,2.31690475814718,1,"Early Childhood (0–5 Years)","Chronic Low SES",3,"Stable Higher SES","Early: Chronic Low SES vs Stable Higher SES",1540,12509,1539.76601300001
"UHSES","FDSC","Food insecurity","Two-window class history","early_class","early_class2",0.182225326853781,0.29515786734838,0.617382584075583,0.536982406627647,-0.396284093149044,0.760734746856605,1.19988452962773,0.672815526502059,2.13984788954712,2,"Early Childhood (0–5 Years)","Improving from Low SES",3,"Stable Higher SES","Early: Improving from Low SES vs Stable Higher SES",1540,12509,1539.76601300001
"UHSES","FDSC","Food insecurity","Two-window class history","early_class","early_class4",0.218121341065083,0.306539292753038,0.711560789176908,0.476736795182764,-0.382695672730871,0.818938354861036,1.24373797495381,0.682020425119971,2.26809065149348,4,"Early Childhood (0–5 Years)","Late Improvement from Chronic Low SES",3,"Stable Higher SES","Early: Late Improvement from Chronic Low SES vs Stable Higher SES",1540,12509,1539.76601300001
"UHSES","FDSC","Food insecurity","Two-window class history","mid_class","mid_class1",0.245682311526519,0.201054468343266,1.22196891992004,0.221719380506177,-0.148384446426282,0.63974906947932,1.27849334641874,0.862099620107077,1.89600505407248,1,"Middle–Late Childhood (6–12 Years)","Late Improvement from Chronic Low SES",2,"Stable Higher SES","Middle-late: Late Improvement from Chronic Low SES vs Stable Higher SES",1540,12509,1539.76601300001
"UHSES","FDSC","Food insecurity","Two-window class history","mid_class","mid_class3",0.332162178956167,0.187819223330852,1.76852067144931,0.0769738995292857,-0.0359634987723032,0.700287856684637,1.39397890422489,0.964675504680743,2.01433246308779,3,"Middle–Late Childhood (6–12 Years)","Persistent Moderate Low SES",2,"Stable Higher SES","Middle-late: Persistent Moderate Low SES vs Stable Higher SES",1540,12509,1539.76601300001
"UHSES","FDSC","Food insecurity","Two-window class history","mid_class","mid_class4",0.229667691760108,0.147612392942528,1.55588353512789,0.119735789280397,-0.0596525984072478,0.518987981927463,1.25818183626058,0.942091760919571,1.68032626837842,4,"Middle–Late Childhood (6–12 Years)","Early Improvement from Mild Low SES",2,"Stable Higher SES","Middle-late: Early Improvement from Mild Low SES vs Stable Higher SES",1540,12509,1539.76601300001
"UHSES","FDSC","Food insecurity","Two-window class history","mid_class","mid_class5",0.825141102663946,0.205101623556011,4.02308420751535,5.74409474097403e-05,0.423141920494164,1.22714028483373,2.28220276750125,1.52675095784212,3.41145977032946,5,"Middle–Late Childhood (6–12 Years)","Chronic Low SES",2,"Stable Higher SES","Middle-late: Chronic Low SES vs Stable Higher SES",1540,12509,1539.76601300001
"UHSES","FDSC","Food insecurity","Fixed covariate","fixed_covariate","SEXMale",-0.122924654129,0.125955773526444,-0.975935049957772,0.329096651594135,-0.369797970240831,0.123948661982831,0.884330290686715,0.690873893625287,1.13195775704069,,,,,,"Male vs Female",1540,12509,1539.76601300001
"UHSES","FDSC","Food insecurity","Fixed covariate","fixed_covariate","AGE",-0.0115459772593829,0.0438431100160994,-0.263347587685801,0.792282684041653,-0.0974784728909377,0.0743865183721718,0.98852042174324,0.907121869057024,1.07722309155575,,,,,,"Age (per year)",1540,12509,1539.76601300001
"UHSES","FDSC","Food insecurity","Fixed covariate","fixed_covariate","RURALYes",-0.232441252967978,0.151561628177391,-1.53364183113634,0.125117791323708,-0.529502044195664,0.0646195382597071,0.792596310659938,0.588898141926821,1.06675308843105,,,,,,"Rural vs non-rural",1540,12509,1539.76601300001
"UHSES","FDSC","Food insecurity","Fixed covariate","fixed_covariate","CLYR",0.150835758916362,0.0485236597877298,3.10849922648463,0.00188040138168004,0.0557293857324112,0.245942132100312,1.16280566193557,1.05731152143557,1.27882556845079,,,,,,"Calendar year (per unit)",1540,12509,1539.76601300001
"UHSES","GOVG","Lack of government grant receipt","Intercept","intercept","(Intercept)",-4.84303394989069,0.577741733186924,-8.38269709750007,5.17284722952879e-17,-5.97540774693706,-3.71066015284432,0.00788310080067327,0.0025404660083207,0.0244613696975436,,,,,,"Intercept",1540,12509,1539.76601300001
"UHSES","GOVG","Lack of government grant receipt","Two-window class history","early_class","early_class1",-0.623413135989044,0.25946139841787,-2.40272017259777,0.0162736348507194,-1.13195747688807,-0.114868795090019,0.536111489903889,0.322401544770919,0.891483103194151,1,"Early Childhood (0–5 Years)","Chronic Low SES",3,"Stable Higher SES","Early: Chronic Low SES vs Stable Higher SES",1540,12509,1539.76601300001
"UHSES","GOVG","Lack of government grant receipt","Two-window class history","early_class","early_class2",-0.379556412562254,0.233176160018351,-1.6277668031431,0.103574342069882,-0.836581686198221,0.077468861073713,0.684164828834233,0.433188770586594,1.08054858481195,2,"Early Childhood (0–5 Years)","Improving from Low SES",3,"Stable Higher SES","Early: Improving from Low SES vs Stable Higher SES",1540,12509,1539.76601300001
"UHSES","GOVG","Lack of government grant receipt","Two-window class history","early_class","early_class4",-0.659836261630082,0.249438091721368,-2.64529068947154,0.00816207658715255,-1.14873492140396,-0.170937601856201,0.516935969815535,0.317037593262113,0.842874165614168,4,"Early Childhood (0–5 Years)","Late Improvement from Chronic Low SES",3,"Stable Higher SES","Early: Late Improvement from Chronic Low SES vs Stable Higher SES",1540,12509,1539.76601300001
"UHSES","GOVG","Lack of government grant receipt","Two-window class history","mid_class","mid_class1",-0.428488698589464,0.181283854997824,-2.36363408420793,0.0180966767441533,-0.783805054385198,-0.0731723427937295,0.651492953301904,0.456665065798387,0.92944063382642,1,"Middle–Late Childhood (6–12 Years)","Late Improvement from Chronic Low SES",2,"Stable Higher SES","Middle-late: Late Improvement from Chronic Low SES vs Stable Higher SES",1540,12509,1539.76601300001
"UHSES","GOVG","Lack of government grant receipt","Two-window class history","mid_class","mid_class3",-0.229442356120577,0.172218629652795,-1.33227373010196,0.182770256237556,-0.566990870240055,0.108106157998902,0.794976792863477,0.567229741074614,1.11416601674341,3,"Middle–Late Childhood (6–12 Years)","Persistent Moderate Low SES",2,"Stable Higher SES","Middle-late: Persistent Moderate Low SES vs Stable Higher SES",1540,12509,1539.76601300001
"UHSES","GOVG","Lack of government grant receipt","Two-window class history","mid_class","mid_class4",-0.424097526167406,0.133311438031374,-3.1812538551088,0.00146639074435351,-0.685387944708899,-0.162807107625914,0.654360061567924,0.503894708365616,0.849755083882511,4,"Middle–Late Childhood (6–12 Years)","Early Improvement from Mild Low SES",2,"Stable Higher SES","Middle-late: Early Improvement from Mild Low SES vs Stable Higher SES",1540,12509,1539.76601300001
"UHSES","GOVG","Lack of government grant receipt","Two-window class history","mid_class","mid_class5",-0.461822139292559,0.189226003841796,-2.44058496145524,0.0146634962673986,-0.83270510682248,-0.090939171762639,0.630134406126788,0.434871320402316,0.91307324984645,5,"Middle–Late Childhood (6–12 Years)","Chronic Low SES",2,"Stable Higher SES","Middle-late: Chronic Low SES vs Stable Higher SES",1540,12509,1539.76601300001
"UHSES","GOVG","Lack of government grant receipt","Fixed covariate","fixed_covariate","SEXMale",-0.437916061390322,0.123815962821539,-3.53683040062861,0.00040495962359318,-0.680595348520539,-0.195236774260105,0.645379952879743,0.506315468453518,0.822639855051747,,,,,,"Male vs Female",1540,12509,1539.76601300001
"UHSES","GOVG","Lack of government grant receipt","Fixed covariate","fixed_covariate","AGE",0.237884977763564,0.0459963215167866,5.17182613563449,2.3181723364453e-07,0.147732187590662,0.328037767936465,1.26856327144843,1.15920240599898,1.3882414023124,,,,,,"Age (per year)",1540,12509,1539.76601300001
"UHSES","GOVG","Lack of government grant receipt","Fixed covariate","fixed_covariate","RURALYes",-0.349087878747004,0.136121792014101,-2.56452602909343,0.0103316829719152,-0.615886591094641,-0.0822891663993663,0.705331143929202,0.540161780327059,0.921005596314597,,,,,,"Rural vs non-rural",1540,12509,1539.76601300001
"UHSES","GOVG","Lack of government grant receipt","Fixed covariate","fixed_covariate","CLYR",0.29652178756892,0.0461021318630728,6.4318454610649,1.26063878558717e-10,0.206161609117298,0.386881966020543,1.34517186770276,1.22895179776284,1.47238268982794,,,,,,"Calendar year (per unit)",1540,12509,1539.76601300001
"UHSES","VLNC","Violence exposure","Intercept","intercept","(Intercept)",1.35234909675067,0.55317083756919,2.44472232609609,0.014496370256874,0.26813425511506,2.43656393838629,3.86649764794582,1.30752266983827,11.4336863187387,,,,,,"Intercept",1540,12509,1539.76601300001
"UHSES","VLNC","Violence exposure","Two-window class history","early_class","early_class1",0.370017506459785,0.274488564718946,1.3480252149617,0.17765027277328,-0.167980080389349,0.90801509330892,1.44775995959299,0.845370673971623,2.47939627566385,1,"Early Childhood (0–5 Years)","Chronic Low SES",3,"Stable Higher SES","Early: Chronic Low SES vs Stable Higher SES",1540,12509,1539.76601300001
"UHSES","VLNC","Violence exposure","Two-window class history","early_class","early_class2",0.131795818544451,0.256381717716236,0.514060907768481,0.607209407640871,-0.370712348179373,0.634303985268274,1.14087534989449,0.690242462505978,1.88570920321437,2,"Early Childhood (0–5 Years)","Improving from Low SES",3,"Stable Higher SES","Early: Improving from Low SES vs Stable Higher SES",1540,12509,1539.76601300001
"UHSES","VLNC","Violence exposure","Two-window class history","early_class","early_class4",0.389038934482997,0.265553628012514,1.46501080551859,0.142917969700644,-0.13144617642153,0.909524045387524,1.47556200045829,0.87682646780594,2.4831403899618,4,"Early Childhood (0–5 Years)","Late Improvement from Chronic Low SES",3,"Stable Higher SES","Early: Late Improvement from Chronic Low SES vs Stable Higher SES",1540,12509,1539.76601300001
"UHSES","VLNC","Violence exposure","Two-window class history","mid_class","mid_class1",-0.146967527297616,0.177736541070344,-0.826884142183516,0.408302732372337,-0.49533114779549,0.201396093200257,0.863322011359884,0.6093690826529,1.22310914110327,1,"Middle–Late Childhood (6–12 Years)","Late Improvement from Chronic Low SES",2,"Stable Higher SES","Middle-late: Late Improvement from Chronic Low SES vs Stable Higher SES",1540,12509,1539.76601300001
"UHSES","VLNC","Violence exposure","Two-window class history","mid_class","mid_class3",-0.0546888256324801,0.171993870378366,-0.317969620150829,0.750507981498759,-0.391796811574078,0.282419160309118,0.946779715699354,0.675841423165279,1.32633455028775,3,"Middle–Late Childhood (6–12 Years)","Persistent Moderate Low SES",2,"Stable Higher SES","Middle-late: Persistent Moderate Low SES vs Stable Higher SES",1540,12509,1539.76601300001
"UHSES","VLNC","Violence exposure","Two-window class history","mid_class","mid_class4",-0.240341347382315,0.128036632935659,-1.87712955168925,0.0605003400108868,-0.491293147936207,0.0106104531715775,0.786359393528275,0.61183468963299,1.01066694364957,4,"Middle–Late Childhood (6–12 Years)","Early Improvement from Mild Low SES",2,"Stable Higher SES","Middle-late: Early Improvement from Mild Low SES vs Stable Higher SES",1540,12509,1539.76601300001
"UHSES","VLNC","Violence exposure","Two-window class history","mid_class","mid_class5",-0.229383489634698,0.185570112761918,-1.23610147248761,0.216420847619897,-0.593100910648058,0.134333931378662,0.795023591731057,0.552611027709849,1.14377469814232,5,"Middle–Late Childhood (6–12 Years)","Chronic Low SES",2,"Stable Higher SES","Middle-late: Chronic Low SES vs Stable Higher SES",1540,12509,1539.76601300001
"UHSES","VLNC","Violence exposure","Fixed covariate","fixed_covariate","SEXMale",0.299679328329217,0.128757346309233,2.32747363097625,0.0199400708533497,0.0473149295631207,0.552043727095313,1.34942601549265,1.04845214566823,1.73679893623354,,,,,,"Male vs Female",1540,12509,1539.76601300001
"UHSES","VLNC","Violence exposure","Fixed covariate","fixed_covariate","AGE",0.00827522836167325,0.043184574072391,0.191624637719047,0.848036242040205,-0.0763665368202131,0.0929169935435596,1.00830956270673,0.926476556545029,1.09737064263905,,,,,,"Age (per year)",1540,12509,1539.76601300001
"UHSES","VLNC","Violence exposure","Fixed covariate","fixed_covariate","RURALYes",-0.0299836578690232,0.138653015938409,-0.216249590144813,0.828793200554375,-0.301743569108305,0.241776253370259,0.97046139282611,0.739527678319107,1.27350921754089,,,,,,"Rural vs non-rural",1540,12509,1539.76601300001
"UHSES","VLNC","Violence exposure","Fixed covariate","fixed_covariate","CLYR",-0.370580448305948,0.0496077306376927,-7.47021570110638,8.00634706153138e-14,-0.467811600355826,-0.27334929625607,0.690333511403952,0.626371520713529,0.760826987191945,,,,,,"Calendar year (per unit)",1540,12509,1539.76601300001
"UHSES","SCSP","Low social support","Intercept","intercept","(Intercept)",-4.46478438504402,0.878060025512147,-5.08482820686415,3.67958966607783e-07,-6.18578203504783,-2.74378673504021,0.0115071766119052,0.00205849111081199,0.0643262984630253,,,,,,"Intercept",1540,12509,1539.76601300001
"UHSES","SCSP","Low social support","Two-window class history","early_class","early_class1",0.644102562374307,0.431142309133668,1.49394422381918,0.135190198234145,-0.200936363527681,1.4891414882763,1.90427729210375,0.817964482271814,4.43328785517729,1,"Early Childhood (0–5 Years)","Chronic Low SES",3,"Stable Higher SES","Early: Chronic Low SES vs Stable Higher SES",1540,12509,1539.76601300001
"UHSES","SCSP","Low social support","Two-window class history","early_class","early_class2",0.279143444397982,0.386863066641037,0.72155620028984,0.470567376092944,-0.479108166218451,1.03739505501441,1.32199696332783,0.619335489891683,2.82185665051046,2,"Early Childhood (0–5 Years)","Improving from Low SES",3,"Stable Higher SES","Early: Improving from Low SES vs Stable Higher SES",1540,12509,1539.76601300001
"UHSES","SCSP","Low social support","Two-window class history","early_class","early_class4",0.457034075463887,0.410514017338328,1.11332148516434,0.265570382154972,-0.347573398519236,1.26164154944701,1.57938270153072,0.706400163300733,3.53121339360808,4,"Early Childhood (0–5 Years)","Late Improvement from Chronic Low SES",3,"Stable Higher SES","Early: Late Improvement from Chronic Low SES vs Stable Higher SES",1540,12509,1539.76601300001
"UHSES","SCSP","Low social support","Two-window class history","mid_class","mid_class1",-0.000540065460234674,0.281847585863092,-0.00191616138410712,0.998471125351203,-0.552961333751896,0.551881202831426,0.999460080348866,0.575243796718516,1.73651668720169,1,"Middle–Late Childhood (6–12 Years)","Late Improvement from Chronic Low SES",2,"Stable Higher SES","Middle-late: Late Improvement from Chronic Low SES vs Stable Higher SES",1540,12509,1539.76601300001
"UHSES","SCSP","Low social support","Two-window class history","mid_class","mid_class3",-0.246863134400354,0.267008283670004,-0.924552343497525,0.355198812148324,-0.770199370393561,0.276473101592853,0.781247612137377,0.462920766415014,1.3184714874579,3,"Middle–Late Childhood (6–12 Years)","Persistent Moderate Low SES",2,"Stable Higher SES","Middle-late: Persistent Moderate Low SES vs Stable Higher SES",1540,12509,1539.76601300001
"UHSES","SCSP","Low social support","Two-window class history","mid_class","mid_class4",-0.158985687746436,0.207698893469635,-0.765462372430401,0.44399626429686,-0.56607551894692,0.248104143454049,0.853008567356675,0.567749193255954,1.28159339480709,4,"Middle–Late Childhood (6–12 Years)","Early Improvement from Mild Low SES",2,"Stable Higher SES","Middle-late: Early Improvement from Mild Low SES vs Stable Higher SES",1540,12509,1539.76601300001
"UHSES","SCSP","Low social support","Two-window class history","mid_class","mid_class5",0.173665933282179,0.296427873921846,0.585862358301588,0.557968014495435,-0.40733269960464,0.754664566168997,1.18965807426151,0.665422767578246,2.12689797015277,5,"Middle–Late Childhood (6–12 Years)","Chronic Low SES",2,"Stable Higher SES","Middle-late: Chronic Low SES vs Stable Higher SES",1540,12509,1539.76601300001
"UHSES","SCSP","Low social support","Fixed covariate","fixed_covariate","SEXMale",-0.478981142119119,0.177903276687267,-2.69236829719057,0.00709465505948403,-0.827671564426162,-0.130290719812077,0.61941416542121,0.437065781954796,0.877840188285742,,,,,,"Male vs Female",1540,12509,1539.76601300001
"UHSES","SCSP","Low social support","Fixed covariate","fixed_covariate","AGE",-0.0153030791093247,0.0658858866379614,-0.23226642138724,0.816331091173305,-0.144439416919729,0.11383325870108,0.98481341799394,0.865507345915812,1.12056526479816,,,,,,"Age (per year)",1540,12509,1539.76601300001
"UHSES","SCSP","Low social support","Fixed covariate","fixed_covariate","RURALYes",-0.452429499647996,0.205698678238162,-2.19947694133535,0.0278440269719375,-0.855598908994793,-0.0492600903011993,0.636080914518897,0.425028561411412,0.951933508824975,,,,,,"Rural vs non-rural",1540,12509,1539.76601300001
"UHSES","SCSP","Low social support","Fixed covariate","fixed_covariate","CLYR",0.345687389627424,0.0679747640800032,5.08552540499539,3.6660975221836e-07,0.212456852030618,0.478917927224231,1.41296084055471,1.23671275077014,1.6143266378533,,,,,,"Calendar year (per unit)",1540,12509,1539.76601300001
"UHSES","SCHL","School disengagement","Intercept","intercept","(Intercept)",-19.9236365252809,1.49411158037984,-13.3347715036221,1.45299215996755e-40,-22.8520952228254,-16.9951778277364,2.22471609931899e-09,1.18976487922069e-10,4.15994942278931e-08,,,,,,"Intercept",1540,12509,1539.76601300001
"UHSES","SCHL","School disengagement","Two-window class history","early_class","early_class1",0.326846614387496,0.622792026394682,0.524808604695212,0.599716249231102,-0.89382575734608,1.54751898612107,1.38658877809921,0.409087684925621,4.69979544825512,1,"Early Childhood (0–5 Years)","Chronic Low SES",3,"Stable Higher SES","Early: Chronic Low SES vs Stable Higher SES",1540,12509,1539.76601300001
"UHSES","SCHL","School disengagement","Two-window class history","early_class","early_class2",0.096841146617369,0.575165744131228,0.168370852411673,0.866291537138873,-1.03048371187984,1.22416600511458,1.10168535327513,0.356834313820144,3.40132820923914,2,"Early Childhood (0–5 Years)","Improving from Low SES",3,"Stable Higher SES","Early: Improving from Low SES vs Stable Higher SES",1540,12509,1539.76601300001
"UHSES","SCHL","School disengagement","Two-window class history","early_class","early_class4",0.224389987027093,0.598359146704293,0.375008869276943,0.707653870493901,-0.948393940513321,1.39717391456751,1.2515590160459,0.387362651596375,4.0437558040003,4,"Early Childhood (0–5 Years)","Late Improvement from Chronic Low SES",3,"Stable Higher SES","Early: Late Improvement from Chronic Low SES vs Stable Higher SES",1540,12509,1539.76601300001
"UHSES","SCHL","School disengagement","Two-window class history","mid_class","mid_class1",0.0702860378022859,0.397484268043088,0.176827219221332,0.859644108100103,-0.708783127562166,0.849355203166738,1.07281500301654,0.492242829889858,2.33813874130964,1,"Middle–Late Childhood (6–12 Years)","Late Improvement from Chronic Low SES",2,"Stable Higher SES","Middle-late: Late Improvement from Chronic Low SES vs Stable Higher SES",1540,12509,1539.76601300001
"UHSES","SCHL","School disengagement","Two-window class history","mid_class","mid_class3",0.0799344224775011,0.374078056728421,0.21368380486304,0.830793641501289,-0.653258568710203,0.813127413665205,1.08321603072214,0.52034742333104,2.25494912937613,3,"Middle–Late Childhood (6–12 Years)","Persistent Moderate Low SES",2,"Stable Higher SES","Middle-late: Persistent Moderate Low SES vs Stable Higher SES",1540,12509,1539.76601300001
"UHSES","SCHL","School disengagement","Two-window class history","mid_class","mid_class4",-0.028564999787532,0.286853910417079,-0.0995803046435699,0.920677530710145,-0.590798664205007,0.533668664629943,0.971839122756601,0.553884740120126,1.70517656853208,4,"Middle–Late Childhood (6–12 Years)","Early Improvement from Mild Low SES",2,"Stable Higher SES","Middle-late: Early Improvement from Mild Low SES vs Stable Higher SES",1540,12509,1539.76601300001
"UHSES","SCHL","School disengagement","Two-window class history","mid_class","mid_class5",-0.092681691661066,0.422279212017988,-0.219479645275832,0.826276434053668,-0.920348947216323,0.734985563894191,0.911483586951719,0.398380003234322,2.08545188648363,5,"Middle–Late Childhood (6–12 Years)","Chronic Low SES",2,"Stable Higher SES","Middle-late: Chronic Low SES vs Stable Higher SES",1540,12509,1539.76601300001
"UHSES","SCHL","School disengagement","Fixed covariate","fixed_covariate","SEXMale",-0.834477249121753,0.264218160694989,-3.15828876761074,0.00158698272341832,-1.35234484408393,-0.316609654159575,0.43410134899165,0.258633094787233,0.728615111501473,,,,,,"Male vs Female",1540,12509,1539.76601300001
"UHSES","SCHL","School disengagement","Fixed covariate","fixed_covariate","AGE",0.92554624083139,0.0937342946852459,9.87414738585615,5.38892844493985e-23,0.741827023248308,1.10926545841447,2.52324618407818,2.09976833766866,3.03213035040524,,,,,,"Age (per year)",1540,12509,1539.76601300001
"UHSES","SCHL","School disengagement","Fixed covariate","fixed_covariate","RURALYes",-0.912499342638458,0.295713500673294,-3.08575476114833,0.00203036206399286,-1.49209780395811,-0.332900881318801,0.401519434257514,0.224900363451907,0.716841242993142,,,,,,"Rural vs non-rural",1540,12509,1539.76601300001
"UHSES","SCHL","School disengagement","Fixed covariate","fixed_covariate","CLYR",0.239960996210871,0.103396470155267,2.3207851859017,0.0202984404328696,0.0373039147065475,0.442618077715195,1.27119956775458,1.03800843893574,1.55677765270987,,,,,,"Calendar year (per unit)",1540,12509,1539.76601300001
"JMAES","DNKA","Alcohol use","Intercept","intercept","(Intercept)",-4.61110261854,0.326976908139523,-14.102227110706,3.67970914367469e-45,-5.25197735849346,-3.97022787858653,0.009940851295802,0.00523715242610514,0.0188691327738843,,,,,,"Intercept",3454,31111,3453.38502800012
"JMAES","DNKA","Alcohol use","Two-window class history","early_class","early_class1",0.0299878856124262,0.150224426179184,0.199620570203793,0.841777338873771,-0.264451989698774,0.324427760923626,1.03044205070353,0.76762650196249,1.38323887612465,1,"Early Childhood (0–5 Years)","Rising Maternal Absence, Low SES",2,"Low Maternal Absence, Improving SES","Early: Rising Maternal Absence, Low SES vs Low Maternal Absence, Improving SES",3454,31111,3453.38502800012
"JMAES","DNKA","Alcohol use","Two-window class history","early_class","early_class3",-0.108220836465333,0.16101072172086,-0.672134348002937,0.501498171641237,-0.423801851038218,0.207360178107553,0.897429389411328,0.654553568169799,1.23042566436711,3,"Early Childhood (0–5 Years)","Low Maternal Absence, Low SES",2,"Low Maternal Absence, Improving SES","Early: Low Maternal Absence, Low SES vs Low Maternal Absence, Improving SES",3454,31111,3453.38502800012
"JMAES","DNKA","Alcohol use","Two-window class history","early_class","early_class4",-0.215656271075058,0.144750153158077,-1.48985176436772,0.136263216849683,-0.499366571264889,0.0680540291147722,0.806012304006676,0.606914975366661,1.07042314093118,4,"Early Childhood (0–5 Years)","High Maternal Absence, Low SES",2,"Low Maternal Absence, Improving SES","Early: High Maternal Absence, Low SES vs Low Maternal Absence, Improving SES",3454,31111,3453.38502800012
"JMAES","DNKA","Alcohol use","Two-window class history","early_class","early_class5",-0.243862958289704,0.149703174638713,-1.62897653224944,0.103317987035059,-0.537281180581581,0.0495552640021738,0.783595012105712,0.584334795423311,1.05080366222609,5,"Early Childhood (0–5 Years)","Rising Maternal Absence, Improving SES",2,"Low Maternal Absence, Improving SES","Early: Rising Maternal Absence, Improving SES vs Low Maternal Absence, Improving SES",3454,31111,3453.38502800012
"JMAES","DNKA","Alcohol use","Two-window class history","mid_class","mid_class1",0.209432739323321,0.155033914322869,1.3508833872772,0.176732790627203,-0.0944337327495033,0.513299211396145,1.23297844135747,0.909888028406159,1.67079441578682,1,"Middle–Late Childhood (6–12 Years)","Rising Maternal Absence, Improving SES",6,"Low Maternal Absence, Higher SES","Middle-late: Rising Maternal Absence, Improving SES vs Low Maternal Absence, Higher SES",3454,31111,3453.38502800012
"JMAES","DNKA","Alcohol use","Two-window class history","mid_class","mid_class2",0.0310730678591348,0.0981742466380439,0.316509358851485,0.75161592269226,-0.161348455551431,0.223494591269701,1.03156087507759,0.850995485335565,1.25043887697153,2,"Middle–Late Childhood (6–12 Years)","Low Maternal Absence, Low SES",6,"Low Maternal Absence, Higher SES","Middle-late: Low Maternal Absence, Low SES vs Low Maternal Absence, Higher SES",3454,31111,3453.38502800012
"JMAES","DNKA","Alcohol use","Two-window class history","mid_class","mid_class3",0.23006635737732,0.115496119688317,1.991983436311,0.0463728752827804,0.0036939627882184,0.456438751966421,1.25868353009629,1.00370079387743,1.57844273771604,3,"Middle–Late Childhood (6–12 Years)","High Maternal Absence, Improving SES",6,"Low Maternal Absence, Higher SES","Middle-late: High Maternal Absence, Improving SES vs Low Maternal Absence, Higher SES",3454,31111,3453.38502800012
"JMAES","DNKA","Alcohol use","Two-window class history","mid_class","mid_class4",0.284680925098713,0.149025244703376,1.91028658040689,0.05609632466234,-0.00740855451990446,0.576770404717331,1.32933780211715,0.992618821173643,1.7802795538858,4,"Middle–Late Childhood (6–12 Years)","Decreasing Maternal Absence, Low SES",6,"Low Maternal Absence, Higher SES","Middle-late: Decreasing Maternal Absence, Low SES vs Low Maternal Absence, Higher SES",3454,31111,3453.38502800012
"JMAES","DNKA","Alcohol use","Two-window class history","mid_class","mid_class5",-0.0027967903822125,0.138027029530177,-0.0202626282093613,0.98383386803055,-0.273329768261359,0.267736187496934,0.997207116992457,0.760841844762395,1.3070022909833,5,"Middle–Late Childhood (6–12 Years)","High Maternal Absence, Low SES",6,"Low Maternal Absence, Higher SES","Middle-late: High Maternal Absence, Low SES vs Low Maternal Absence, Higher SES",3454,31111,3453.38502800012
"JMAES","DNKA","Alcohol use","Two-window class history","mid_class","mid_class7",0.146619035990984,0.129261848548979,1.13427927603424,0.256677419351948,-0.106734187165015,0.399972259146984,1.15791275590759,0.898764544392886,1.49178331372562,7,"Middle–Late Childhood (6–12 Years)","Low Maternal Absence, Improving SES",6,"Low Maternal Absence, Higher SES","Middle-late: Low Maternal Absence, Improving SES vs Low Maternal Absence, Higher SES",3454,31111,3453.38502800012
"JMAES","DNKA","Alcohol use","Fixed covariate","fixed_covariate","SEXMale",0.792234627404046,0.0787836873647152,10.055820613429,8.65969235151691e-24,0.637818600169205,0.946650654638888,2.2083257017879,1.89234840516363,2.57706371187781,,,,,,"Male vs Female",3454,31111,3453.38502800012
"JMAES","DNKA","Alcohol use","Fixed covariate","fixed_covariate","AGE",0.209998064221912,0.0168060024452504,12.4954203062882,7.90772584096189e-36,0.177058299429221,0.242937829014602,1.2336756718321,1.19370068316708,1.27498935430981,,,,,,"Age (per year)",3454,31111,3453.38502800012
"JMAES","DNKA","Alcohol use","Fixed covariate","fixed_covariate","RURALYes",-0.140844846758872,0.087493273125509,-1.60977914904189,0.107446078737828,-0.312331662084869,0.030641968567126,0.86862407108317,0.731738797963012,1.03111626575695,,,,,,"Rural vs non-rural",3454,31111,3453.38502800012
"JMAES","DNKA","Alcohol use","Fixed covariate","fixed_covariate","CLYR",0.0146945845448934,0.0233854970256279,0.628363148698091,0.529766072204653,-0.0311409896253372,0.060530158715124,1.01480308073645,0.969338896713405,1.0623996376952,,,,,,"Calendar year (per unit)",3454,31111,3453.38502800012
"JMAES","ESXC","Ever had sexual intercourse","Intercept","intercept","(Intercept)",-14.2028842770879,0.534065370477943,-26.5939060313489,7.98426769601085e-156,-15.2496524032247,-13.1561161509512,6.78837353014803e-07,2.3831979154556e-07,1.93362099244724e-06,,,,,,"Intercept",3396,30567,3395.40302700012
"JMAES","ESXC","Ever had sexual intercourse","Two-window class history","early_class","early_class1",0.233261456081945,0.191321501534923,1.219211924486,0.222763767170496,-0.141728686926504,0.608251599090393,1.26271157979427,0.867856685411671,1.83721639822388,1,"Early Childhood (0–5 Years)","Rising Maternal Absence, Low SES",2,"Low Maternal Absence, Improving SES","Early: Rising Maternal Absence, Low SES vs Low Maternal Absence, Improving SES",3396,30567,3395.40302700012
"JMAES","ESXC","Ever had sexual intercourse","Two-window class history","early_class","early_class3",0.0180697063712905,0.208193379791561,0.086792896053571,0.930836134443819,-0.389989318020168,0.426128730762749,1.01823395130993,0.677064106844671,1.5313178901656,3,"Early Childhood (0–5 Years)","Low Maternal Absence, Low SES",2,"Low Maternal Absence, Improving SES","Early: Low Maternal Absence, Low SES vs Low Maternal Absence, Improving SES",3396,30567,3395.40302700012
"JMAES","ESXC","Ever had sexual intercourse","Two-window class history","early_class","early_class4",0.113640941057111,0.184786468137428,0.614985189135145,0.538564501621297,-0.248540536492247,0.47582241860647,1.12034978104785,0.779938244233734,1.60933720223856,4,"Early Childhood (0–5 Years)","High Maternal Absence, Low SES",2,"Low Maternal Absence, Improving SES","Early: High Maternal Absence, Low SES vs Low Maternal Absence, Improving SES",3396,30567,3395.40302700012
"JMAES","ESXC","Ever had sexual intercourse","Two-window class history","early_class","early_class5",0.0388150213245316,0.192698087968627,0.201429198046071,0.840362986328008,-0.338873231093977,0.41650327374304,1.03957816607117,0.712572775434989,1.51664896643319,5,"Early Childhood (0–5 Years)","Rising Maternal Absence, Improving SES",2,"Low Maternal Absence, Improving SES","Early: Rising Maternal Absence, Improving SES vs Low Maternal Absence, Improving SES",3396,30567,3395.40302700012
"JMAES","ESXC","Ever had sexual intercourse","Two-window class history","mid_class","mid_class1",0.52755155701064,0.196806284151165,2.68056256072308,0.00734985245214445,0.141811240074358,0.913291873946923,1.69477765800625,1.15235910878657,2.49251408538927,1,"Middle–Late Childhood (6–12 Years)","Rising Maternal Absence, Improving SES",6,"Low Maternal Absence, Higher SES","Middle-late: Rising Maternal Absence, Improving SES vs Low Maternal Absence, Higher SES",3396,30567,3395.40302700012
"JMAES","ESXC","Ever had sexual intercourse","Two-window class history","mid_class","mid_class2",0.258853272000784,0.122776867777321,2.10832281916707,0.0350030754226069,0.0182106111572348,0.499495932844334,1.29544371301839,1.01837743545545,1.64789041388013,2,"Middle–Late Childhood (6–12 Years)","Low Maternal Absence, Low SES",6,"Low Maternal Absence, Higher SES","Middle-late: Low Maternal Absence, Low SES vs Low Maternal Absence, Higher SES",3396,30567,3395.40302700012
"JMAES","ESXC","Ever had sexual intercourse","Two-window class history","mid_class","mid_class3",0.172025241300745,0.147138264585514,1.16914007233494,0.242347201128948,-0.116365757286863,0.460416239888353,1.18770781212563,0.890149585051692,1.58473347701706,3,"Middle–Late Childhood (6–12 Years)","High Maternal Absence, Improving SES",6,"Low Maternal Absence, Higher SES","Middle-late: High Maternal Absence, Improving SES vs Low Maternal Absence, Higher SES",3396,30567,3395.40302700012
"JMAES","ESXC","Ever had sexual intercourse","Two-window class history","mid_class","mid_class4",0.270249353195243,0.178358138006864,1.51520618131168,0.129720198196402,-0.0793325972982108,0.619831303688696,1.31029113528292,0.923732642366205,1.85861447399232,4,"Middle–Late Childhood (6–12 Years)","Decreasing Maternal Absence, Low SES",6,"Low Maternal Absence, Higher SES","Middle-late: Decreasing Maternal Absence, Low SES vs Low Maternal Absence, Higher SES",3396,30567,3395.40302700012
"JMAES","ESXC","Ever had sexual intercourse","Two-window class history","mid_class","mid_class5",0.377526530996457,0.166503771945071,2.26737524673616,0.0233673123022821,0.0511791379841174,0.703873924008796,1.45867214330642,1.0525114211707,2.02156896244556,5,"Middle–Late Childhood (6–12 Years)","High Maternal Absence, Low SES",6,"Low Maternal Absence, Higher SES","Middle-late: High Maternal Absence, Low SES vs Low Maternal Absence, Higher SES",3396,30567,3395.40302700012
"JMAES","ESXC","Ever had sexual intercourse","Two-window class history","mid_class","mid_class7",0.147400647270714,0.165983511726374,0.888043913143048,0.374517130437575,-0.177927035712979,0.472728330254407,1.15881814736455,0.837003492623882,1.6043654662082,7,"Middle–Late Childhood (6–12 Years)","Low Maternal Absence, Improving SES",6,"Low Maternal Absence, Higher SES","Middle-late: Low Maternal Absence, Improving SES vs Low Maternal Absence, Higher SES",3396,30567,3395.40302700012
"JMAES","ESXC","Ever had sexual intercourse","Fixed covariate","fixed_covariate","SEXMale",0.0427194098498685,0.100048667045262,0.426986296884317,0.669389308564066,-0.153375977558845,0.238814797258582,1.04364501725117,0.857807144938047,1.26974335485614,,,,,,"Male vs Female",3396,30567,3395.40302700012
"JMAES","ESXC","Ever had sexual intercourse","Fixed covariate","fixed_covariate","AGE",0.820888614195071,0.0284495004268859,28.8542365200656,4.48322986894945e-183,0.765127593358375,0.876649635031768,2.27251833261681,2.14926858955824,2.40283582850898,,,,,,"Age (per year)",3396,30567,3395.40302700012
"JMAES","ESXC","Ever had sexual intercourse","Fixed covariate","fixed_covariate","RURALYes",-0.2986171595013,0.1080838423029,-2.76282886635764,0.00573028022721518,-0.510461490414984,-0.0867728285876156,0.741843362760082,0.600218519793362,0.916885362118868,,,,,,"Rural vs non-rural",3396,30567,3395.40302700012
"JMAES","ESXC","Ever had sexual intercourse","Fixed covariate","fixed_covariate","CLYR",-0.115674766937439,0.0285889028119019,-4.04614222863013,5.2068604351786e-05,-0.171709016448767,-0.0596405174261113,0.890764882382283,0.84222421090762,0.942103142381113,,,,,,"Calendar year (per unit)",3396,30567,3395.40302700012
"JMAES","FDSC","Food insecurity","Intercept","intercept","(Intercept)",-1.81161730881098,0.320029883024295,-5.66077546162604,1.50690490661058e-08,-2.4388758795386,-1.18435873808336,0.163389671444023,0.0872588858494497,0.305942305757211,,,,,,"Intercept",3454,31111,3453.38502800012
"JMAES","FDSC","Food insecurity","Two-window class history","early_class","early_class1",0.0926603713488709,0.164321416614636,0.563897106402002,0.572824159436784,-0.229409605215815,0.414730347913557,1.0970890691069,0.795002829499068,1.51396244251387,1,"Early Childhood (0–5 Years)","Rising Maternal Absence, Low SES",2,"Low Maternal Absence, Improving SES","Early: Rising Maternal Absence, Low SES vs Low Maternal Absence, Improving SES",3454,31111,3453.38502800012
"JMAES","FDSC","Food insecurity","Two-window class history","early_class","early_class3",0.0232014168604623,0.176978605012497,0.131097297658234,0.895698338870526,-0.323676648964031,0.370079482684956,1.02347266343875,0.723484143909094,1.44784968907075,3,"Early Childhood (0–5 Years)","Low Maternal Absence, Low SES",2,"Low Maternal Absence, Improving SES","Early: Low Maternal Absence, Low SES vs Low Maternal Absence, Improving SES",3454,31111,3453.38502800012
"JMAES","FDSC","Food insecurity","Two-window class history","early_class","early_class4",0.207315687710591,0.158220741351172,1.31029399774112,0.190096397210594,-0.102796965337705,0.517428340758888,1.23037092345861,0.902310155122406,1.67770760497206,4,"Early Childhood (0–5 Years)","High Maternal Absence, Low SES",2,"Low Maternal Absence, Improving SES","Early: High Maternal Absence, Low SES vs Low Maternal Absence, Improving SES",3454,31111,3453.38502800012
"JMAES","FDSC","Food insecurity","Two-window class history","early_class","early_class5",0.0984037175123868,0.166689962287018,0.590339791084414,0.554962867431453,-0.228308608570168,0.425116043594941,1.10340816039722,0.795878606973189,1.52976792913368,5,"Early Childhood (0–5 Years)","Rising Maternal Absence, Improving SES",2,"Low Maternal Absence, Improving SES","Early: Rising Maternal Absence, Improving SES vs Low Maternal Absence, Improving SES",3454,31111,3453.38502800012
"JMAES","FDSC","Food insecurity","Two-window class history","mid_class","mid_class1",0.184486222264152,0.150688750593431,1.22428662748627,0.220844119756912,-0.110863728898973,0.479836173427278,1.20260041205992,0.895060711527499,1.61580966794816,1,"Middle–Late Childhood (6–12 Years)","Rising Maternal Absence, Improving SES",6,"Low Maternal Absence, Higher SES","Middle-late: Rising Maternal Absence, Improving SES vs Low Maternal Absence, Higher SES",3454,31111,3453.38502800012
"JMAES","FDSC","Food insecurity","Two-window class history","mid_class","mid_class2",-0.336316387367618,0.0994612670515658,-3.38138048445788,0.00072122599830195,-0.531260470788687,-0.141372303946549,0.714397043856229,0.58786351769545,0.868166029882669,2,"Middle–Late Childhood (6–12 Years)","Low Maternal Absence, Low SES",6,"Low Maternal Absence, Higher SES","Middle-late: Low Maternal Absence, Low SES vs Low Maternal Absence, Higher SES",3454,31111,3453.38502800012
"JMAES","FDSC","Food insecurity","Two-window class history","mid_class","mid_class3",-0.65681843823845,0.121423008982189,-5.40934081393747,6.32571487021657e-08,-0.89480753584354,-0.41882934063336,0.518498347581556,0.408686248526043,0.657816448227455,3,"Middle–Late Childhood (6–12 Years)","High Maternal Absence, Improving SES",6,"Low Maternal Absence, Higher SES","Middle-late: High Maternal Absence, Improving SES vs Low Maternal Absence, Higher SES",3454,31111,3453.38502800012
"JMAES","FDSC","Food insecurity","Two-window class history","mid_class","mid_class4",-0.333043659455262,0.14955462308453,-2.22690313803955,0.0259537480804319,-0.62617072070094,-0.0399165982095834,0.716738901042599,0.534635153552273,0.960869574053413,4,"Middle–Late Childhood (6–12 Years)","Decreasing Maternal Absence, Low SES",6,"Low Maternal Absence, Higher SES","Middle-late: Decreasing Maternal Absence, Low SES vs Low Maternal Absence, Higher SES",3454,31111,3453.38502800012
"JMAES","FDSC","Food insecurity","Two-window class history","mid_class","mid_class5",0.0635436152579004,0.137048247382704,0.463658722175822,0.642892275309559,-0.205070949612199,0.332158180128,1.06560596146677,0.814589519550593,1.39397332995393,5,"Middle–Late Childhood (6–12 Years)","High Maternal Absence, Low SES",6,"Low Maternal Absence, Higher SES","Middle-late: High Maternal Absence, Low SES vs Low Maternal Absence, Higher SES",3454,31111,3453.38502800012
"JMAES","FDSC","Food insecurity","Two-window class history","mid_class","mid_class7",-0.550697127809106,0.137227309898021,-4.01302866184838,5.99446314548995e-05,-0.819662655209226,-0.281731600408986,0.576547742785746,0.44058025689405,0.754476158452273,7,"Middle–Late Childhood (6–12 Years)","Low Maternal Absence, Improving SES",6,"Low Maternal Absence, Higher SES","Middle-late: Low Maternal Absence, Improving SES vs Low Maternal Absence, Higher SES",3454,31111,3453.38502800012
"JMAES","FDSC","Food insecurity","Fixed covariate","fixed_covariate","SEXMale",-0.291669190210863,0.0811189487632537,-3.59557408790025,0.00032367699172938,-0.45066232978684,-0.132676050634886,0.747015615181134,0.637205971330751,0.87574874441155,,,,,,"Male vs Female",3454,31111,3453.38502800012
"JMAES","FDSC","Food insecurity","Fixed covariate","fixed_covariate","AGE",0.0693220596743914,0.0169686343149769,4.08530576990549,4.40188098062364e-05,0.0360635364170367,0.102580582931746,1.07178133111695,1.03672171398158,1.10802658634314,,,,,,"Age (per year)",3454,31111,3453.38502800012
"JMAES","FDSC","Food insecurity","Fixed covariate","fixed_covariate","RURALYes",-0.255124314110748,0.0913931904038758,-2.79150244108262,0.00524639618989126,-0.434254967302344,-0.0759936609191511,0.774820170893264,0.647747080103469,0.926822081740869,,,,,,"Rural vs non-rural",3454,31111,3453.38502800012
"JMAES","FDSC","Food insecurity","Fixed covariate","fixed_covariate","CLYR",0.00510123703277457,0.025201176122307,0.202420593706307,0.839587930173272,-0.0442930681669471,0.0544955422324962,1.00511427049524,0.956673545822748,1.05600776896612,,,,,,"Calendar year (per unit)",3454,31111,3453.38502800012
"JMAES","GOVG","Lack of government grant receipt","Intercept","intercept","(Intercept)",-6.37495201891075,0.40414807054508,-15.7738029289927,4.71248057819246e-56,-7.1670822371791,-5.58282180064239,0.0017037015392971,0.000771570710429798,0.00376193509650781,,,,,,"Intercept",3454,31111,3453.38502800012
"JMAES","GOVG","Lack of government grant receipt","Two-window class history","early_class","early_class1",-0.192836554197474,0.158815529478649,-1.21421724204495,0.224664778062008,-0.504114991975626,0.118441883580678,0.824616743270464,0.604039919118399,1.12574144813879,1,"Early Childhood (0–5 Years)","Rising Maternal Absence, Low SES",2,"Low Maternal Absence, Improving SES","Early: Rising Maternal Absence, Low SES vs Low Maternal Absence, Improving SES",3454,31111,3453.38502800012
"JMAES","GOVG","Lack of government grant receipt","Two-window class history","early_class","early_class3",-0.17588015763217,0.16765710865123,-1.0490468256735,0.294156567568094,-0.504488090588581,0.152727775324241,0.838718491324339,0.603814594699134,1.16500779190322,3,"Early Childhood (0–5 Years)","Low Maternal Absence, Low SES",2,"Low Maternal Absence, Improving SES","Early: Low Maternal Absence, Low SES vs Low Maternal Absence, Improving SES",3454,31111,3453.38502800012
"JMAES","GOVG","Lack of government grant receipt","Two-window class history","early_class","early_class4",-0.347298412156119,0.149073390727686,-2.32971431360633,0.0198212555193606,-0.639482257982383,-0.0551145663298543,0.7065944404231,0.527565496170904,0.946376718835103,4,"Early Childhood (0–5 Years)","High Maternal Absence, Low SES",2,"Low Maternal Absence, Improving SES","Early: High Maternal Absence, Low SES vs Low Maternal Absence, Improving SES",3454,31111,3453.38502800012
"JMAES","GOVG","Lack of government grant receipt","Two-window class history","early_class","early_class5",-0.0507663904446608,0.154701818129783,-0.328156391814811,0.742793418008512,-0.353981953979036,0.252449173089715,0.950500690642098,0.701887633520055,1.28717407141109,5,"Early Childhood (0–5 Years)","Rising Maternal Absence, Improving SES",2,"Low Maternal Absence, Improving SES","Early: Rising Maternal Absence, Improving SES vs Low Maternal Absence, Improving SES",3454,31111,3453.38502800012
"JMAES","GOVG","Lack of government grant receipt","Two-window class history","mid_class","mid_class1",-0.0121270341216912,0.153552815081063,-0.0789763060696029,0.937051469202464,-0.313090551680575,0.288836483437192,0.987946202011968,0.731183699658269,1.33487343676567,1,"Middle–Late Childhood (6–12 Years)","Rising Maternal Absence, Improving SES",6,"Low Maternal Absence, Higher SES","Middle-late: Rising Maternal Absence, Improving SES vs Low Maternal Absence, Higher SES",3454,31111,3453.38502800012
"JMAES","GOVG","Lack of government grant receipt","Two-window class history","mid_class","mid_class2",0.0402666818157723,0.0984182624512167,0.40913831247256,0.682438161505502,-0.152633112588612,0.233166476220157,1.04108837651363,0.858444616565592,1.26259165331834,2,"Middle–Late Childhood (6–12 Years)","Low Maternal Absence, Low SES",6,"Low Maternal Absence, Higher SES","Middle-late: Low Maternal Absence, Low SES vs Low Maternal Absence, Higher SES",3454,31111,3453.38502800012
"JMAES","GOVG","Lack of government grant receipt","Two-window class history","mid_class","mid_class3",0.183127898855294,0.118380173848552,1.54694737219744,0.121875936601216,-0.0488972418878686,0.415153039598456,1.20096800069099,0.952278979061122,1.51460251711715,3,"Middle–Late Childhood (6–12 Years)","High Maternal Absence, Improving SES",6,"Low Maternal Absence, Higher SES","Middle-late: High Maternal Absence, Improving SES vs Low Maternal Absence, Higher SES",3454,31111,3453.38502800012
"JMAES","GOVG","Lack of government grant receipt","Two-window class history","mid_class","mid_class4",-0.0730199004645742,0.150693647144781,-0.484558585236307,0.627989497327463,-0.368379448868344,0.222339647939196,0.92958233072148,0.691854608427091,1.24899552458592,4,"Middle–Late Childhood (6–12 Years)","Decreasing Maternal Absence, Low SES",6,"Low Maternal Absence, Higher SES","Middle-late: Decreasing Maternal Absence, Low SES vs Low Maternal Absence, Higher SES",3454,31111,3453.38502800012
"JMAES","GOVG","Lack of government grant receipt","Two-window class history","mid_class","mid_class5",-0.103646475925754,0.147106507363071,-0.70456758020871,0.481079379853933,-0.391975230357373,0.184682278505865,0.90154395858404,0.675720851117336,1.20283621249131,5,"Middle–Late Childhood (6–12 Years)","High Maternal Absence, Low SES",6,"Low Maternal Absence, Higher SES","Middle-late: High Maternal Absence, Low SES vs Low Maternal Absence, Higher SES",3454,31111,3453.38502800012
"JMAES","GOVG","Lack of government grant receipt","Two-window class history","mid_class","mid_class7",-0.0988597208500043,0.128051732128782,-0.772029547796988,0.440096927261295,-0.349841115822416,0.152121674122408,0.905869773752873,0.70480006240141,1.16430189322503,7,"Middle–Late Childhood (6–12 Years)","Low Maternal Absence, Improving SES",6,"Low Maternal Absence, Higher SES","Middle-late: Low Maternal Absence, Improving SES vs Low Maternal Absence, Higher SES",3454,31111,3453.38502800012
"JMAES","GOVG","Lack of government grant receipt","Fixed covariate","fixed_covariate","SEXMale",0.183292948969606,0.0830489834399061,2.20704626808871,0.0273108270693148,0.0205169414273898,0.346068956511822,1.2011662369558,1.02072886070059,1.41350008249231,,,,,,"Male vs Female",3454,31111,3453.38502800012
"JMAES","GOVG","Lack of government grant receipt","Fixed covariate","fixed_covariate","AGE",0.419961838664013,0.0215511826089876,19.4867189556862,1.42318761797639e-84,0.377721520750397,0.462202156577629,1.52190347664054,1.45895659716062,1.58756620773934,,,,,,"Age (per year)",3454,31111,3453.38502800012
"JMAES","GOVG","Lack of government grant receipt","Fixed covariate","fixed_covariate","RURALYes",-0.239845667896594,0.089885955491777,-2.66833307366394,0.00762286471454511,-0.416022140660477,-0.0636691951327108,0.78674927236754,0.659665664889186,0.938315347479592,,,,,,"Rural vs non-rural",3454,31111,3453.38502800012
"JMAES","GOVG","Lack of government grant receipt","Fixed covariate","fixed_covariate","CLYR",-0.0240974733682827,0.0250011728535097,-0.963853716362747,0.335119271185727,-0.0730997721611617,0.0249048254245962,0.976190552539096,0.929508086368658,1.02521754123679,,,,,,"Calendar year (per unit)",3454,31111,3453.38502800012
"JMAES","VLNC","Violence exposure","Intercept","intercept","(Intercept)",1.56707568696572,0.308204932017195,5.08452501622618,3.68547193623408e-07,0.962994020212016,2.17115735371942,4.79261258207429,2.61952766297209,8.76842634133369,,,,,,"Intercept",3454,31111,3453.38502800012
"JMAES","VLNC","Violence exposure","Two-window class history","early_class","early_class1",0.202927222279377,0.151211651944226,1.34200783914606,0.179593453911748,-0.0934476155313053,0.49930206009006,1.22498331350994,0.910785727202977,1.64757096379418,1,"Early Childhood (0–5 Years)","Rising Maternal Absence, Low SES",2,"Low Maternal Absence, Improving SES","Early: Rising Maternal Absence, Low SES vs Low Maternal Absence, Improving SES",3454,31111,3453.38502800012
"JMAES","VLNC","Violence exposure","Two-window class history","early_class","early_class3",0.194738068306868,0.162167945417698,1.20084192844202,0.229812524077966,-0.12311110471182,0.512587241325556,1.21499269971187,0.884165422159006,1.66960528353219,3,"Early Childhood (0–5 Years)","Low Maternal Absence, Low SES",2,"Low Maternal Absence, Improving SES","Early: Low Maternal Absence, Low SES vs Low Maternal Absence, Improving SES",3454,31111,3453.38502800012
"JMAES","VLNC","Violence exposure","Two-window class history","early_class","early_class4",0.106101115798697,0.144329846665137,0.735129415365236,0.462260681299124,-0.176785383664973,0.388987615262366,1.11193430494763,0.837959605045429,1.47548627770947,4,"Early Childhood (0–5 Years)","High Maternal Absence, Low SES",2,"Low Maternal Absence, Improving SES","Early: High Maternal Absence, Low SES vs Low Maternal Absence, Improving SES",3454,31111,3453.38502800012
"JMAES","VLNC","Violence exposure","Two-window class history","early_class","early_class5",0.0157397555100983,0.15062039112111,0.104499499655677,0.916772965323512,-0.279476211087277,0.310955722107473,1.01586427792147,0.756179716294479,1.36472879253354,5,"Early Childhood (0–5 Years)","Rising Maternal Absence, Improving SES",2,"Low Maternal Absence, Improving SES","Early: Rising Maternal Absence, Improving SES vs Low Maternal Absence, Improving SES",3454,31111,3453.38502800012
"JMAES","VLNC","Violence exposure","Two-window class history","mid_class","mid_class1",0.0232612942808299,0.154841163545132,0.150226811451529,0.880585673445738,-0.280227386267629,0.326749974829289,1.02353394817642,0.755611906148856,1.38645478524689,1,"Middle–Late Childhood (6–12 Years)","Rising Maternal Absence, Improving SES",6,"Low Maternal Absence, Higher SES","Middle-late: Rising Maternal Absence, Improving SES vs Low Maternal Absence, Higher SES",3454,31111,3453.38502800012
"JMAES","VLNC","Violence exposure","Two-window class history","mid_class","mid_class2",-0.271367689992054,0.0973495031453436,-2.78756111972036,0.0053106435462611,-0.462172716156928,-0.080562663827181,0.762336141496567,0.629913534301095,0.922597088307813,2,"Middle–Late Childhood (6–12 Years)","Low Maternal Absence, Low SES",6,"Low Maternal Absence, Higher SES","Middle-late: Low Maternal Absence, Low SES vs Low Maternal Absence, Higher SES",3454,31111,3453.38502800012
"JMAES","VLNC","Violence exposure","Two-window class history","mid_class","mid_class3",-0.03804227597195,0.112054666861477,-0.339497470631707,0.734235002208299,-0.257669423020445,0.181584871076545,0.96267224212621,0.772850676524872,1.19911630268267,3,"Middle–Late Childhood (6–12 Years)","High Maternal Absence, Improving SES",6,"Low Maternal Absence, Higher SES","Middle-late: High Maternal Absence, Improving SES vs Low Maternal Absence, Higher SES",3454,31111,3453.38502800012
"JMAES","VLNC","Violence exposure","Two-window class history","mid_class","mid_class4",-0.144565742746251,0.145810406950873,-0.99146381777097,0.321459151582904,-0.430354140369963,0.14122265487746,0.865398016890663,0.650278763978962,1.15168104684181,4,"Middle–Late Childhood (6–12 Years)","Decreasing Maternal Absence, Low SES",6,"Low Maternal Absence, Higher SES","Middle-late: Decreasing Maternal Absence, Low SES vs Low Maternal Absence, Higher SES",3454,31111,3453.38502800012
"JMAES","VLNC","Violence exposure","Two-window class history","mid_class","mid_class5",-0.0978235096908866,0.135684802757028,-0.720961431959774,0.470933244406217,-0.363765723094662,0.168118703712889,0.906808932620558,0.695054010772835,1.18307703795006,5,"Middle–Late Childhood (6–12 Years)","High Maternal Absence, Low SES",6,"Low Maternal Absence, Higher SES","Middle-late: High Maternal Absence, Low SES vs Low Maternal Absence, Higher SES",3454,31111,3453.38502800012
"JMAES","VLNC","Violence exposure","Two-window class history","mid_class","mid_class7",-0.156122674692698,0.12687517274068,-1.23052186901685,0.218501742841089,-0.404798013264431,0.0925526638790357,0.855454241347681,0.66711154493399,1.09697091078247,7,"Middle–Late Childhood (6–12 Years)","Low Maternal Absence, Improving SES",6,"Low Maternal Absence, Higher SES","Middle-late: Low Maternal Absence, Improving SES vs Low Maternal Absence, Higher SES",3454,31111,3453.38502800012
"JMAES","VLNC","Violence exposure","Fixed covariate","fixed_covariate","SEXMale",0.489899705992111,0.0857609769221784,5.71238485816992,1.11403791042712e-08,0.321808191224642,0.657991220759581,1.63215251662891,1.37962012733001,1.93090966474488,,,,,,"Male vs Female",3454,31111,3453.38502800012
"JMAES","VLNC","Violence exposure","Fixed covariate","fixed_covariate","AGE",-0.039938483780492,0.0163252062263251,-2.44643058267095,0.0144278577892102,-0.0719358879840893,-0.00794107957689478,0.960848545104332,0.930590555935248,0.992090367499228,,,,,,"Age (per year)",3454,31111,3453.38502800012
"JMAES","VLNC","Violence exposure","Fixed covariate","fixed_covariate","RURALYes",0.0451278694291234,0.0887873738622256,0.508268996661055,0.611264709467997,-0.128895383340839,0.219151122199086,1.04616162344596,0.879065925675545,1.24501941254295,,,,,,"Rural vs non-rural",3454,31111,3453.38502800012
"JMAES","VLNC","Violence exposure","Fixed covariate","fixed_covariate","CLYR",-0.283613992153444,0.0274653925299891,-10.3262311595864,5.36263692445701e-25,-0.337446161512223,-0.229781822794665,0.753057274626785,0.713590392299935,0.794706970536061,,,,,,"Calendar year (per unit)",3454,31111,3453.38502800012
"JMAES","SCSP","Low social support","Intercept","intercept","(Intercept)",-5.00487739669169,0.476398107830439,-10.5056617867027,8.13501866257832e-26,-5.93861768803935,-4.07113710534403,0.0067051633730487,0.00263567045286281,0.0170579807541721,,,,,,"Intercept",3453,31108,3452.38602800011
"JMAES","SCSP","Low social support","Two-window class history","early_class","early_class1",-0.010213252142205,0.240639960603149,-0.042442045438364,0.966146311116044,-0.481867574924377,0.461441070639968,0.98983872601162,0.61762884589605,1.58635839310719,1,"Early Childhood (0–5 Years)","Rising Maternal Absence, Low SES",2,"Low Maternal Absence, Improving SES","Early: Rising Maternal Absence, Low SES vs Low Maternal Absence, Improving SES",3453,31108,3452.38602800011
"JMAES","SCSP","Low social support","Two-window class history","early_class","early_class3",0.284354782012765,0.244216734351587,1.1643542067981,0.244280497368585,-0.194310017316345,0.763019581341876,1.32890431847679,0.823402595632603,2.1447426775592,3,"Early Childhood (0–5 Years)","Low Maternal Absence, Low SES",2,"Low Maternal Absence, Improving SES","Early: Low Maternal Absence, Low SES vs Low Maternal Absence, Improving SES",3453,31108,3452.38602800011
"JMAES","SCSP","Low social support","Two-window class history","early_class","early_class4",0.172013361735824,0.221167187464399,0.777752630070918,0.436714858703773,-0.261474325694398,0.605501049166047,1.18769370275738,0.769915642220076,1.83216998618443,4,"Early Childhood (0–5 Years)","High Maternal Absence, Low SES",2,"Low Maternal Absence, Improving SES","Early: High Maternal Absence, Low SES vs Low Maternal Absence, Improving SES",3453,31108,3452.38602800011
"JMAES","SCSP","Low social support","Two-window class history","early_class","early_class5",0.13766220589037,0.232351209473029,0.592474668854046,0.553532778456867,-0.317746164676766,0.593070576457506,1.14758783638272,0.727787503146148,1.80953621286502,5,"Early Childhood (0–5 Years)","Rising Maternal Absence, Improving SES",2,"Low Maternal Absence, Improving SES","Early: Rising Maternal Absence, Improving SES vs Low Maternal Absence, Improving SES",3453,31108,3452.38602800011
"JMAES","SCSP","Low social support","Two-window class history","mid_class","mid_class1",-0.250948782471316,0.249737229930448,-1.00485130927898,0.314968453028208,-0.740433753134995,0.238536188192363,0.778062220962575,0.47690701074047,1.26938964212178,1,"Middle–Late Childhood (6–12 Years)","Rising Maternal Absence, Improving SES",6,"Low Maternal Absence, Higher SES","Middle-late: Rising Maternal Absence, Improving SES vs Low Maternal Absence, Higher SES",3453,31108,3452.38602800011
"JMAES","SCSP","Low social support","Two-window class history","mid_class","mid_class2",-0.266548665384231,0.153560215223681,-1.73579247069931,0.0826005359047643,-0.567526687222646,0.0344293564541832,0.766018724223548,0.566925891157558,1.03502890768133,2,"Middle–Late Childhood (6–12 Years)","Low Maternal Absence, Low SES",6,"Low Maternal Absence, Higher SES","Middle-late: Low Maternal Absence, Low SES vs Low Maternal Absence, Higher SES",3453,31108,3452.38602800011
"JMAES","SCSP","Low social support","Two-window class history","mid_class","mid_class3",-0.271770901010039,0.180156096746141,-1.50853013535808,0.131418899907851,-0.624876850632476,0.0813350486123974,0.762028821126551,0.535327349684364,1.0847342744022,3,"Middle–Late Childhood (6–12 Years)","High Maternal Absence, Improving SES",6,"Low Maternal Absence, Higher SES","Middle-late: High Maternal Absence, Improving SES vs Low Maternal Absence, Higher SES",3453,31108,3452.38602800011
"JMAES","SCSP","Low social support","Two-window class history","mid_class","mid_class4",-0.53767746614993,0.237977460727174,-2.25936298549863,0.023860814888487,-1.00411328917519,-0.0712416431246698,0.584103277853367,0.366369354489013,0.931236837957959,4,"Middle–Late Childhood (6–12 Years)","Decreasing Maternal Absence, Low SES",6,"Low Maternal Absence, Higher SES","Middle-late: Decreasing Maternal Absence, Low SES vs Low Maternal Absence, Higher SES",3453,31108,3452.38602800011
"JMAES","SCSP","Low social support","Two-window class history","mid_class","mid_class5",-0.053362039749564,0.21247603831375,-0.251143800369469,0.801702933012679,-0.469815074844514,0.363090995345386,0.94803672336599,0.6251178576117,1.43776668336486,5,"Middle–Late Childhood (6–12 Years)","High Maternal Absence, Low SES",6,"Low Maternal Absence, Higher SES","Middle-late: High Maternal Absence, Low SES vs Low Maternal Absence, Higher SES",3453,31108,3452.38602800011
"JMAES","SCSP","Low social support","Two-window class history","mid_class","mid_class7",-0.106668831617121,0.189511736017208,-0.562861350219678,0.573529300300308,-0.478111834210848,0.264774170976606,0.898823285561622,0.619952861166017,1.30313665646822,7,"Middle–Late Childhood (6–12 Years)","Low Maternal Absence, Improving SES",6,"Low Maternal Absence, Higher SES","Middle-late: Low Maternal Absence, Improving SES vs Low Maternal Absence, Higher SES",3453,31108,3452.38602800011
"JMAES","SCSP","Low social support","Fixed covariate","fixed_covariate","SEXMale",-0.455269315324284,0.117912760043179,-3.86106910870008,0.000112891963737672,-0.686378325008915,-0.224160305639653,0.634277124394425,0.50339590801496,0.799187009915276,,,,,,"Male vs Female",3453,31108,3452.38602800011
"JMAES","SCSP","Low social support","Fixed covariate","fixed_covariate","AGE",0.0591571665334163,0.0259526909981623,2.27942322195433,0.0226419192048886,0.00828989217701818,0.110024440889814,1.06094197220944,1.00832434848037,1.1163053536216,,,,,,"Age (per year)",3453,31108,3452.38602800011
"JMAES","SCSP","Low social support","Fixed covariate","fixed_covariate","RURALYes",-0.0376777349623164,0.135514010587466,-0.278035716004417,0.780984941826513,-0.303285195713751,0.227929725789118,0.963023239609903,0.73838848110873,1.25599705812879,,,,,,"Rural vs non-rural",3453,31108,3452.38602800011
"JMAES","SCSP","Low social support","Fixed covariate","fixed_covariate","CLYR",0.277657669914831,0.0343264318654936,8.08874254693349,6.02838425174169e-16,0.210377863458464,0.344937476371199,1.32003423242173,1.23414430989897,1.41190163969387,,,,,,"Calendar year (per unit)",3453,31108,3452.38602800011
"JMAES","SCHL","School disengagement","Intercept","intercept","(Intercept)",-16.4294824789427,0.674073019058699,-24.3734462208345,3.2714880007309e-131,-17.7506655962978,-15.1082993615877,7.32430496450663e-08,1.95426692297206e-08,2.74504176387083e-07,,,,,,"Intercept",3454,31111,3453.38502800012
"JMAES","SCHL","School disengagement","Two-window class history","early_class","early_class1",-0.320408239689938,0.20128364093296,-1.59182454274391,0.111424133953462,-0.714924175918539,0.0741076965386626,0.725852654717584,0.489229205745156,1.0769227801069,1,"Early Childhood (0–5 Years)","Rising Maternal Absence, Low SES",2,"Low Maternal Absence, Improving SES","Early: Rising Maternal Absence, Low SES vs Low Maternal Absence, Improving SES",3454,31111,3453.38502800012
"JMAES","SCHL","School disengagement","Two-window class history","early_class","early_class3",-0.548505730450142,0.210660972876938,-2.60373681446237,0.00922135375805245,-0.96140123728894,-0.135610223611343,0.57781257335362,0.382356737908671,0.873182912250077,3,"Early Childhood (0–5 Years)","Low Maternal Absence, Low SES",2,"Low Maternal Absence, Improving SES","Early: Low Maternal Absence, Low SES vs Low Maternal Absence, Improving SES",3454,31111,3453.38502800012
"JMAES","SCHL","School disengagement","Two-window class history","early_class","early_class4",-0.104558292164205,0.197863683747595,-0.528435992820112,0.597196761516873,-0.492371112309491,0.283254527981081,0.900722290824857,0.611175508985684,1.32744299020624,4,"Early Childhood (0–5 Years)","High Maternal Absence, Low SES",2,"Low Maternal Absence, Improving SES","Early: High Maternal Absence, Low SES vs Low Maternal Absence, Improving SES",3454,31111,3453.38502800012
"JMAES","SCHL","School disengagement","Two-window class history","early_class","early_class5",-0.144822311257729,0.206231607164628,-0.702231405015052,0.482534863384456,-0.549036261300399,0.259391638784941,0.865176011490649,0.577506107259836,1.29614132465284,5,"Early Childhood (0–5 Years)","Rising Maternal Absence, Improving SES",2,"Low Maternal Absence, Improving SES","Early: Rising Maternal Absence, Improving SES vs Low Maternal Absence, Improving SES",3454,31111,3453.38502800012
"JMAES","SCHL","School disengagement","Two-window class history","mid_class","mid_class1",-0.0305850671827576,0.222252688436194,-0.137613935732157,0.890545541200322,-0.466200336517698,0.405030202152183,0.969877923775292,0.627381584014798,1.49934778290286,1,"Middle–Late Childhood (6–12 Years)","Rising Maternal Absence, Improving SES",6,"Low Maternal Absence, Higher SES","Middle-late: Rising Maternal Absence, Improving SES vs Low Maternal Absence, Higher SES",3454,31111,3453.38502800012
"JMAES","SCHL","School disengagement","Two-window class history","mid_class","mid_class2",0.067290110163472,0.1415367543905,0.475424990867169,0.634484085354276,-0.210121928441907,0.344702148768852,1.06960573666297,0.81048541872109,1.41156941935809,2,"Middle–Late Childhood (6–12 Years)","Low Maternal Absence, Low SES",6,"Low Maternal Absence, Higher SES","Middle-late: Low Maternal Absence, Low SES vs Low Maternal Absence, Higher SES",3454,31111,3453.38502800012
"JMAES","SCHL","School disengagement","Two-window class history","mid_class","mid_class3",0.0347116919027401,0.169862528623713,0.204351672991016,0.838078692607055,-0.298218864199737,0.367642248005218,1.03532117428892,0.742138894336477,1.4443252363014,3,"Middle–Late Childhood (6–12 Years)","High Maternal Absence, Improving SES",6,"Low Maternal Absence, Higher SES","Middle-late: High Maternal Absence, Improving SES vs Low Maternal Absence, Higher SES",3454,31111,3453.38502800012
"JMAES","SCHL","School disengagement","Two-window class history","mid_class","mid_class4",0.110861808611057,0.210612781857905,0.526377400426971,0.598626014692462,-0.301939243830438,0.523662861052552,1.11724050316916,0.739382985602958,1.68819998056049,4,"Middle–Late Childhood (6–12 Years)","Decreasing Maternal Absence, Low SES",6,"Low Maternal Absence, Higher SES","Middle-late: Decreasing Maternal Absence, Low SES vs Low Maternal Absence, Higher SES",3454,31111,3453.38502800012
"JMAES","SCHL","School disengagement","Two-window class history","mid_class","mid_class5",0.159790366456294,0.201014453139955,0.794919787907193,0.426660162853873,-0.234197961698019,0.553778694610606,1.17326488953323,0.791205172072012,1.73981484146079,5,"Middle–Late Childhood (6–12 Years)","High Maternal Absence, Low SES",6,"Low Maternal Absence, Higher SES","Middle-late: High Maternal Absence, Low SES vs Low Maternal Absence, Higher SES",3454,31111,3453.38502800012
"JMAES","SCHL","School disengagement","Two-window class history","mid_class","mid_class7",0.00732665886663662,0.193637064268943,0.0378370685090568,0.969817589125689,-0.372201987100492,0.386855304833765,1.00735356450104,0.689215015921026,1.47234343488133,7,"Middle–Late Childhood (6–12 Years)","Low Maternal Absence, Improving SES",6,"Low Maternal Absence, Higher SES","Middle-late: Low Maternal Absence, Improving SES vs Low Maternal Absence, Higher SES",3454,31111,3453.38502800012
"JMAES","SCHL","School disengagement","Fixed covariate","fixed_covariate","SEXMale",-0.842762469552509,0.121621429064958,-6.92939127612448,4.22655309287853e-12,-1.08114047051983,-0.604384468585193,0.430519581979718,0.339208447726709,0.546410656073403,,,,,,"Male vs Female",3454,31111,3453.38502800012
"JMAES","SCHL","School disengagement","Fixed covariate","fixed_covariate","AGE",0.848852665552609,0.0336935781833933,25.1933071914275,4.74271753713624e-140,0.782813252313158,0.91489207879206,2.33696403383715,2.18761793800563,2.49650581144318,,,,,,"Age (per year)",3454,31111,3453.38502800012
"JMAES","SCHL","School disengagement","Fixed covariate","fixed_covariate","RURALYes",-0.347571873815906,0.130326870844313,-2.66692410831464,0.00765489554602606,-0.603012540670758,-0.0921312069610529,0.706401240352235,0.547160806563753,0.911985482850981,,,,,,"Rural vs non-rural",3454,31111,3453.38502800012
"JMAES","SCHL","School disengagement","Fixed covariate","fixed_covariate","CLYR",0.0211926854453041,0.0311293635071836,0.680794049657119,0.496001815695141,-0.0398208670287759,0.082206237919384,1.02141884522232,0.960961563635404,1.08567969506337,,,,,,"Calendar year (per unit)",3454,31111,3453.38502800012
