adjustment_set,adjustment_label,tier,hypothesis_id,window,scenario,reference,comparator,contrast,contrast_direction,expected_direction,mediator_scope,mediator_variable,mediator,effect,n_subjects,n_pseudo_rows,interval_method,rd,ci_low,ci_high,rd_ci,within_variance,between_variance,total_variance,rubin_df,m_imputations,percent_mediated,percent_mediated_display,interpretation_flag
base,Base causal mediation estimand with imputed maternal baseline,Primary,TE-JMAES-H1-EC,0-5 years,Stricter restricted (>=3 complete occasions),"Low Maternal Absence, Improving SES","High Maternal Absence, Low SES","High Maternal Absence, Low SES vs Low Maternal Absence, Improving SES",Comparator minus reference,higher,Base mediator,ESXC,Ever had sexual intercourse,Direct effect,1365,9238,"Rubin pooled over 20 imputations; cluster-robust coefficient simulation, 300 independent mediator/outcome draws",0.038172071245118906,-0.016250211554562848,0.09259435404480065,"0.038 (-0.016, 0.093)",7.695529115786736e-4,1.382834446703541e-6,7.710048877477123e-4,5357336.016855539,20,-,-,positive; interval includes 0
base,Base causal mediation estimand with imputed maternal baseline,Primary,TE-JMAES-H1-EC,0-5 years,Stricter restricted (>=3 complete occasions),"Low Maternal Absence, Improving SES","High Maternal Absence, Low SES","High Maternal Absence, Low SES vs Low Maternal Absence, Improving SES",Comparator minus reference,higher,Base mediator,ESXC,Ever had sexual intercourse,Indirect effect,1365,9238,"Rubin pooled over 20 imputations; cluster-robust coefficient simulation, 300 independent mediator/outcome draws",0.004151318043998524,-0.005820974160644321,0.01412361024864137,"0.004 (-0.006, 0.014)",2.5862082490186825e-5,2.441396113176715e-8,2.588771714937518e-5,19376976.601734616,20,0.09808567115549859,9.8%,positive; interval includes 0
base,Base causal mediation estimand with imputed maternal baseline,Primary,TE-JMAES-H1-EC,0-5 years,Stricter restricted (>=3 complete occasions),"Low Maternal Absence, Improving SES","High Maternal Absence, Low SES","High Maternal Absence, Low SES vs Low Maternal Absence, Improving SES",Comparator minus reference,higher,Base mediator,ESXC,Ever had sexual intercourse,Total effect,1365,9238,"Rubin pooled over 20 imputations; cluster-robust coefficient simulation, 300 independent mediator/outcome draws",0.042323389289117434,-0.014758142246658043,0.09940492082489291,"0.042 (-0.015, 0.099)",8.466366109436099e-4,1.4826131045691755e-6,8.481933547034076e-4,5640389.105598971,20,-,-,positive; interval includes 0
base,Base causal mediation estimand with imputed maternal baseline,Primary,TE-JMAES-H1-EC,0-5 years,Stricter restricted (>=3 complete occasions),"Low Maternal Absence, Improving SES","High Maternal Absence, Low SES","High Maternal Absence, Low SES vs Low Maternal Absence, Improving SES",Comparator minus reference,higher,Base mediator,FDSC,Food insecurity,Direct effect,1381,9347,"Rubin pooled over 20 imputations; cluster-robust coefficient simulation, 300 independent mediator/outcome draws",0.03261485760945579,-0.01658268740819347,0.08181240262710504,"0.033 (-0.017, 0.082)",6.293600636090371e-4,6.786294931714563e-7,6.300726245768672e-4,14855619.395331874,20,-,-,positive; interval includes 0
base,Base causal mediation estimand with imputed maternal baseline,Primary,TE-JMAES-H1-EC,0-5 years,Stricter restricted (>=3 complete occasions),"Low Maternal Absence, Improving SES","High Maternal Absence, Low SES","High Maternal Absence, Low SES vs Low Maternal Absence, Improving SES",Comparator minus reference,higher,Base mediator,FDSC,Food insecurity,Indirect effect,1381,9347,"Rubin pooled over 20 imputations; cluster-robust coefficient simulation, 300 independent mediator/outcome draws",0.008965838052581537,-0.0032696427651502796,0.021201318870313353,"0.009 (-0.003, 0.021)",3.8948181538729145e-5,2.2101860300616867e-8,3.897138849204479e-5,53580788.74193167,20,0.21562501323822816,21.6%,positive; interval includes 0
base,Base causal mediation estimand with imputed maternal baseline,Primary,TE-JMAES-H1-EC,0-5 years,Stricter restricted (>=3 complete occasions),"Low Maternal Absence, Improving SES","High Maternal Absence, Low SES","High Maternal Absence, Low SES vs Low Maternal Absence, Improving SES",Comparator minus reference,higher,Base mediator,FDSC,Food insecurity,Total effect,1381,9347,"Rubin pooled over 20 imputations; cluster-robust coefficient simulation, 300 independent mediator/outcome draws",0.041580695662037336,-0.013139928267577303,0.09630131959165197,"0.042 (-0.013, 0.096)",7.786120849117141e-4,8.280453246496487e-7,7.794815325025962e-4,15271385.654970458,20,-,-,positive; interval includes 0
base,Base causal mediation estimand with imputed maternal baseline,Primary,TE-JMAES-H1-EC,0-5 years,Stricter restricted (>=3 complete occasions),"Low Maternal Absence, Improving SES","High Maternal Absence, Low SES","High Maternal Absence, Low SES vs Low Maternal Absence, Improving SES",Comparator minus reference,higher,Base mediator,VLNC,Violence exposure,Direct effect,1381,9347,"Rubin pooled over 20 imputations; cluster-robust coefficient simulation, 300 independent mediator/outcome draws",0.03988721039098928,-0.015296541927498852,0.09507096270947742,"0.040 (-0.015, 0.095)",7.919805185144842e-4,7.154084996403591e-7,7.927316974391067e-4,21160175.20227412,20,-,-,positive; interval includes 0
base,Base causal mediation estimand with imputed maternal baseline,Primary,TE-JMAES-H1-EC,0-5 years,Stricter restricted (>=3 complete occasions),"Low Maternal Absence, Improving SES","High Maternal Absence, Low SES","High Maternal Absence, Low SES vs Low Maternal Absence, Improving SES",Comparator minus reference,higher,Base mediator,VLNC,Violence exposure,Indirect effect,1381,9347,"Rubin pooled over 20 imputations; cluster-robust coefficient simulation, 300 independent mediator/outcome draws",0.001847070662403415,-0.003360374371770127,0.0070545156965769575,"0.002 (-0.003, 0.007)",7.0577258330996765e-6,1.368683492103263e-9,7.059162950766385e-6,Inf,20,0.044257876637203056,4.4%,positive; interval includes 0
base,Base causal mediation estimand with imputed maternal baseline,Primary,TE-JMAES-H1-EC,0-5 years,Stricter restricted (>=3 complete occasions),"Low Maternal Absence, Improving SES","High Maternal Absence, Low SES","High Maternal Absence, Low SES vs Low Maternal Absence, Improving SES",Comparator minus reference,higher,Base mediator,VLNC,Violence exposure,Total effect,1381,9347,"Rubin pooled over 20 imputations; cluster-robust coefficient simulation, 300 independent mediator/outcome draws",0.041734281053392705,-0.013991019942770536,0.09745958204955595,"0.042 (-0.014, 0.097)",8.075760714493341e-4,7.533272149094237e-7,8.08367065024989e-4,19843803.156093515,20,-,-,positive; interval includes 0
base,Base causal mediation estimand with imputed maternal baseline,Primary,TE-JMAES-H1-EC,0-5 years,Stricter restricted (>=3 complete occasions),"Low Maternal Absence, Improving SES","High Maternal Absence, Low SES","High Maternal Absence, Low SES vs Low Maternal Absence, Improving SES",Comparator minus reference,higher,Extension mediator,DNKA,Alcohol use,Direct effect,1381,9347,"Rubin pooled over 20 imputations; cluster-robust coefficient simulation, 300 independent mediator/outcome draws",0.04078144198542914,-0.014370587947324695,0.09593347191818298,"0.041 (-0.014, 0.096)",7.910741089756648e-4,7.109024367208825e-7,7.918205565342216e-4,21380041.39772611,20,-,-,positive; interval includes 0
base,Base causal mediation estimand with imputed maternal baseline,Primary,TE-JMAES-H1-EC,0-5 years,Stricter restricted (>=3 complete occasions),"Low Maternal Absence, Improving SES","High Maternal Absence, Low SES","High Maternal Absence, Low SES vs Low Maternal Absence, Improving SES",Comparator minus reference,higher,Extension mediator,DNKA,Alcohol use,Indirect effect,1381,9347,"Rubin pooled over 20 imputations; cluster-robust coefficient simulation, 300 independent mediator/outcome draws",0.001204313867938074,-0.003906287277607459,0.006314915013483607,"0.001 (-0.004, 0.006)",6.797813051104928e-6,1.1714701987695843e-9,6.7990430948136364e-6,Inf,20,0.028683867741813897,2.9%,positive; interval includes 0
base,Base causal mediation estimand with imputed maternal baseline,Primary,TE-JMAES-H1-EC,0-5 years,Stricter restricted (>=3 complete occasions),"Low Maternal Absence, Improving SES","High Maternal Absence, Low SES","High Maternal Absence, Low SES vs Low Maternal Absence, Improving SES",Comparator minus reference,higher,Extension mediator,DNKA,Alcohol use,Total effect,1381,9347,"Rubin pooled over 20 imputations; cluster-robust coefficient simulation, 300 independent mediator/outcome draws",0.041985755853367224,-0.013707881898552675,0.09767939360528713,"0.042 (-0.014, 0.098)",8.066982421043908e-4,7.147252253821604e-7,8.074487035910421e-4,21995136.697627302,20,-,-,positive; interval includes 0
base,Base causal mediation estimand with imputed maternal baseline,Primary,TE-JMAES-H1-EC,0-5 years,Stricter restricted (>=3 complete occasions),"Low Maternal Absence, Improving SES","High Maternal Absence, Low SES","High Maternal Absence, Low SES vs Low Maternal Absence, Improving SES",Comparator minus reference,higher,Extension mediator,GOVG,Lack of government grant receipt,Direct effect,1381,9347,"Rubin pooled over 20 imputations; cluster-robust coefficient simulation, 300 independent mediator/outcome draws",0.04554454412291011,-0.010605436424305538,0.10169452467012577,"0.046 (-0.011, 0.102)",8.192487363694151e-4,1.4153139650521893e-6,8.207348160327199e-4,5795289.458463196,20,-,-,positive; interval includes 0
base,Base causal mediation estimand with imputed maternal baseline,Primary,TE-JMAES-H1-EC,0-5 years,Stricter restricted (>=3 complete occasions),"Low Maternal Absence, Improving SES","High Maternal Absence, Low SES","High Maternal Absence, Low SES vs Low Maternal Absence, Improving SES",Comparator minus reference,higher,Extension mediator,GOVG,Lack of government grant receipt,Indirect effect,1381,9347,"Rubin pooled over 20 imputations; cluster-robust coefficient simulation, 300 independent mediator/outcome draws",-0.0028679206995584077,-0.009579871998158466,0.003844030599041651,"-0.003 (-0.010, 0.004)",1.1696367414065124e-5,2.953647779537303e-8,1.1727380715750266e-5,2716812.344000037,20,-,-,negative; interval includes 0
base,Base causal mediation estimand with imputed maternal baseline,Primary,TE-JMAES-H1-EC,0-5 years,Stricter restricted (>=3 complete occasions),"Low Maternal Absence, Improving SES","High Maternal Absence, Low SES","High Maternal Absence, Low SES vs Low Maternal Absence, Improving SES",Comparator minus reference,higher,Extension mediator,GOVG,Lack of government grant receipt,Total effect,1381,9347,"Rubin pooled over 20 imputations; cluster-robust coefficient simulation, 300 independent mediator/outcome draws",0.0426766234233517,-0.011785838539754082,0.09713908538645748,"0.043 (-0.012, 0.097)",7.709228142366621e-4,1.162894826686851e-6,7.721438538046833e-4,7597847.34501184,20,-,-,positive; interval includes 0
base,Base causal mediation estimand with imputed maternal baseline,Primary,TE-JMAES-H1-EC,0-5 years,Stricter restricted (>=3 complete occasions),"Low Maternal Absence, Improving SES","High Maternal Absence, Low SES","High Maternal Absence, Low SES vs Low Maternal Absence, Improving SES",Comparator minus reference,higher,Extension mediator,SCHL,School disengagement,Direct effect,1381,9347,"Rubin pooled over 20 imputations; cluster-robust coefficient simulation, 300 independent mediator/outcome draws",0.04226777973521377,-0.014351896093359184,0.09888745556378672,"0.042 (-0.014, 0.099)",8.336677982758652e-4,8.148552144237429e-7,8.345233962510101e-4,18075534.084573478,20,-,-,positive; interval includes 0
base,Base causal mediation estimand with imputed maternal baseline,Primary,TE-JMAES-H1-EC,0-5 years,Stricter restricted (>=3 complete occasions),"Low Maternal Absence, Improving SES","High Maternal Absence, Low SES","High Maternal Absence, Low SES vs Low Maternal Absence, Improving SES",Comparator minus reference,higher,Extension mediator,SCHL,School disengagement,Indirect effect,1381,9347,"Rubin pooled over 20 imputations; cluster-robust coefficient simulation, 300 independent mediator/outcome draws",-4.3755564766811554e-4,-0.004334356760204158,0.0034592454648679264,"-0.000 (-0.004, 0.003)",3.9488630540376816e-6,3.8834701054229565e-9,3.952940697648375e-6,Inf,20,-,-,negative; interval includes 0
base,Base causal mediation estimand with imputed maternal baseline,Primary,TE-JMAES-H1-EC,0-5 years,Stricter restricted (>=3 complete occasions),"Low Maternal Absence, Improving SES","High Maternal Absence, Low SES","High Maternal Absence, Low SES vs Low Maternal Absence, Improving SES",Comparator minus reference,higher,Extension mediator,SCHL,School disengagement,Total effect,1381,9347,"Rubin pooled over 20 imputations; cluster-robust coefficient simulation, 300 independent mediator/outcome draws",0.04183022408754566,-0.014753570973446872,0.09841401914853819,"0.042 (-0.015, 0.098)",8.326486124358332e-4,7.785024480222177e-7,8.334660400062566e-4,19752899.570141025,20,-,-,positive; interval includes 0
base,Base causal mediation estimand with imputed maternal baseline,Primary,TE-JMAES-H1-EC,0-5 years,Stricter restricted (>=3 complete occasions),"Low Maternal Absence, Improving SES","High Maternal Absence, Low SES","High Maternal Absence, Low SES vs Low Maternal Absence, Improving SES",Comparator minus reference,higher,Extension mediator,SCSP,Low social support,Direct effect,1381,9347,"Rubin pooled over 20 imputations; cluster-robust coefficient simulation, 300 independent mediator/outcome draws",0.040935834182026475,-0.011557336769746539,0.09342900513379948,"0.041 (-0.012, 0.093)",7.166432375320979e-4,6.389446055049704e-7,7.173141293678781e-4,21720376.955592074,20,-,-,positive; interval includes 0
base,Base causal mediation estimand with imputed maternal baseline,Primary,TE-JMAES-H1-EC,0-5 years,Stricter restricted (>=3 complete occasions),"Low Maternal Absence, Improving SES","High Maternal Absence, Low SES","High Maternal Absence, Low SES vs Low Maternal Absence, Improving SES",Comparator minus reference,higher,Extension mediator,SCSP,Low social support,Indirect effect,1381,9347,"Rubin pooled over 20 imputations; cluster-robust coefficient simulation, 300 independent mediator/outcome draws",9.151614492941135e-4,-0.005178883669737166,0.007009206568325393,"0.001 (-0.005, 0.007)",9.666445412781802e-6,1.0248877024591776e-9,9.667521544869384e-6,Inf,20,0.02186713686231211,2.2%,positive; interval includes 0
base,Base causal mediation estimand with imputed maternal baseline,Primary,TE-JMAES-H1-EC,0-5 years,Stricter restricted (>=3 complete occasions),"Low Maternal Absence, Improving SES","High Maternal Absence, Low SES","High Maternal Absence, Low SES vs Low Maternal Absence, Improving SES",Comparator minus reference,higher,Extension mediator,SCSP,Low social support,Total effect,1381,9347,"Rubin pooled over 20 imputations; cluster-robust coefficient simulation, 300 independent mediator/outcome draws",0.04185099563132059,-0.011524295294679639,0.09522628655732082,"0.042 (-0.012, 0.095)",7.409537564077558e-4,6.391522563826569e-7,7.416248662769576e-4,23202507.194801703,20,-,-,positive; interval includes 0
base,Base causal mediation estimand with imputed maternal baseline,Primary,TE-JMAES-H1-EC,0-5 years,Stricter restricted (>=3 complete occasions),"Low Maternal Absence, Improving SES","Low Maternal Absence, Low SES","Low Maternal Absence, Low SES vs Low Maternal Absence, Improving SES",Comparator minus reference,higher,Base mediator,ESXC,Ever had sexual intercourse,Direct effect,1365,9238,"Rubin pooled over 20 imputations; cluster-robust coefficient simulation, 300 independent mediator/outcome draws",-0.0029089565931676073,-0.023643312301828426,0.017825399115493214,"-0.003 (-0.024, 0.018)",1.1056970106392382e-4,1.2784509480368543e-6,1.1191207455936252e-4,132056.79619451458,20,-,-,negative; interval includes 0
base,Base causal mediation estimand with imputed maternal baseline,Primary,TE-JMAES-H1-EC,0-5 years,Stricter restricted (>=3 complete occasions),"Low Maternal Absence, Improving SES","Low Maternal Absence, Low SES","Low Maternal Absence, Low SES vs Low Maternal Absence, Improving SES",Comparator minus reference,higher,Base mediator,ESXC,Ever had sexual intercourse,Indirect effect,1365,9238,"Rubin pooled over 20 imputations; cluster-robust coefficient simulation, 300 independent mediator/outcome draws",0.0010205750527989682,-0.0013487464703762439,0.0033898965759741806,"0.001 (-0.001, 0.003)",1.4426951962090432e-6,1.7729925200827124e-8,1.4613116176699116e-6,117070.33741247072,20,-,-,positive; interval includes 0
base,Base causal mediation estimand with imputed maternal baseline,Primary,TE-JMAES-H1-EC,0-5 years,Stricter restricted (>=3 complete occasions),"Low Maternal Absence, Improving SES","Low Maternal Absence, Low SES","Low Maternal Absence, Low SES vs Low Maternal Absence, Improving SES",Comparator minus reference,higher,Base mediator,ESXC,Ever had sexual intercourse,Total effect,1365,9238,"Rubin pooled over 20 imputations; cluster-robust coefficient simulation, 300 independent mediator/outcome draws",-0.0018883815403686354,-0.022933078838300848,0.019156315757563575,"-0.002 (-0.023, 0.019)",1.1384530819615423e-4,1.3730886025774958e-6,1.152870512288606e-4,121489.55476686454,20,-,-,negative; interval includes 0
base,Base causal mediation estimand with imputed maternal baseline,Primary,TE-JMAES-H1-EC,0-5 years,Stricter restricted (>=3 complete occasions),"Low Maternal Absence, Improving SES","Low Maternal Absence, Low SES","Low Maternal Absence, Low SES vs Low Maternal Absence, Improving SES",Comparator minus reference,higher,Base mediator,FDSC,Food insecurity,Direct effect,1381,9347,"Rubin pooled over 20 imputations; cluster-robust coefficient simulation, 300 independent mediator/outcome draws",-0.003782219828477167,-0.02436439380856161,0.01679995415160728,"-0.004 (-0.024, 0.017)",1.0922289185891158e-4,1.003022127150824e-6,1.1027606509241995e-4,208313.05937847623,20,-,-,negative; interval includes 0
base,Base causal mediation estimand with imputed maternal baseline,Primary,TE-JMAES-H1-EC,0-5 years,Stricter restricted (>=3 complete occasions),"Low Maternal Absence, Improving SES","Low Maternal Absence, Low SES","Low Maternal Absence, Low SES vs Low Maternal Absence, Improving SES",Comparator minus reference,higher,Base mediator,FDSC,Food insecurity,Indirect effect,1381,9347,"Rubin pooled over 20 imputations; cluster-robust coefficient simulation, 300 independent mediator/outcome draws",9.506619978628757e-4,-0.0014769770482004438,0.0033783010439261954,"0.001 (-0.001, 0.003)",1.5210782132205144e-6,1.2463523730398233e-8,1.5341649131374325e-6,Inf,20,-,-,positive; interval includes 0
base,Base causal mediation estimand with imputed maternal baseline,Primary,TE-JMAES-H1-EC,0-5 years,Stricter restricted (>=3 complete occasions),"Low Maternal Absence, Improving SES","Low Maternal Absence, Low SES","Low Maternal Absence, Low SES vs Low Maternal Absence, Improving SES",Comparator minus reference,higher,Base mediator,FDSC,Food insecurity,Total effect,1381,9347,"Rubin pooled over 20 imputations; cluster-robust coefficient simulation, 300 independent mediator/outcome draws",-0.002831557830614292,-0.0236421884637782,0.01797907280254962,"-0.003 (-0.024, 0.018)",1.1171815784456845e-4,9.711415826911577e-7,1.1273785650639416e-4,232246.64491109687,20,-,-,negative; interval includes 0
base,Base causal mediation estimand with imputed maternal baseline,Primary,TE-JMAES-H1-EC,0-5 years,Stricter restricted (>=3 complete occasions),"Low Maternal Absence, Improving SES","Low Maternal Absence, Low SES","Low Maternal Absence, Low SES vs Low Maternal Absence, Improving SES",Comparator minus reference,higher,Base mediator,VLNC,Violence exposure,Direct effect,1381,9347,"Rubin pooled over 20 imputations; cluster-robust coefficient simulation, 300 independent mediator/outcome draws",-0.002340988377275108,-0.023188536245589315,0.018506559491039097,"-0.002 (-0.023, 0.019)",1.1197663484136567e-4,1.1059258837085728e-6,1.1313785701925967e-4,180359.4300576388,20,-,-,negative; interval includes 0
base,Base causal mediation estimand with imputed maternal baseline,Primary,TE-JMAES-H1-EC,0-5 years,Stricter restricted (>=3 complete occasions),"Low Maternal Absence, Improving SES","Low Maternal Absence, Low SES","Low Maternal Absence, Low SES vs Low Maternal Absence, Improving SES",Comparator minus reference,higher,Base mediator,VLNC,Violence exposure,Indirect effect,1381,9347,"Rubin pooled over 20 imputations; cluster-robust coefficient simulation, 300 independent mediator/outcome draws",3.232581963507742e-4,-7.423841803001904e-4,0.001388900573001739,"0.000 (-0.001, 0.001)",2.950731156047335e-7,5.162850692227766e-10,2.956152149274174e-7,Inf,20,-,-,positive; interval includes 0
base,Base causal mediation estimand with imputed maternal baseline,Primary,TE-JMAES-H1-EC,0-5 years,Stricter restricted (>=3 complete occasions),"Low Maternal Absence, Improving SES","Low Maternal Absence, Low SES","Low Maternal Absence, Low SES vs Low Maternal Absence, Improving SES",Comparator minus reference,higher,Base mediator,VLNC,Violence exposure,Total effect,1381,9347,"Rubin pooled over 20 imputations; cluster-robust coefficient simulation, 300 independent mediator/outcome draws",-0.002017730180924333,-0.0228887266889017,0.018853266327053034,"-0.002 (-0.023, 0.019)",1.1222437466211844e-4,1.112496930189099e-6,1.13392496438817e-4,179038.31993289193,20,-,-,negative; interval includes 0
base,Base causal mediation estimand with imputed maternal baseline,Primary,TE-JMAES-H1-EC,0-5 years,Stricter restricted (>=3 complete occasions),"Low Maternal Absence, Improving SES","Low Maternal Absence, Low SES","Low Maternal Absence, Low SES vs Low Maternal Absence, Improving SES",Comparator minus reference,higher,Extension mediator,DNKA,Alcohol use,Direct effect,1381,9347,"Rubin pooled over 20 imputations; cluster-robust coefficient simulation, 300 independent mediator/outcome draws",-0.001990101676947311,-0.022856961323089835,0.01887675796919521,"-0.002 (-0.023, 0.019)",1.121789367956538e-4,1.1129622007913611e-6,1.1334754710648472e-4,178746.8617837828,20,-,-,negative; interval includes 0
base,Base causal mediation estimand with imputed maternal baseline,Primary,TE-JMAES-H1-EC,0-5 years,Stricter restricted (>=3 complete occasions),"Low Maternal Absence, Improving SES","Low Maternal Absence, Low SES","Low Maternal Absence, Low SES vs Low Maternal Absence, Improving SES",Comparator minus reference,higher,Extension mediator,DNKA,Alcohol use,Indirect effect,1381,9347,"Rubin pooled over 20 imputations; cluster-robust coefficient simulation, 300 independent mediator/outcome draws",1.2770468821512136e-5,-7.108301869889766e-4,7.363711246320009e-4,"0.000 (-0.001, 0.001)",1.3580899660704899e-7,4.693755387193031e-10,1.3630184092270425e-7,Inf,20,-,-,positive; interval includes 0
base,Base causal mediation estimand with imputed maternal baseline,Primary,TE-JMAES-H1-EC,0-5 years,Stricter restricted (>=3 complete occasions),"Low Maternal Absence, Improving SES","Low Maternal Absence, Low SES","Low Maternal Absence, Low SES vs Low Maternal Absence, Improving SES",Comparator minus reference,higher,Extension mediator,DNKA,Alcohol use,Total effect,1381,9347,"Rubin pooled over 20 imputations; cluster-robust coefficient simulation, 300 independent mediator/outcome draws",-0.0019773312081257997,-0.022859346572324767,0.018904684156073166,"-0.002 (-0.023, 0.019)",1.1234315734947074e-4,1.1134310896563248e-6,1.1351225999360987e-4,179115.78316500716,20,-,-,negative; interval includes 0
base,Base causal mediation estimand with imputed maternal baseline,Primary,TE-JMAES-H1-EC,0-5 years,Stricter restricted (>=3 complete occasions),"Low Maternal Absence, Improving SES","Low Maternal Absence, Low SES","Low Maternal Absence, Low SES vs Low Maternal Absence, Improving SES",Comparator minus reference,higher,Extension mediator,GOVG,Lack of government grant receipt,Direct effect,1381,9347,"Rubin pooled over 20 imputations; cluster-robust coefficient simulation, 300 independent mediator/outcome draws",3.988284125678071e-4,-0.02075674906439866,0.021554405889534275,"0.000 (-0.021, 0.022)",1.1518689205342011e-4,1.2558352478557478e-6,1.1650551906366864e-4,148321.0066458689,20,-,-,positive; interval includes 0
base,Base causal mediation estimand with imputed maternal baseline,Primary,TE-JMAES-H1-EC,0-5 years,Stricter restricted (>=3 complete occasions),"Low Maternal Absence, Improving SES","Low Maternal Absence, Low SES","Low Maternal Absence, Low SES vs Low Maternal Absence, Improving SES",Comparator minus reference,higher,Extension mediator,GOVG,Lack of government grant receipt,Indirect effect,1381,9347,"Rubin pooled over 20 imputations; cluster-robust coefficient simulation, 300 independent mediator/outcome draws",-0.002384917510391479,-0.0051223546787202805,3.5251965793732304e-4,"-0.002 (-0.005, 0.000)",1.9363594408779535e-6,1.3664748317100207e-8,1.950707426610909e-6,Inf,20,-,-,negative; interval includes 0
base,Base causal mediation estimand with imputed maternal baseline,Primary,TE-JMAES-H1-EC,0-5 years,Stricter restricted (>=3 complete occasions),"Low Maternal Absence, Improving SES","Low Maternal Absence, Low SES","Low Maternal Absence, Low SES vs Low Maternal Absence, Improving SES",Comparator minus reference,higher,Extension mediator,GOVG,Lack of government grant receipt,Total effect,1381,9347,"Rubin pooled over 20 imputations; cluster-robust coefficient simulation, 300 independent mediator/outcome draws",-0.001986089097823675,-0.022882098609247278,0.018909920413599925,"-0.002 (-0.023, 0.019)",1.123831402241469e-4,1.2200082864323436e-6,1.1366414892490086e-4,149587.8949840471,20,-,-,negative; interval includes 0
base,Base causal mediation estimand with imputed maternal baseline,Primary,TE-JMAES-H1-EC,0-5 years,Stricter restricted (>=3 complete occasions),"Low Maternal Absence, Improving SES","Low Maternal Absence, Low SES","Low Maternal Absence, Low SES vs Low Maternal Absence, Improving SES",Comparator minus reference,higher,Extension mediator,SCHL,School disengagement,Direct effect,1381,9347,"Rubin pooled over 20 imputations; cluster-robust coefficient simulation, 300 independent mediator/outcome draws",-0.0021321863982824607,-0.02296272428931347,0.01869835149274855,"-0.002 (-0.023, 0.019)",1.1175859814619986e-4,1.1377305816697259e-6,1.1295321525695306e-4,169860.8662855665,20,-,-,negative; interval includes 0
base,Base causal mediation estimand with imputed maternal baseline,Primary,TE-JMAES-H1-EC,0-5 years,Stricter restricted (>=3 complete occasions),"Low Maternal Absence, Improving SES","Low Maternal Absence, Low SES","Low Maternal Absence, Low SES vs Low Maternal Absence, Improving SES",Comparator minus reference,higher,Extension mediator,SCHL,School disengagement,Indirect effect,1381,9347,"Rubin pooled over 20 imputations; cluster-robust coefficient simulation, 300 independent mediator/outcome draws",1.5100641987474874e-4,-9.656223539337762e-4,0.0012676351936832737,"0.000 (-0.001, 0.001)",3.224389986142944e-7,2.0388293982205375e-9,3.2457976948242594e-7,Inf,20,-,-,positive; interval includes 0
base,Base causal mediation estimand with imputed maternal baseline,Primary,TE-JMAES-H1-EC,0-5 years,Stricter restricted (>=3 complete occasions),"Low Maternal Absence, Improving SES","Low Maternal Absence, Low SES","Low Maternal Absence, Low SES vs Low Maternal Absence, Improving SES",Comparator minus reference,higher,Extension mediator,SCHL,School disengagement,Total effect,1381,9347,"Rubin pooled over 20 imputations; cluster-robust coefficient simulation, 300 independent mediator/outcome draws",-0.0019811799784077108,-0.022869882551456836,0.018907522594641412,"-0.002 (-0.023, 0.019)",1.1235721386604679e-4,1.1691469216234002e-6,1.1358481813375135e-4,162658.73700556124,20,-,-,negative; interval includes 0
base,Base causal mediation estimand with imputed maternal baseline,Primary,TE-JMAES-H1-EC,0-5 years,Stricter restricted (>=3 complete occasions),"Low Maternal Absence, Improving SES","Low Maternal Absence, Low SES","Low Maternal Absence, Low SES vs Low Maternal Absence, Improving SES",Comparator minus reference,higher,Extension mediator,SCSP,Low social support,Direct effect,1381,9347,"Rubin pooled over 20 imputations; cluster-robust coefficient simulation, 300 independent mediator/outcome draws",-0.0018087958023658513,-0.02235590828429471,0.018738316679563004,"-0.002 (-0.022, 0.019)",1.0870150802223963e-4,1.1416953902291326e-6,1.0990028818198022e-4,159687.9590369068,20,-,-,negative; interval includes 0
base,Base causal mediation estimand with imputed maternal baseline,Primary,TE-JMAES-H1-EC,0-5 years,Stricter restricted (>=3 complete occasions),"Low Maternal Absence, Improving SES","Low Maternal Absence, Low SES","Low Maternal Absence, Low SES vs Low Maternal Absence, Improving SES",Comparator minus reference,higher,Extension mediator,SCSP,Low social support,Indirect effect,1381,9347,"Rubin pooled over 20 imputations; cluster-robust coefficient simulation, 300 independent mediator/outcome draws",-8.972522365667379e-5,-0.0014481678392324513,0.0012687173919191037,"-0.000 (-0.001, 0.001)",4.787489323914338e-7,1.5549724038130543e-9,4.803816534154375e-7,Inf,20,-,-,negative; interval includes 0
base,Base causal mediation estimand with imputed maternal baseline,Primary,TE-JMAES-H1-EC,0-5 years,Stricter restricted (>=3 complete occasions),"Low Maternal Absence, Improving SES","Low Maternal Absence, Low SES","Low Maternal Absence, Low SES vs Low Maternal Absence, Improving SES",Comparator minus reference,higher,Extension mediator,SCSP,Low social support,Total effect,1381,9347,"Rubin pooled over 20 imputations; cluster-robust coefficient simulation, 300 independent mediator/outcome draws",-0.0018985210260225255,-0.022487958476322192,0.018690916424277143,"-0.002 (-0.022, 0.019)",1.0915752705417752e-4,1.1390625837048512e-6,1.1035354276706761e-4,161753.0173451773,20,-,-,negative; interval includes 0
base,Base causal mediation estimand with imputed maternal baseline,Primary,TE-JMAES-H1-EC,0-5 years,Stricter restricted (>=3 complete occasions),"Low Maternal Absence, Improving SES","Rising Maternal Absence, Improving SES","Rising Maternal Absence, Improving SES vs Low Maternal Absence, Improving SES",Comparator minus reference,higher,Base mediator,ESXC,Ever had sexual intercourse,Direct effect,1365,9238,"Rubin pooled over 20 imputations; cluster-robust coefficient simulation, 300 independent mediator/outcome draws",-0.00628799358212225,-0.04954032827888275,0.03696434111463825,"-0.006 (-0.050, 0.037)",4.862822330699423e-4,6.770184162663606e-7,4.8699310240702195e-4,8917018.299224626,20,-,-,negative; interval includes 0
base,Base causal mediation estimand with imputed maternal baseline,Primary,TE-JMAES-H1-EC,0-5 years,Stricter restricted (>=3 complete occasions),"Low Maternal Absence, Improving SES","Rising Maternal Absence, Improving SES","Rising Maternal Absence, Improving SES vs Low Maternal Absence, Improving SES",Comparator minus reference,higher,Base mediator,ESXC,Ever had sexual intercourse,Indirect effect,1365,9238,"Rubin pooled over 20 imputations; cluster-robust coefficient simulation, 300 independent mediator/outcome draws",-0.002444242592831277,-0.007936280082568033,0.0030477948969054786,"-0.002 (-0.008, 0.003)",7.848134056922296e-6,3.5185020369900426e-9,7.851828484061135e-6,Inf,20,-,-,negative; interval includes 0
base,Base causal mediation estimand with imputed maternal baseline,Primary,TE-JMAES-H1-EC,0-5 years,Stricter restricted (>=3 complete occasions),"Low Maternal Absence, Improving SES","Rising Maternal Absence, Improving SES","Rising Maternal Absence, Improving SES vs Low Maternal Absence, Improving SES",Comparator minus reference,higher,Base mediator,ESXC,Ever had sexual intercourse,Total effect,1365,9238,"Rubin pooled over 20 imputations; cluster-robust coefficient simulation, 300 independent mediator/outcome draws",-0.008732236174953533,-0.04907829614281445,0.03161382379290738,"-0.009 (-0.049, 0.032)",4.2307551261633347e-4,6.388633071746895e-7,4.237463190888669e-4,7581776.702745338,20,-,-,negative; interval includes 0
base,Base causal mediation estimand with imputed maternal baseline,Primary,TE-JMAES-H1-EC,0-5 years,Stricter restricted (>=3 complete occasions),"Low Maternal Absence, Improving SES","Rising Maternal Absence, Improving SES","Rising Maternal Absence, Improving SES vs Low Maternal Absence, Improving SES",Comparator minus reference,higher,Base mediator,FDSC,Food insecurity,Direct effect,1381,9347,"Rubin pooled over 20 imputations; cluster-robust coefficient simulation, 300 independent mediator/outcome draws",-0.00812940514834002,-0.04977352960813728,0.03351471931145724,"-0.008 (-0.050, 0.034)",4.5091562258348577e-4,5.104694662740205e-7,4.514516155230735e-4,13479006.602006324,20,-,-,negative; interval includes 0
base,Base causal mediation estimand with imputed maternal baseline,Primary,TE-JMAES-H1-EC,0-5 years,Stricter restricted (>=3 complete occasions),"Low Maternal Absence, Improving SES","Rising Maternal Absence, Improving SES","Rising Maternal Absence, Improving SES vs Low Maternal Absence, Improving SES",Comparator minus reference,higher,Base mediator,FDSC,Food insecurity,Indirect effect,1381,9347,"Rubin pooled over 20 imputations; cluster-robust coefficient simulation, 300 independent mediator/outcome draws",-1.2336860275787928e-4,-0.004408321045400445,0.004161583839884686,"-0.000 (-0.004, 0.004)",4.773629752011291e-6,5.7307886691625296e-9,4.779647080113911e-6,Inf,20,-,-,negative; interval includes 0
base,Base causal mediation estimand with imputed maternal baseline,Primary,TE-JMAES-H1-EC,0-5 years,Stricter restricted (>=3 complete occasions),"Low Maternal Absence, Improving SES","Rising Maternal Absence, Improving SES","Rising Maternal Absence, Improving SES vs Low Maternal Absence, Improving SES",Comparator minus reference,higher,Base mediator,FDSC,Food insecurity,Total effect,1381,9347,"Rubin pooled over 20 imputations; cluster-robust coefficient simulation, 300 independent mediator/outcome draws",-0.008252773751097899,-0.04991961650699074,0.03341406900479495,"-0.008 (-0.050, 0.033)",4.5141587883437836e-4,5.03274402490847e-7,4.5194431695699377e-4,13897451.859674513,20,-,-,negative; interval includes 0
base,Base causal mediation estimand with imputed maternal baseline,Primary,TE-JMAES-H1-EC,0-5 years,Stricter restricted (>=3 complete occasions),"Low Maternal Absence, Improving SES","Rising Maternal Absence, Improving SES","Rising Maternal Absence, Improving SES vs Low Maternal Absence, Improving SES",Comparator minus reference,higher,Base mediator,VLNC,Violence exposure,Direct effect,1381,9347,"Rubin pooled over 20 imputations; cluster-robust coefficient simulation, 300 independent mediator/outcome draws",-0.008497405746084995,-0.048080421703859025,0.031085610211689037,"-0.008 (-0.048, 0.031)",4.074245113832622e-4,4.240530380466199e-7,4.0786976707321115e-4,15943280.046332158,20,-,-,negative; interval includes 0
base,Base causal mediation estimand with imputed maternal baseline,Primary,TE-JMAES-H1-EC,0-5 years,Stricter restricted (>=3 complete occasions),"Low Maternal Absence, Improving SES","Rising Maternal Absence, Improving SES","Rising Maternal Absence, Improving SES vs Low Maternal Absence, Improving SES",Comparator minus reference,higher,Base mediator,VLNC,Violence exposure,Indirect effect,1381,9347,"Rubin pooled over 20 imputations; cluster-robust coefficient simulation, 300 independent mediator/outcome draws",3.984255608072123e-5,-0.001544969168895659,0.0016246542810571013,"0.000 (-0.002, 0.002)",6.535148160954556e-7,2.920390734494783e-10,6.538214571225775e-7,Inf,20,-,-,positive; interval includes 0
base,Base causal mediation estimand with imputed maternal baseline,Primary,TE-JMAES-H1-EC,0-5 years,Stricter restricted (>=3 complete occasions),"Low Maternal Absence, Improving SES","Rising Maternal Absence, Improving SES","Rising Maternal Absence, Improving SES vs Low Maternal Absence, Improving SES",Comparator minus reference,higher,Base mediator,VLNC,Violence exposure,Total effect,1381,9347,"Rubin pooled over 20 imputations; cluster-robust coefficient simulation, 300 independent mediator/outcome draws",-0.008457563190004274,-0.04812257581603868,0.03120744943603013,"-0.008 (-0.048, 0.031)",4.0911147029548635e-4,4.284380720814276e-7,4.0956133027117187e-4,15748412.4327411,20,-,-,negative; interval includes 0
base,Base causal mediation estimand with imputed maternal baseline,Primary,TE-JMAES-H1-EC,0-5 years,Stricter restricted (>=3 complete occasions),"Low Maternal Absence, Improving SES","Rising Maternal Absence, Improving SES","Rising Maternal Absence, Improving SES vs Low Maternal Absence, Improving SES",Comparator minus reference,higher,Extension mediator,DNKA,Alcohol use,Direct effect,1381,9347,"Rubin pooled over 20 imputations; cluster-robust coefficient simulation, 300 independent mediator/outcome draws",-0.008487581376406183,-0.04728913061442978,0.030313967861617407,"-0.008 (-0.047, 0.030)",3.914445763174472e-4,4.566012699866957e-7,3.919240076509332e-4,12697099.045710608,20,-,-,negative; interval includes 0
base,Base causal mediation estimand with imputed maternal baseline,Primary,TE-JMAES-H1-EC,0-5 years,Stricter restricted (>=3 complete occasions),"Low Maternal Absence, Improving SES","Rising Maternal Absence, Improving SES","Rising Maternal Absence, Improving SES vs Low Maternal Absence, Improving SES",Comparator minus reference,higher,Extension mediator,DNKA,Alcohol use,Indirect effect,1381,9347,"Rubin pooled over 20 imputations; cluster-robust coefficient simulation, 300 independent mediator/outcome draws",3.355193276384487e-5,-0.001120556478504746,0.0011876603440324357,"0.000 (-0.001, 0.001)",3.4658856099078217e-7,1.3897006997845224e-10,3.4673447956425955e-7,Inf,20,-,-,positive; interval includes 0
base,Base causal mediation estimand with imputed maternal baseline,Primary,TE-JMAES-H1-EC,0-5 years,Stricter restricted (>=3 complete occasions),"Low Maternal Absence, Improving SES","Rising Maternal Absence, Improving SES","Rising Maternal Absence, Improving SES vs Low Maternal Absence, Improving SES",Comparator minus reference,higher,Extension mediator,DNKA,Alcohol use,Total effect,1381,9347,"Rubin pooled over 20 imputations; cluster-robust coefficient simulation, 300 independent mediator/outcome draws",-0.00845402944364234,-0.0472678154487827,0.030359756561498023,"-0.008 (-0.047, 0.030)",3.9168832920135515e-4,4.599209688322135e-7,3.9217124621862895e-4,12530259.877910553,20,-,-,negative; interval includes 0
base,Base causal mediation estimand with imputed maternal baseline,Primary,TE-JMAES-H1-EC,0-5 years,Stricter restricted (>=3 complete occasions),"Low Maternal Absence, Improving SES","Rising Maternal Absence, Improving SES","Rising Maternal Absence, Improving SES vs Low Maternal Absence, Improving SES",Comparator minus reference,higher,Extension mediator,GOVG,Lack of government grant receipt,Direct effect,1381,9347,"Rubin pooled over 20 imputations; cluster-robust coefficient simulation, 300 independent mediator/outcome draws",-0.00769994227760131,-0.04930540893314974,0.03390552437794712,"-0.008 (-0.049, 0.034)",4.500831167109013e-4,5.054604924439634e-7,4.5061385022796745e-4,13696501.297499137,20,-,-,negative; interval includes 0
base,Base causal mediation estimand with imputed maternal baseline,Primary,TE-JMAES-H1-EC,0-5 years,Stricter restricted (>=3 complete occasions),"Low Maternal Absence, Improving SES","Rising Maternal Absence, Improving SES","Rising Maternal Absence, Improving SES vs Low Maternal Absence, Improving SES",Comparator minus reference,higher,Extension mediator,GOVG,Lack of government grant receipt,Indirect effect,1381,9347,"Rubin pooled over 20 imputations; cluster-robust coefficient simulation, 300 independent mediator/outcome draws",-8.823249723973511e-4,-0.004147794611904427,0.0023831446671097253,"-0.001 (-0.004, 0.002)",2.771222297230473e-6,4.4020054362070325e-9,2.7758444029384906e-6,Inf,20,-,-,negative; interval includes 0
base,Base causal mediation estimand with imputed maternal baseline,Primary,TE-JMAES-H1-EC,0-5 years,Stricter restricted (>=3 complete occasions),"Low Maternal Absence, Improving SES","Rising Maternal Absence, Improving SES","Rising Maternal Absence, Improving SES vs Low Maternal Absence, Improving SES",Comparator minus reference,higher,Extension mediator,GOVG,Lack of government grant receipt,Total effect,1381,9347,"Rubin pooled over 20 imputations; cluster-robust coefficient simulation, 300 independent mediator/outcome draws",-0.00858226724999866,-0.048781905274505495,0.03161737077450818,"-0.009 (-0.049, 0.032)",4.201578523337669e-4,4.937352181946312e-7,4.2067627431287123e-4,12510735.071881898,20,-,-,negative; interval includes 0
base,Base causal mediation estimand with imputed maternal baseline,Primary,TE-JMAES-H1-EC,0-5 years,Stricter restricted (>=3 complete occasions),"Low Maternal Absence, Improving SES","Rising Maternal Absence, Improving SES","Rising Maternal Absence, Improving SES vs Low Maternal Absence, Improving SES",Comparator minus reference,higher,Extension mediator,SCHL,School disengagement,Direct effect,1381,9347,"Rubin pooled over 20 imputations; cluster-robust coefficient simulation, 300 independent mediator/outcome draws",-0.00832814075705968,-0.048509006436798174,0.03185272492267882,"-0.008 (-0.049, 0.032)",4.198166609557799e-4,4.445973889061197e-7,4.202834882141313e-4,15400181.647815756,20,-,-,negative; interval includes 0
base,Base causal mediation estimand with imputed maternal baseline,Primary,TE-JMAES-H1-EC,0-5 years,Stricter restricted (>=3 complete occasions),"Low Maternal Absence, Improving SES","Rising Maternal Absence, Improving SES","Rising Maternal Absence, Improving SES vs Low Maternal Absence, Improving SES",Comparator minus reference,higher,Extension mediator,SCHL,School disengagement,Indirect effect,1381,9347,"Rubin pooled over 20 imputations; cluster-robust coefficient simulation, 300 independent mediator/outcome draws",-9.128769176883714e-5,-0.0017709059907404182,0.001588330607202744,"-0.000 (-0.002, 0.002)",7.342384386384097e-7,1.4153939369092263e-10,7.343870550017852e-7,Inf,20,-,-,negative; interval includes 0
base,Base causal mediation estimand with imputed maternal baseline,Primary,TE-JMAES-H1-EC,0-5 years,Stricter restricted (>=3 complete occasions),"Low Maternal Absence, Improving SES","Rising Maternal Absence, Improving SES","Rising Maternal Absence, Improving SES vs Low Maternal Absence, Improving SES",Comparator minus reference,higher,Extension mediator,SCHL,School disengagement,Total effect,1381,9347,"Rubin pooled over 20 imputations; cluster-robust coefficient simulation, 300 independent mediator/outcome draws",-0.008419428448828516,-0.04851297304430964,0.03167411614665261,"-0.008 (-0.049, 0.032)",4.179887848891827e-4,4.4758671706770186e-7,4.184587509421038e-4,15063501.40950673,20,-,-,negative; interval includes 0
base,Base causal mediation estimand with imputed maternal baseline,Primary,TE-JMAES-H1-EC,0-5 years,Stricter restricted (>=3 complete occasions),"Low Maternal Absence, Improving SES","Rising Maternal Absence, Improving SES","Rising Maternal Absence, Improving SES vs Low Maternal Absence, Improving SES",Comparator minus reference,higher,Extension mediator,SCSP,Low social support,Direct effect,1381,9347,"Rubin pooled over 20 imputations; cluster-robust coefficient simulation, 300 independent mediator/outcome draws",-0.007248121280052146,-0.05062622416411928,0.03612998160401499,"-0.007 (-0.051, 0.036)",4.891990170848402e-4,6.00350677709421e-7,4.898293852964351e-4,11472410.09348593,20,-,-,negative; interval includes 0
base,Base causal mediation estimand with imputed maternal baseline,Primary,TE-JMAES-H1-EC,0-5 years,Stricter restricted (>=3 complete occasions),"Low Maternal Absence, Improving SES","Rising Maternal Absence, Improving SES","Rising Maternal Absence, Improving SES vs Low Maternal Absence, Improving SES",Comparator minus reference,higher,Extension mediator,SCSP,Low social support,Indirect effect,1381,9347,"Rubin pooled over 20 imputations; cluster-robust coefficient simulation, 300 independent mediator/outcome draws",-0.0010540909101692782,-0.004372582053679209,0.002264400233340653,"-0.001 (-0.004, 0.002)",2.865723703505318e-6,9.480205628723042e-10,2.8667191250963337e-6,Inf,20,-,-,negative; interval includes 0
base,Base causal mediation estimand with imputed maternal baseline,Primary,TE-JMAES-H1-EC,0-5 years,Stricter restricted (>=3 complete occasions),"Low Maternal Absence, Improving SES","Rising Maternal Absence, Improving SES","Rising Maternal Absence, Improving SES vs Low Maternal Absence, Improving SES",Comparator minus reference,higher,Extension mediator,SCSP,Low social support,Total effect,1381,9347,"Rubin pooled over 20 imputations; cluster-robust coefficient simulation, 300 independent mediator/outcome draws",-0.008302212190221429,-0.05032815882212073,0.033723734441677866,"-0.008 (-0.050, 0.034)",4.591522368362261e-4,5.864281241188658e-7,4.597679863665509e-4,10593095.280713506,20,-,-,negative; interval includes 0
base,Base causal mediation estimand with imputed maternal baseline,Primary,TE-JMAES-H1-EC,0-5 years,Stricter restricted (>=3 complete occasions),"Low Maternal Absence, Improving SES","Rising Maternal Absence, Low SES","Rising Maternal Absence, Low SES vs Low Maternal Absence, Improving SES",Comparator minus reference,higher,Base mediator,ESXC,Ever had sexual intercourse,Direct effect,1365,9238,"Rubin pooled over 20 imputations; cluster-robust coefficient simulation, 300 independent mediator/outcome draws",-0.0023235485249471863,-0.031262994942410714,0.026615897892516338,"-0.002 (-0.031, 0.027)",2.1660809568800656e-4,1.3377976962564234e-6,2.180127832690758e-4,457675.8893194226,20,-,-,negative; interval includes 0
base,Base causal mediation estimand with imputed maternal baseline,Primary,TE-JMAES-H1-EC,0-5 years,Stricter restricted (>=3 complete occasions),"Low Maternal Absence, Improving SES","Rising Maternal Absence, Low SES","Rising Maternal Absence, Low SES vs Low Maternal Absence, Improving SES",Comparator minus reference,higher,Base mediator,ESXC,Ever had sexual intercourse,Indirect effect,1365,9238,"Rubin pooled over 20 imputations; cluster-robust coefficient simulation, 300 independent mediator/outcome draws",0.0018117990280882314,-0.00245342997424813,0.006077028030424593,"0.002 (-0.002, 0.006)",4.721924587987601e-6,1.3164538258414053e-8,4.735747353158935e-6,Inf,20,-,-,positive; interval includes 0
base,Base causal mediation estimand with imputed maternal baseline,Primary,TE-JMAES-H1-EC,0-5 years,Stricter restricted (>=3 complete occasions),"Low Maternal Absence, Improving SES","Rising Maternal Absence, Low SES","Rising Maternal Absence, Low SES vs Low Maternal Absence, Improving SES",Comparator minus reference,higher,Base mediator,ESXC,Ever had sexual intercourse,Total effect,1365,9238,"Rubin pooled over 20 imputations; cluster-robust coefficient simulation, 300 independent mediator/outcome draws",-5.117494968589528e-4,-0.030958831893469478,0.029935332899751574,"-0.001 (-0.031, 0.030)",2.399072411604403e-4,1.3454687474065596e-6,2.413199833452172e-4,554388.6716405521,20,-,-,negative; interval includes 0
base,Base causal mediation estimand with imputed maternal baseline,Primary,TE-JMAES-H1-EC,0-5 years,Stricter restricted (>=3 complete occasions),"Low Maternal Absence, Improving SES","Rising Maternal Absence, Low SES","Rising Maternal Absence, Low SES vs Low Maternal Absence, Improving SES",Comparator minus reference,higher,Base mediator,FDSC,Food insecurity,Direct effect,1381,9347,"Rubin pooled over 20 imputations; cluster-robust coefficient simulation, 300 independent mediator/outcome draws",-0.0014746008298216293,-0.03145153658011783,0.028502334920474576,"-0.001 (-0.031, 0.029)",2.3222406994877342e-4,1.619282330399247e-6,2.3392431639569262e-4,359650.432615611,20,-,-,negative; interval includes 0
base,Base causal mediation estimand with imputed maternal baseline,Primary,TE-JMAES-H1-EC,0-5 years,Stricter restricted (>=3 complete occasions),"Low Maternal Absence, Improving SES","Rising Maternal Absence, Low SES","Rising Maternal Absence, Low SES vs Low Maternal Absence, Improving SES",Comparator minus reference,higher,Base mediator,FDSC,Food insecurity,Indirect effect,1381,9347,"Rubin pooled over 20 imputations; cluster-robust coefficient simulation, 300 independent mediator/outcome draws",3.5826938762073513e-4,-0.0033690478535628268,0.004085586628804297,"0.000 (-0.003, 0.004)",3.6027185008649164e-6,1.3189198930715875e-8,3.616567159742168e-6,Inf,20,-,-,positive; interval includes 0
base,Base causal mediation estimand with imputed maternal baseline,Primary,TE-JMAES-H1-EC,0-5 years,Stricter restricted (>=3 complete occasions),"Low Maternal Absence, Improving SES","Rising Maternal Absence, Low SES","Rising Maternal Absence, Low SES vs Low Maternal Absence, Improving SES",Comparator minus reference,higher,Base mediator,FDSC,Food insecurity,Total effect,1381,9347,"Rubin pooled over 20 imputations; cluster-robust coefficient simulation, 300 independent mediator/outcome draws",-0.0011163314422008956,-0.031517036602239965,0.029284373717838173,"-0.001 (-0.032, 0.029)",2.388397043025469e-4,1.6620149219750865e-6,2.4058481997062074e-4,361111.74043469795,20,-,-,negative; interval includes 0
base,Base causal mediation estimand with imputed maternal baseline,Primary,TE-JMAES-H1-EC,0-5 years,Stricter restricted (>=3 complete occasions),"Low Maternal Absence, Improving SES","Rising Maternal Absence, Low SES","Rising Maternal Absence, Low SES vs Low Maternal Absence, Improving SES",Comparator minus reference,higher,Base mediator,VLNC,Violence exposure,Direct effect,1381,9347,"Rubin pooled over 20 imputations; cluster-robust coefficient simulation, 300 independent mediator/outcome draws",-7.194019364870536e-4,-0.0306819335710652,0.029243129698091095,"-0.001 (-0.031, 0.029)",2.3244606626520267e-4,1.1944906495303382e-6,2.3370028144720952e-4,659671.8694681856,20,-,-,negative; interval includes 0
base,Base causal mediation estimand with imputed maternal baseline,Primary,TE-JMAES-H1-EC,0-5 years,Stricter restricted (>=3 complete occasions),"Low Maternal Absence, Improving SES","Rising Maternal Absence, Low SES","Rising Maternal Absence, Low SES vs Low Maternal Absence, Improving SES",Comparator minus reference,higher,Base mediator,VLNC,Violence exposure,Indirect effect,1381,9347,"Rubin pooled over 20 imputations; cluster-robust coefficient simulation, 300 independent mediator/outcome draws",1.6468836670923952e-4,-0.0012475309867403194,0.0015769077201587983,"0.000 (-0.001, 0.002)",5.18479042597104e-7,6.564001188542835e-10,5.19168262721901e-7,Inf,20,-,-,positive; interval includes 0
base,Base causal mediation estimand with imputed maternal baseline,Primary,TE-JMAES-H1-EC,0-5 years,Stricter restricted (>=3 complete occasions),"Low Maternal Absence, Improving SES","Rising Maternal Absence, Low SES","Rising Maternal Absence, Low SES vs Low Maternal Absence, Improving SES",Comparator minus reference,higher,Base mediator,VLNC,Violence exposure,Total effect,1381,9347,"Rubin pooled over 20 imputations; cluster-robust coefficient simulation, 300 independent mediator/outcome draws",-5.547135697778155e-4,-0.030647299547655795,0.02953787240810016,"-0.001 (-0.031, 0.030)",2.344651144672539e-4,1.2079509997694531e-6,2.3573346301701182e-4,656324.8379881048,20,-,-,negative; interval includes 0
base,Base causal mediation estimand with imputed maternal baseline,Primary,TE-JMAES-H1-EC,0-5 years,Stricter restricted (>=3 complete occasions),"Low Maternal Absence, Improving SES","Rising Maternal Absence, Low SES","Rising Maternal Absence, Low SES vs Low Maternal Absence, Improving SES",Comparator minus reference,higher,Extension mediator,DNKA,Alcohol use,Direct effect,1381,9347,"Rubin pooled over 20 imputations; cluster-robust coefficient simulation, 300 independent mediator/outcome draws",-7.622714842272924e-4,-0.030824466476986095,0.02929992350853151,"-0.001 (-0.031, 0.029)",2.3401754755997609e-4,1.1809988669046627e-06,2.35257596370226e-4,683853.937692794,20,-,-,negative; interval includes 0
base,Base causal mediation estimand with imputed maternal baseline,Primary,TE-JMAES-H1-EC,0-5 years,Stricter restricted (>=3 complete occasions),"Low Maternal Absence, Improving SES","Rising Maternal Absence, Low SES","Rising Maternal Absence, Low SES vs Low Maternal Absence, Improving SES",Comparator minus reference,higher,Extension mediator,DNKA,Alcohol use,Indirect effect,1381,9347,"Rubin pooled over 20 imputations; cluster-robust coefficient simulation, 300 independent mediator/outcome draws",2.0796342999253176e-4,-0.00123414037990296,0.0016500672398880236,"0.000 (-0.001, 0.002)",5.406698733158445e-7,6.699698284289596e-10,5.413733416356948e-7,Inf,20,-,-,positive; interval includes 0
base,Base causal mediation estimand with imputed maternal baseline,Primary,TE-JMAES-H1-EC,0-5 years,Stricter restricted (>=3 complete occasions),"Low Maternal Absence, Improving SES","Rising Maternal Absence, Low SES","Rising Maternal Absence, Low SES vs Low Maternal Absence, Improving SES",Comparator minus reference,higher,Extension mediator,DNKA,Alcohol use,Total effect,1381,9347,"Rubin pooled over 20 imputations; cluster-robust coefficient simulation, 300 independent mediator/outcome draws",-5.543080542347619e-4,-0.030818620049572792,0.029710003941103267,"-0.001 (-0.031, 0.030)",2.3717225975430814e-4,1.19940933061773e-6,2.3843163955145676e-4,681032.6402214188,20,-,-,negative; interval includes 0
base,Base causal mediation estimand with imputed maternal baseline,Primary,TE-JMAES-H1-EC,0-5 years,Stricter restricted (>=3 complete occasions),"Low Maternal Absence, Improving SES","Rising Maternal Absence, Low SES","Rising Maternal Absence, Low SES vs Low Maternal Absence, Improving SES",Comparator minus reference,higher,Extension mediator,GOVG,Lack of government grant receipt,Direct effect,1381,9347,"Rubin pooled over 20 imputations; cluster-robust coefficient simulation, 300 independent mediator/outcome draws",3.130237751090115e-4,-0.030689902731057307,0.03131595028127533,"0.000 (-0.031, 0.031)",2.4866278331690046e-4,1.4748659314288477e-6,2.5021139254490074e-4,496002.7395097098,20,-,-,positive; interval includes 0
base,Base causal mediation estimand with imputed maternal baseline,Primary,TE-JMAES-H1-EC,0-5 years,Stricter restricted (>=3 complete occasions),"Low Maternal Absence, Improving SES","Rising Maternal Absence, Low SES","Rising Maternal Absence, Low SES vs Low Maternal Absence, Improving SES",Comparator minus reference,higher,Extension mediator,GOVG,Lack of government grant receipt,Indirect effect,1381,9347,"Rubin pooled over 20 imputations; cluster-robust coefficient simulation, 300 independent mediator/outcome draws",-8.192504256056869e-4,-0.0034002811545924055,0.0017617803033810316,"-0.001 (-0.003, 0.002)",1.724596704364099e-6,9.111717478697945e-9,1.734164007716732e-6,Inf,20,-,-,negative; interval includes 0
base,Base causal mediation estimand with imputed maternal baseline,Primary,TE-JMAES-H1-EC,0-5 years,Stricter restricted (>=3 complete occasions),"Low Maternal Absence, Improving SES","Rising Maternal Absence, Low SES","Rising Maternal Absence, Low SES vs Low Maternal Absence, Improving SES",Comparator minus reference,higher,Extension mediator,GOVG,Lack of government grant receipt,Total effect,1381,9347,"Rubin pooled over 20 imputations; cluster-robust coefficient simulation, 300 independent mediator/outcome draws",-5.062266504966741e-4,-0.03092907124175006,0.029916617940756708,"-0.001 (-0.031, 0.030)",2.3942537910867127e-4,1.4384675180102101e-6,2.40935770002582e-4,483478.8121766525,20,-,-,negative; interval includes 0
base,Base causal mediation estimand with imputed maternal baseline,Primary,TE-JMAES-H1-EC,0-5 years,Stricter restricted (>=3 complete occasions),"Low Maternal Absence, Improving SES","Rising Maternal Absence, Low SES","Rising Maternal Absence, Low SES vs Low Maternal Absence, Improving SES",Comparator minus reference,higher,Extension mediator,SCHL,School disengagement,Direct effect,1381,9347,"Rubin pooled over 20 imputations; cluster-robust coefficient simulation, 300 independent mediator/outcome draws",-6.985146864722921e-4,-0.03097490336467134,0.029577873991726754,"-0.001 (-0.031, 0.030)",2.3733840195895974e-4,1.222411264623287e-6,2.3862193378681418e-4,656690.9602257276,20,-,-,negative; interval includes 0
base,Base causal mediation estimand with imputed maternal baseline,Primary,TE-JMAES-H1-EC,0-5 years,Stricter restricted (>=3 complete occasions),"Low Maternal Absence, Improving SES","Rising Maternal Absence, Low SES","Rising Maternal Absence, Low SES vs Low Maternal Absence, Improving SES",Comparator minus reference,higher,Extension mediator,SCHL,School disengagement,Indirect effect,1381,9347,"Rubin pooled over 20 imputations; cluster-robust coefficient simulation, 300 independent mediator/outcome draws",3.4925895577393036e-5,-0.0015952793863362178,0.0016651311774910037,"0.000 (-0.002, 0.002)",6.904013857577711e-7,1.3439259588417111e-9,6.918125080145548e-7,Inf,20,-,-,positive; interval includes 0
base,Base causal mediation estimand with imputed maternal baseline,Primary,TE-JMAES-H1-EC,0-5 years,Stricter restricted (>=3 complete occasions),"Low Maternal Absence, Improving SES","Rising Maternal Absence, Low SES","Rising Maternal Absence, Low SES vs Low Maternal Absence, Improving SES",Comparator minus reference,higher,Extension mediator,SCHL,School disengagement,Total effect,1381,9347,"Rubin pooled over 20 imputations; cluster-robust coefficient simulation, 300 independent mediator/outcome draws",-6.635887908948994e-4,-0.031025179377635312,0.029698001795845516,"-0.001 (-0.031, 0.030)",2.3867046743093537e-4,1.2346457657070573e-6,2.3996684548492777e-4,651017.6231410166,20,-,-,negative; interval includes 0
base,Base causal mediation estimand with imputed maternal baseline,Primary,TE-JMAES-H1-EC,0-5 years,Stricter restricted (>=3 complete occasions),"Low Maternal Absence, Improving SES","Rising Maternal Absence, Low SES","Rising Maternal Absence, Low SES vs Low Maternal Absence, Improving SES",Comparator minus reference,higher,Extension mediator,SCSP,Low social support,Direct effect,1381,9347,"Rubin pooled over 20 imputations; cluster-robust coefficient simulation, 300 independent mediator/outcome draws",-7.378686184127809e-4,-0.03150606228944613,0.030030325052620564,"-0.001 (-0.032, 0.030)",2.4512229972131966e-4,1.2522741786539266e-6,2.464371876089063e-4,667403.7448391895,20,-,-,negative; interval includes 0
base,Base causal mediation estimand with imputed maternal baseline,Primary,TE-JMAES-H1-EC,0-5 years,Stricter restricted (>=3 complete occasions),"Low Maternal Absence, Improving SES","Rising Maternal Absence, Low SES","Rising Maternal Absence, Low SES vs Low Maternal Absence, Improving SES",Comparator minus reference,higher,Extension mediator,SCSP,Low social support,Indirect effect,1381,9347,"Rubin pooled over 20 imputations; cluster-robust coefficient simulation, 300 independent mediator/outcome draws",5.484171634276535e-4,-0.001806197414558406,0.0029030317414137133,"0.001 (-0.002, 0.003)",1.4384964261408813e-6,4.533254529468103e-9,1.4432563433968228e-6,Inf,20,-,-,positive; interval includes 0
base,Base causal mediation estimand with imputed maternal baseline,Primary,TE-JMAES-H1-EC,0-5 years,Stricter restricted (>=3 complete occasions),"Low Maternal Absence, Improving SES","Rising Maternal Absence, Low SES","Rising Maternal Absence, Low SES vs Low Maternal Absence, Improving SES",Comparator minus reference,higher,Extension mediator,SCSP,Low social support,Total effect,1381,9347,"Rubin pooled over 20 imputations; cluster-robust coefficient simulation, 300 independent mediator/outcome draws",-1.894514549851292e-4,-0.03121230885576436,0.0308334059457941,"-0.000 (-0.031, 0.031)",2.49152903535916e-4,1.3148127520500776e-6,2.5053345692556856e-4,625718.0016425499,20,-,-,negative; interval includes 0
base,Base causal mediation estimand with imputed maternal baseline,Primary,TE-JMAES-H1-MLC,6-12 years,Stricter restricted (>=3 complete occasions),"Low Maternal Absence, Higher SES","Decreasing Maternal Absence, Low SES","Decreasing Maternal Absence, Low SES vs Low Maternal Absence, Higher SES",Comparator minus reference,higher,Base mediator,ESXC,Ever had sexual intercourse,Direct effect,1365,9238,"Rubin pooled over 20 imputations; cluster-robust coefficient simulation, 300 independent mediator/outcome draws",0.015728411426395437,-0.02364255905745291,0.055099381910243786,"0.016 (-0.024, 0.055)",4.0115455081192415e-4,2.2431707174710604e-6,4.0350988006526874e-4,557646.1328894543,20,-,-,positive; interval includes 0
base,Base causal mediation estimand with imputed maternal baseline,Primary,TE-JMAES-H1-MLC,6-12 years,Stricter restricted (>=3 complete occasions),"Low Maternal Absence, Higher SES","Decreasing Maternal Absence, Low SES","Decreasing Maternal Absence, Low SES vs Low Maternal Absence, Higher SES",Comparator minus reference,higher,Base mediator,ESXC,Ever had sexual intercourse,Indirect effect,1365,9238,"Rubin pooled over 20 imputations; cluster-robust coefficient simulation, 300 independent mediator/outcome draws",0.005342803357647906,-0.004138590603429455,0.014824197318725267,"0.005 (-0.004, 0.015)",2.3357162643479922e-5,4.2447028441963764e-8,2.3401732023343985e-5,5238131.801755482,20,0.25355934208851905,25.4%,positive; interval includes 0
base,Base causal mediation estimand with imputed maternal baseline,Primary,TE-JMAES-H1-MLC,6-12 years,Stricter restricted (>=3 complete occasions),"Low Maternal Absence, Higher SES","Decreasing Maternal Absence, Low SES","Decreasing Maternal Absence, Low SES vs Low Maternal Absence, Higher SES",Comparator minus reference,higher,Base mediator,ESXC,Ever had sexual intercourse,Total effect,1365,9238,"Rubin pooled over 20 imputations; cluster-robust coefficient simulation, 300 independent mediator/outcome draws",0.021071214784043345,-0.023625052405019224,0.06576748197310592,"0.021 (-0.024, 0.066)",5.174390756995201e-4,2.4864027746403926e-6,5.200497986128925e-4,753914.1670448501,20,-,-,positive; interval includes 0
base,Base causal mediation estimand with imputed maternal baseline,Primary,TE-JMAES-H1-MLC,6-12 years,Stricter restricted (>=3 complete occasions),"Low Maternal Absence, Higher SES","Decreasing Maternal Absence, Low SES","Decreasing Maternal Absence, Low SES vs Low Maternal Absence, Higher SES",Comparator minus reference,higher,Base mediator,FDSC,Food insecurity,Direct effect,1381,9347,"Rubin pooled over 20 imputations; cluster-robust coefficient simulation, 300 independent mediator/outcome draws",0.017017110114597892,-0.023499737172102773,0.05753395740129856,"0.017 (-0.023, 0.058)",4.2529073452837203e-4,1.951951796765742e-6,4.2734028391497607e-4,826008.4573713272,20,-,-,positive; interval includes 0
base,Base causal mediation estimand with imputed maternal baseline,Primary,TE-JMAES-H1-MLC,6-12 years,Stricter restricted (>=3 complete occasions),"Low Maternal Absence, Higher SES","Decreasing Maternal Absence, Low SES","Decreasing Maternal Absence, Low SES vs Low Maternal Absence, Higher SES",Comparator minus reference,higher,Base mediator,FDSC,Food insecurity,Indirect effect,1381,9347,"Rubin pooled over 20 imputations; cluster-robust coefficient simulation, 300 independent mediator/outcome draws",0.0048657912329802605,-0.004823017992113714,0.014554600458074236,"0.005 (-0.005, 0.015)",2.438929891675259e-5,4.524361200501349e-8,2.4436804709357856e-5,5027467.830245209,20,0.22235585472393365,22.2%,positive; interval includes 0
base,Base causal mediation estimand with imputed maternal baseline,Primary,TE-JMAES-H1-MLC,6-12 years,Stricter restricted (>=3 complete occasions),"Low Maternal Absence, Higher SES","Decreasing Maternal Absence, Low SES","Decreasing Maternal Absence, Low SES vs Low Maternal Absence, Higher SES",Comparator minus reference,higher,Base mediator,FDSC,Food insecurity,Total effect,1381,9347,"Rubin pooled over 20 imputations; cluster-robust coefficient simulation, 300 independent mediator/outcome draws",0.021882901347578157,-0.023723275626792766,0.06748907832194909,"0.022 (-0.024, 0.067)",5.390075976221326e-4,2.316218606322091e-6,5.414396271587709e-4,941707.4077650071,20,-,-,positive; interval includes 0
base,Base causal mediation estimand with imputed maternal baseline,Primary,TE-JMAES-H1-MLC,6-12 years,Stricter restricted (>=3 complete occasions),"Low Maternal Absence, Higher SES","Decreasing Maternal Absence, Low SES","Decreasing Maternal Absence, Low SES vs Low Maternal Absence, Higher SES",Comparator minus reference,higher,Base mediator,VLNC,Violence exposure,Direct effect,1381,9347,"Rubin pooled over 20 imputations; cluster-robust coefficient simulation, 300 independent mediator/outcome draws",0.021223462528871057,-0.024789055480016683,0.0672359805377588,"0.021 (-0.025, 0.067)",5.482957977760125e-4,2.6996067211807637e-6,5.511303848332523e-4,718261.704215955,20,-,-,positive; interval includes 0
base,Base causal mediation estimand with imputed maternal baseline,Primary,TE-JMAES-H1-MLC,6-12 years,Stricter restricted (>=3 complete occasions),"Low Maternal Absence, Higher SES","Decreasing Maternal Absence, Low SES","Decreasing Maternal Absence, Low SES vs Low Maternal Absence, Higher SES",Comparator minus reference,higher,Base mediator,VLNC,Violence exposure,Indirect effect,1381,9347,"Rubin pooled over 20 imputations; cluster-robust coefficient simulation, 300 independent mediator/outcome draws",8.976257872122279e-4,-0.002863786406805363,0.004659037981229818,"0.001 (-0.003, 0.005)",3.6798715084293404e-6,3.01146214902731e-9,3.6830335436858192e-6,Inf,20,0.040577831180195735,4.1%,positive; interval includes 0
base,Base causal mediation estimand with imputed maternal baseline,Primary,TE-JMAES-H1-MLC,6-12 years,Stricter restricted (>=3 complete occasions),"Low Maternal Absence, Higher SES","Decreasing Maternal Absence, Low SES","Decreasing Maternal Absence, Low SES vs Low Maternal Absence, Higher SES",Comparator minus reference,higher,Base mediator,VLNC,Violence exposure,Total effect,1381,9347,"Rubin pooled over 20 imputations; cluster-robust coefficient simulation, 300 independent mediator/outcome draws",0.022121088316083285,-0.024836652310409307,0.06907882894257587,"0.022 (-0.025, 0.069)",5.711039936884467e-4,2.764264231438089e-6,5.740064711314567e-4,743103.7816867111,20,-,-,positive; interval includes 0
base,Base causal mediation estimand with imputed maternal baseline,Primary,TE-JMAES-H1-MLC,6-12 years,Stricter restricted (>=3 complete occasions),"Low Maternal Absence, Higher SES","Decreasing Maternal Absence, Low SES","Decreasing Maternal Absence, Low SES vs Low Maternal Absence, Higher SES",Comparator minus reference,higher,Extension mediator,DNKA,Alcohol use,Direct effect,1381,9347,"Rubin pooled over 20 imputations; cluster-robust coefficient simulation, 300 independent mediator/outcome draws",0.021343188003692115,-0.02651820798240255,0.06920458398978678,"0.021 (-0.027, 0.069)",5.937333066910128e-4,2.4558428366654407e-6,5.963119416695115e-4,1016063.5576816215,20,-,-,positive; interval includes 0
base,Base causal mediation estimand with imputed maternal baseline,Primary,TE-JMAES-H1-MLC,6-12 years,Stricter restricted (>=3 complete occasions),"Low Maternal Absence, Higher SES","Decreasing Maternal Absence, Low SES","Decreasing Maternal Absence, Low SES vs Low Maternal Absence, Higher SES",Comparator minus reference,higher,Extension mediator,DNKA,Alcohol use,Indirect effect,1381,9347,"Rubin pooled over 20 imputations; cluster-robust coefficient simulation, 300 independent mediator/outcome draws",6.972578688303494e-4,-0.0026992315689936906,0.004093747306654389,"0.001 (-0.003, 0.004)",3.000400923598934e-6,2.5347284405572444e-9,3.0030623884615195e-6,Inf,20,0.031635379468416824,3.2%,positive; interval includes 0
base,Base causal mediation estimand with imputed maternal baseline,Primary,TE-JMAES-H1-MLC,6-12 years,Stricter restricted (>=3 complete occasions),"Low Maternal Absence, Higher SES","Decreasing Maternal Absence, Low SES","Decreasing Maternal Absence, Low SES vs Low Maternal Absence, Higher SES",Comparator minus reference,higher,Extension mediator,DNKA,Alcohol use,Total effect,1381,9347,"Rubin pooled over 20 imputations; cluster-robust coefficient simulation, 300 independent mediator/outcome draws",0.022040445872522463,-0.02602030701684141,0.07010119876188634,"0.022 (-0.026, 0.070)",5.986416907184323e-4,2.5220718335897426e-6,6.012898661437015e-4,979552.8395032858,20,-,-,positive; interval includes 0
base,Base causal mediation estimand with imputed maternal baseline,Primary,TE-JMAES-H1-MLC,6-12 years,Stricter restricted (>=3 complete occasions),"Low Maternal Absence, Higher SES","Decreasing Maternal Absence, Low SES","Decreasing Maternal Absence, Low SES vs Low Maternal Absence, Higher SES",Comparator minus reference,higher,Extension mediator,GOVG,Lack of government grant receipt,Direct effect,1381,9347,"Rubin pooled over 20 imputations; cluster-robust coefficient simulation, 300 independent mediator/outcome draws",0.02184867856774911,-0.025277438011473672,0.0689747951469719,"0.022 (-0.025, 0.069)",5.750800967348196e-4,2.904769080618349e-6,5.781301042694689e-4,682657.6249264117,20,-,-,positive; interval includes 0
base,Base causal mediation estimand with imputed maternal baseline,Primary,TE-JMAES-H1-MLC,6-12 years,Stricter restricted (>=3 complete occasions),"Low Maternal Absence, Higher SES","Decreasing Maternal Absence, Low SES","Decreasing Maternal Absence, Low SES vs Low Maternal Absence, Higher SES",Comparator minus reference,higher,Extension mediator,GOVG,Lack of government grant receipt,Indirect effect,1381,9347,"Rubin pooled over 20 imputations; cluster-robust coefficient simulation, 300 independent mediator/outcome draws",4.973529881788803e-4,-0.003784588869870713,0.0047792948462284735,"0.000 (-0.004, 0.005)",4.752758783241928e-6,1.920332832485455e-8,4.772922277983026e-6,1064610.4213798775,20,0.022256882029997028,2.2%,positive; interval includes 0
base,Base causal mediation estimand with imputed maternal baseline,Primary,TE-JMAES-H1-MLC,6-12 years,Stricter restricted (>=3 complete occasions),"Low Maternal Absence, Higher SES","Decreasing Maternal Absence, Low SES","Decreasing Maternal Absence, Low SES vs Low Maternal Absence, Higher SES",Comparator minus reference,higher,Extension mediator,GOVG,Lack of government grant receipt,Total effect,1381,9347,"Rubin pooled over 20 imputations; cluster-robust coefficient simulation, 300 independent mediator/outcome draws",0.022346031555927993,-0.025419972169364563,0.07011203528122055,"0.022 (-0.025, 0.070)",5.908559299734633e-4,2.9340458015448546e-6,5.939366780650854e-4,706189.9226793032,20,-,-,positive; interval includes 0
base,Base causal mediation estimand with imputed maternal baseline,Primary,TE-JMAES-H1-MLC,6-12 years,Stricter restricted (>=3 complete occasions),"Low Maternal Absence, Higher SES","Decreasing Maternal Absence, Low SES","Decreasing Maternal Absence, Low SES vs Low Maternal Absence, Higher SES",Comparator minus reference,higher,Extension mediator,SCHL,School disengagement,Direct effect,1381,9347,"Rubin pooled over 20 imputations; cluster-robust coefficient simulation, 300 independent mediator/outcome draws",0.02135693158506254,-0.024519397572731843,0.06723326074285692,"0.021 (-0.025, 0.067)",5.452785629539206e-4,2.4708912996428813e-6,5.478729988185457e-4,847281.0966456521,20,-,-,positive; interval includes 0
base,Base causal mediation estimand with imputed maternal baseline,Primary,TE-JMAES-H1-MLC,6-12 years,Stricter restricted (>=3 complete occasions),"Low Maternal Absence, Higher SES","Decreasing Maternal Absence, Low SES","Decreasing Maternal Absence, Low SES vs Low Maternal Absence, Higher SES",Comparator minus reference,higher,Extension mediator,SCHL,School disengagement,Indirect effect,1381,9347,"Rubin pooled over 20 imputations; cluster-robust coefficient simulation, 300 independent mediator/outcome draws",6.884144087005182e-4,-0.003989024938525213,0.005365853755926249,"0.001 (-0.004, 0.005)",5.689939335901246e-6,5.149629924884941e-9,5.695346447322376e-6,Inf,20,0.03122719910566523,3.1%,positive; interval includes 0
base,Base causal mediation estimand with imputed maternal baseline,Primary,TE-JMAES-H1-MLC,6-12 years,Stricter restricted (>=3 complete occasions),"Low Maternal Absence, Higher SES","Decreasing Maternal Absence, Low SES","Decreasing Maternal Absence, Low SES vs Low Maternal Absence, Higher SES",Comparator minus reference,higher,Extension mediator,SCHL,School disengagement,Total effect,1381,9347,"Rubin pooled over 20 imputations; cluster-robust coefficient simulation, 300 independent mediator/outcome draws",0.022045345993763055,-0.025059550070348328,0.06915024205787444,"0.022 (-0.025, 0.069)",5.749297896385395e-4,2.5526102537367435e-6,5.77610030404963e-4,882420.1904334958,20,-,-,positive; interval includes 0
base,Base causal mediation estimand with imputed maternal baseline,Primary,TE-JMAES-H1-MLC,6-12 years,Stricter restricted (>=3 complete occasions),"Low Maternal Absence, Higher SES","Decreasing Maternal Absence, Low SES","Decreasing Maternal Absence, Low SES vs Low Maternal Absence, Higher SES",Comparator minus reference,higher,Extension mediator,SCSP,Low social support,Direct effect,1381,9347,"Rubin pooled over 20 imputations; cluster-robust coefficient simulation, 300 independent mediator/outcome draws",0.020953655570272157,-0.02660822475084148,0.06851553589138579,"0.021 (-0.027, 0.069)",5.861485310864361e-4,2.5934719385841807e-6,5.888716766219495e-4,888491.4005621432,20,-,-,positive; interval includes 0
base,Base causal mediation estimand with imputed maternal baseline,Primary,TE-JMAES-H1-MLC,6-12 years,Stricter restricted (>=3 complete occasions),"Low Maternal Absence, Higher SES","Decreasing Maternal Absence, Low SES","Decreasing Maternal Absence, Low SES vs Low Maternal Absence, Higher SES",Comparator minus reference,higher,Extension mediator,SCSP,Low social support,Indirect effect,1381,9347,"Rubin pooled over 20 imputations; cluster-robust coefficient simulation, 300 independent mediator/outcome draws",7.920265622415063e-4,-0.0036393670586959406,0.005223420183178953,"0.001 (-0.004, 0.005)",5.1028513978978605e-6,8.641536151950458e-9,5.111925010857408e-6,Inf,20,0.03642224499627379,3.6%,positive; interval includes 0
base,Base causal mediation estimand with imputed maternal baseline,Primary,TE-JMAES-H1-MLC,6-12 years,Stricter restricted (>=3 complete occasions),"Low Maternal Absence, Higher SES","Decreasing Maternal Absence, Low SES","Decreasing Maternal Absence, Low SES vs Low Maternal Absence, Higher SES",Comparator minus reference,higher,Extension mediator,SCSP,Low social support,Total effect,1381,9347,"Rubin pooled over 20 imputations; cluster-robust coefficient simulation, 300 independent mediator/outcome draws",0.021745682132513666,-0.026522167124431322,0.07001353138945865,"0.022 (-0.027, 0.070)",6.036808887083308e-4,2.6685450746180628e-6,6.064828610366798e-4,890149.5605545803,20,-,-,positive; interval includes 0
base,Base causal mediation estimand with imputed maternal baseline,Primary,TE-JMAES-H1-MLC,6-12 years,Stricter restricted (>=3 complete occasions),"Low Maternal Absence, Higher SES","High Maternal Absence, Improving SES","High Maternal Absence, Improving SES vs Low Maternal Absence, Higher SES",Comparator minus reference,higher,Base mediator,ESXC,Ever had sexual intercourse,Direct effect,1365,9238,"Rubin pooled over 20 imputations; cluster-robust coefficient simulation, 300 independent mediator/outcome draws",0.025837655126097696,-0.010905922520827886,0.06258123277302327,"0.026 (-0.011, 0.063)",3.498055315331202e-4,1.567653583170381e-6,3.5145156779544913e-4,866175.2576270626,20,-,-,positive; interval includes 0
base,Base causal mediation estimand with imputed maternal baseline,Primary,TE-JMAES-H1-MLC,6-12 years,Stricter restricted (>=3 complete occasions),"Low Maternal Absence, Higher SES","High Maternal Absence, Improving SES","High Maternal Absence, Improving SES vs Low Maternal Absence, Higher SES",Comparator minus reference,higher,Base mediator,ESXC,Ever had sexual intercourse,Indirect effect,1365,9238,"Rubin pooled over 20 imputations; cluster-robust coefficient simulation, 300 independent mediator/outcome draws",-8.247505356257191e-4,-0.005912250137387927,0.004262749066136489,"-0.001 (-0.006, 0.004)",6.689523990943012e-6,4.585382728656351e-8,6.7376705095939035e-6,372086.02522179636,20,-,-,negative; interval includes 0
base,Base causal mediation estimand with imputed maternal baseline,Primary,TE-JMAES-H1-MLC,6-12 years,Stricter restricted (>=3 complete occasions),"Low Maternal Absence, Higher SES","High Maternal Absence, Improving SES","High Maternal Absence, Improving SES vs Low Maternal Absence, Higher SES",Comparator minus reference,higher,Base mediator,ESXC,Ever had sexual intercourse,Total effect,1365,9238,"Rubin pooled over 20 imputations; cluster-robust coefficient simulation, 300 independent mediator/outcome draws",0.025012904590471976,-0.011561167021592388,0.061586976202536337,"0.025 (-0.012, 0.062)",3.4679189776327935e-4,1.3568919129750075e-6,3.482166342719031e-4,1134967.7508170877,20,-,-,positive; interval includes 0
base,Base causal mediation estimand with imputed maternal baseline,Primary,TE-JMAES-H1-MLC,6-12 years,Stricter restricted (>=3 complete occasions),"Low Maternal Absence, Higher SES","High Maternal Absence, Improving SES","High Maternal Absence, Improving SES vs Low Maternal Absence, Higher SES",Comparator minus reference,higher,Base mediator,FDSC,Food insecurity,Direct effect,1381,9347,"Rubin pooled over 20 imputations; cluster-robust coefficient simulation, 300 independent mediator/outcome draws",0.02514269313955465,-0.010746285872820584,0.06103167215192988,"0.025 (-0.011, 0.061)",3.33586933062386e-4,1.624903270336336e-6,3.3529308149623914e-4,733785.5609926144,20,-,-,positive; interval includes 0
base,Base causal mediation estimand with imputed maternal baseline,Primary,TE-JMAES-H1-MLC,6-12 years,Stricter restricted (>=3 complete occasions),"Low Maternal Absence, Higher SES","High Maternal Absence, Improving SES","High Maternal Absence, Improving SES vs Low Maternal Absence, Higher SES",Comparator minus reference,higher,Base mediator,FDSC,Food insecurity,Indirect effect,1381,9347,"Rubin pooled over 20 imputations; cluster-robust coefficient simulation, 300 independent mediator/outcome draws",-4.8476584842080536e-4,-0.005894490344606252,0.004924958647764641,"-0.000 (-0.006, 0.005)",7.596149870255917e-6,2.102150359055413e-8,7.6182224490259994e-6,2263365.802109391,20,-,-,negative; interval includes 0
base,Base causal mediation estimand with imputed maternal baseline,Primary,TE-JMAES-H1-MLC,6-12 years,Stricter restricted (>=3 complete occasions),"Low Maternal Absence, Higher SES","High Maternal Absence, Improving SES","High Maternal Absence, Improving SES vs Low Maternal Absence, Higher SES",Comparator minus reference,higher,Base mediator,FDSC,Food insecurity,Total effect,1381,9347,"Rubin pooled over 20 imputations; cluster-robust coefficient simulation, 300 independent mediator/outcome draws",0.024657927291133842,-0.011284211473143464,0.06060006605541115,"0.025 (-0.011, 0.061)",3.3465273699258936e-4,1.5566364358938705e-6,3.3628720525027793e-4,804305.998040986,20,-,-,positive; interval includes 0
base,Base causal mediation estimand with imputed maternal baseline,Primary,TE-JMAES-H1-MLC,6-12 years,Stricter restricted (>=3 complete occasions),"Low Maternal Absence, Higher SES","High Maternal Absence, Improving SES","High Maternal Absence, Improving SES vs Low Maternal Absence, Higher SES",Comparator minus reference,higher,Base mediator,VLNC,Violence exposure,Direct effect,1381,9347,"Rubin pooled over 20 imputations; cluster-robust coefficient simulation, 300 independent mediator/outcome draws",0.025866994615872278,-0.010947483707815942,0.0626814729395605,"0.026 (-0.011, 0.063)",3.514844127713603e-4,1.2620405108867045e-6,3.5280955530779133e-4,1346818.548534589,20,-,-,positive; interval includes 0
base,Base causal mediation estimand with imputed maternal baseline,Primary,TE-JMAES-H1-MLC,6-12 years,Stricter restricted (>=3 complete occasions),"Low Maternal Absence, Higher SES","High Maternal Absence, Improving SES","High Maternal Absence, Improving SES vs Low Maternal Absence, Higher SES",Comparator minus reference,higher,Base mediator,VLNC,Violence exposure,Indirect effect,1381,9347,"Rubin pooled over 20 imputations; cluster-robust coefficient simulation, 300 independent mediator/outcome draws",-9.50430172672045e-4,-0.003998636312592273,0.002097775967248183,"-0.001 (-0.004, 0.002)",2.4169666554769966e-6,1.7063937631532091e-9,2.4187583689283077e-6,Inf,20,-,-,negative; interval includes 0
base,Base causal mediation estimand with imputed maternal baseline,Primary,TE-JMAES-H1-MLC,6-12 years,Stricter restricted (>=3 complete occasions),"Low Maternal Absence, Higher SES","High Maternal Absence, Improving SES","High Maternal Absence, Improving SES vs Low Maternal Absence, Higher SES",Comparator minus reference,higher,Base mediator,VLNC,Violence exposure,Total effect,1381,9347,"Rubin pooled over 20 imputations; cluster-robust coefficient simulation, 300 independent mediator/outcome draws",0.024916564443200236,-0.011291541198635395,0.061124670085035866,"0.025 (-0.011, 0.061)",3.3997443195603577e-4,1.2462225396520243e-6,3.412829656226704e-4,1292447.8343375053,20,-,-,positive; interval includes 0
base,Base causal mediation estimand with imputed maternal baseline,Primary,TE-JMAES-H1-MLC,6-12 years,Stricter restricted (>=3 complete occasions),"Low Maternal Absence, Higher SES","High Maternal Absence, Improving SES","High Maternal Absence, Improving SES vs Low Maternal Absence, Higher SES",Comparator minus reference,higher,Extension mediator,DNKA,Alcohol use,Direct effect,1381,9347,"Rubin pooled over 20 imputations; cluster-robust coefficient simulation, 300 independent mediator/outcome draws",0.024527258771163084,-0.012096733246499392,0.061151250788825565,"0.025 (-0.012, 0.061)",3.478651220097785e-4,1.2408159781244787e-6,3.491679787868092e-4,1364674.4672755033,20,-,-,positive; interval includes 0
base,Base causal mediation estimand with imputed maternal baseline,Primary,TE-JMAES-H1-MLC,6-12 years,Stricter restricted (>=3 complete occasions),"Low Maternal Absence, Higher SES","High Maternal Absence, Improving SES","High Maternal Absence, Improving SES vs Low Maternal Absence, Higher SES",Comparator minus reference,higher,Extension mediator,DNKA,Alcohol use,Indirect effect,1381,9347,"Rubin pooled over 20 imputations; cluster-robust coefficient simulation, 300 independent mediator/outcome draws",3.8018196608706305e-4,-0.0018109479651007452,0.0025713118972748713,"0.000 (-0.002, 0.003)",1.2487133946679887e-6,1.0336576298723965e-9,1.2497987351793546e-6,Inf,20,0.015263790852605926,1.5%,positive; interval includes 0
base,Base causal mediation estimand with imputed maternal baseline,Primary,TE-JMAES-H1-MLC,6-12 years,Stricter restricted (>=3 complete occasions),"Low Maternal Absence, Higher SES","High Maternal Absence, Improving SES","High Maternal Absence, Improving SES vs Low Maternal Absence, Higher SES",Comparator minus reference,higher,Extension mediator,DNKA,Alcohol use,Total effect,1381,9347,"Rubin pooled over 20 imputations; cluster-robust coefficient simulation, 300 independent mediator/outcome draws",0.02490744073725015,-0.011739509463563096,0.06155439093806339,"0.025 (-0.012, 0.062)",3.48288022484519e-4,1.2550865879201992e-6,3.4960586340183523e-4,1337165.1248677615,20,-,-,positive; interval includes 0
base,Base causal mediation estimand with imputed maternal baseline,Primary,TE-JMAES-H1-MLC,6-12 years,Stricter restricted (>=3 complete occasions),"Low Maternal Absence, Higher SES","High Maternal Absence, Improving SES","High Maternal Absence, Improving SES vs Low Maternal Absence, Higher SES",Comparator minus reference,higher,Extension mediator,GOVG,Lack of government grant receipt,Direct effect,1381,9347,"Rubin pooled over 20 imputations; cluster-robust coefficient simulation, 300 independent mediator/outcome draws",0.025723844487106257,-0.011313815033811698,0.06276150400802422,"0.026 (-0.011, 0.063)",3.556813417403571e-4,1.3512317772993688e-6,3.571001351065214e-4,1203636.451381347,20,-,-,positive; interval includes 0
base,Base causal mediation estimand with imputed maternal baseline,Primary,TE-JMAES-H1-MLC,6-12 years,Stricter restricted (>=3 complete occasions),"Low Maternal Absence, Higher SES","High Maternal Absence, Improving SES","High Maternal Absence, Improving SES vs Low Maternal Absence, Higher SES",Comparator minus reference,higher,Extension mediator,GOVG,Lack of government grant receipt,Indirect effect,1381,9347,"Rubin pooled over 20 imputations; cluster-robust coefficient simulation, 300 independent mediator/outcome draws",-8.137238382909171e-4,-0.004380865293157902,0.0027534176165760673,"-0.001 (-0.004, 0.003)",3.3000226911490384e-6,1.180029969688798e-8,3.3124130058307707e-6,Inf,20,-,-,negative; interval includes 0
base,Base causal mediation estimand with imputed maternal baseline,Primary,TE-JMAES-H1-MLC,6-12 years,Stricter restricted (>=3 complete occasions),"Low Maternal Absence, Higher SES","High Maternal Absence, Improving SES","High Maternal Absence, Improving SES vs Low Maternal Absence, Higher SES",Comparator minus reference,higher,Extension mediator,GOVG,Lack of government grant receipt,Total effect,1381,9347,"Rubin pooled over 20 imputations; cluster-robust coefficient simulation, 300 independent mediator/outcome draws",0.02491012064881534,-0.011651741710931768,0.06147198300856245,"0.025 (-0.012, 0.061)",3.465604372032613e-4,1.3559530787037745e-6,3.4798418793590026e-4,1135023.100998282,20,-,-,positive; interval includes 0
base,Base causal mediation estimand with imputed maternal baseline,Primary,TE-JMAES-H1-MLC,6-12 years,Stricter restricted (>=3 complete occasions),"Low Maternal Absence, Higher SES","High Maternal Absence, Improving SES","High Maternal Absence, Improving SES vs Low Maternal Absence, Higher SES",Comparator minus reference,higher,Extension mediator,SCHL,School disengagement,Direct effect,1381,9347,"Rubin pooled over 20 imputations; cluster-robust coefficient simulation, 300 independent mediator/outcome draws",0.02528889248192955,-0.01113253312586528,0.06171031808972438,"0.025 (-0.011, 0.062)",3.439651289180864e-4,1.2866584988480222e-6,3.453161203418768e-4,1241315.340720825,20,-,-,positive; interval includes 0
base,Base causal mediation estimand with imputed maternal baseline,Primary,TE-JMAES-H1-MLC,6-12 years,Stricter restricted (>=3 complete occasions),"Low Maternal Absence, Higher SES","High Maternal Absence, Improving SES","High Maternal Absence, Improving SES vs Low Maternal Absence, Higher SES",Comparator minus reference,higher,Extension mediator,SCHL,School disengagement,Indirect effect,1381,9347,"Rubin pooled over 20 imputations; cluster-robust coefficient simulation, 300 independent mediator/outcome draws",-4.2338781809855006e-4,-0.002801815095562031,0.0019550394593649306,"-0.000 (-0.003, 0.002)",1.4692162710804079e-6,3.2186458171385588e-9,1.4725958491884034e-6,Inf,20,-,-,negative; interval includes 0
base,Base causal mediation estimand with imputed maternal baseline,Primary,TE-JMAES-H1-MLC,6-12 years,Stricter restricted (>=3 complete occasions),"Low Maternal Absence, Higher SES","High Maternal Absence, Improving SES","High Maternal Absence, Improving SES vs Low Maternal Absence, Higher SES",Comparator minus reference,higher,Extension mediator,SCHL,School disengagement,Total effect,1381,9347,"Rubin pooled over 20 imputations; cluster-robust coefficient simulation, 300 independent mediator/outcome draws",0.024865504663830997,-0.011379716326209818,0.06111072565387181,"0.025 (-0.011, 0.061)",3.4065267887338876e-4,1.2669477231928926e-6,3.419829739827413e-4,1255644.1612424622,20,-,-,positive; interval includes 0
base,Base causal mediation estimand with imputed maternal baseline,Primary,TE-JMAES-H1-MLC,6-12 years,Stricter restricted (>=3 complete occasions),"Low Maternal Absence, Higher SES","High Maternal Absence, Improving SES","High Maternal Absence, Improving SES vs Low Maternal Absence, Higher SES",Comparator minus reference,higher,Extension mediator,SCSP,Low social support,Direct effect,1381,9347,"Rubin pooled over 20 imputations; cluster-robust coefficient simulation, 300 independent mediator/outcome draws",0.02418759481348649,-0.012191312879344187,0.06056650250631716,"0.024 (-0.012, 0.061)",3.4314618642473124e-4,1.2991930888074887e-6,3.445103391679791e-4,1211803.269280021,20,-,-,positive; interval includes 0
base,Base causal mediation estimand with imputed maternal baseline,Primary,TE-JMAES-H1-MLC,6-12 years,Stricter restricted (>=3 complete occasions),"Low Maternal Absence, Higher SES","High Maternal Absence, Improving SES","High Maternal Absence, Improving SES vs Low Maternal Absence, Higher SES",Comparator minus reference,higher,Extension mediator,SCSP,Low social support,Indirect effect,1381,9347,"Rubin pooled over 20 imputations; cluster-robust coefficient simulation, 300 independent mediator/outcome draws",0.0011481340946196924,-0.00244317595527909,0.004739444144518474,"0.001 (-0.002, 0.005)",3.3500259306884167e-6,7.07102737545154e-9,3.3574505094326407e-6,Inf,20,0.04531679742801265,4.5%,positive; interval includes 0
base,Base causal mediation estimand with imputed maternal baseline,Primary,TE-JMAES-H1-MLC,6-12 years,Stricter restricted (>=3 complete occasions),"Low Maternal Absence, Higher SES","High Maternal Absence, Improving SES","High Maternal Absence, Improving SES vs Low Maternal Absence, Higher SES",Comparator minus reference,higher,Extension mediator,SCSP,Low social support,Total effect,1381,9347,"Rubin pooled over 20 imputations; cluster-robust coefficient simulation, 300 independent mediator/outcome draws",0.02533572890810619,-0.01155893910481346,0.06223039692102584,"0.025 (-0.012, 0.062)",3.529186796136461e-4,1.3613704069438315e-6,3.543481185409371e-4,1167569.263326454,20,-,-,positive; interval includes 0
base,Base causal mediation estimand with imputed maternal baseline,Primary,TE-JMAES-H1-MLC,6-12 years,Stricter restricted (>=3 complete occasions),"Low Maternal Absence, Higher SES","High Maternal Absence, Low SES","High Maternal Absence, Low SES vs Low Maternal Absence, Higher SES",Comparator minus reference,higher,Base mediator,ESXC,Ever had sexual intercourse,Direct effect,1365,9238,"Rubin pooled over 20 imputations; cluster-robust coefficient simulation, 300 independent mediator/outcome draws",0.05698752457610333,0.0020891150643855133,0.11188593408782115,"0.057 (0.002, 0.112)",7.806721329721028e-4,3.6955510727224782e-6,7.845524615984614e-4,776712.9825071597,20,-,-,positive; interval excludes 0
base,Base causal mediation estimand with imputed maternal baseline,Primary,TE-JMAES-H1-MLC,6-12 years,Stricter restricted (>=3 complete occasions),"Low Maternal Absence, Higher SES","High Maternal Absence, Low SES","High Maternal Absence, Low SES vs Low Maternal Absence, Higher SES",Comparator minus reference,higher,Base mediator,ESXC,Ever had sexual intercourse,Indirect effect,1365,9238,"Rubin pooled over 20 imputations; cluster-robust coefficient simulation, 300 independent mediator/outcome draws",0.009971844539364751,-0.004402987755228297,0.0243466768339578,"0.010 (-0.004, 0.024)",5.370249627196385e-5,8.424485692482624e-8,5.379095337173492e-5,7025976.485594254,20,0.1489238126208866,14.9%,positive; interval includes 0
base,Base causal mediation estimand with imputed maternal baseline,Primary,TE-JMAES-H1-MLC,6-12 years,Stricter restricted (>=3 complete occasions),"Low Maternal Absence, Higher SES","High Maternal Absence, Low SES","High Maternal Absence, Low SES vs Low Maternal Absence, Higher SES",Comparator minus reference,higher,Base mediator,ESXC,Ever had sexual intercourse,Total effect,1365,9238,"Rubin pooled over 20 imputations; cluster-robust coefficient simulation, 300 independent mediator/outcome draws",0.06695936911546808,0.005682511876790988,0.12823622635414517,"0.067 (0.006, 0.128)",9.735119159225492e-4,3.753415178926019e-6,9.774530018604216e-4,1168728.2999567797,20,-,-,positive; interval excludes 0
base,Base causal mediation estimand with imputed maternal baseline,Primary,TE-JMAES-H1-MLC,6-12 years,Stricter restricted (>=3 complete occasions),"Low Maternal Absence, Higher SES","High Maternal Absence, Low SES","High Maternal Absence, Low SES vs Low Maternal Absence, Higher SES",Comparator minus reference,higher,Base mediator,FDSC,Food insecurity,Direct effect,1381,9347,"Rubin pooled over 20 imputations; cluster-robust coefficient simulation, 300 independent mediator/outcome draws",0.05133373290132559,-0.0018164669429268643,0.10448393274557805,"0.051 (-0.002, 0.104)",7.326614112047674e-4,2.5908256485953796e-6,7.353817781357926e-4,1388431.173177426,20,-,-,positive; interval includes 0
base,Base causal mediation estimand with imputed maternal baseline,Primary,TE-JMAES-H1-MLC,6-12 years,Stricter restricted (>=3 complete occasions),"Low Maternal Absence, Higher SES","High Maternal Absence, Low SES","High Maternal Absence, Low SES vs Low Maternal Absence, Higher SES",Comparator minus reference,higher,Base mediator,FDSC,Food insecurity,Indirect effect,1381,9347,"Rubin pooled over 20 imputations; cluster-robust coefficient simulation, 300 independent mediator/outcome draws",0.014729595549804072,-0.001602833549738416,0.03106202464934656,"0.015 (-0.002, 0.031)",6.93401552090958e-5,9.441357848043278e-8,6.943928946650026e-5,9322161.491222423,20,0.2229617534438987,22.3%,positive; interval includes 0
base,Base causal mediation estimand with imputed maternal baseline,Primary,TE-JMAES-H1-MLC,6-12 years,Stricter restricted (>=3 complete occasions),"Low Maternal Absence, Higher SES","High Maternal Absence, Low SES","High Maternal Absence, Low SES vs Low Maternal Absence, Higher SES",Comparator minus reference,higher,Base mediator,FDSC,Food insecurity,Total effect,1381,9347,"Rubin pooled over 20 imputations; cluster-robust coefficient simulation, 300 independent mediator/outcome draws",0.06606332845112967,0.004835951327707998,0.12729070557455133,"0.066 (0.005, 0.127)",9.72484732694087e-4,3.229400242738741e-6,9.758756029489626e-4,1573693.59437302,20,-,-,positive; interval excludes 0
base,Base causal mediation estimand with imputed maternal baseline,Primary,TE-JMAES-H1-MLC,6-12 years,Stricter restricted (>=3 complete occasions),"Low Maternal Absence, Higher SES","High Maternal Absence, Low SES","High Maternal Absence, Low SES vs Low Maternal Absence, Higher SES",Comparator minus reference,higher,Base mediator,VLNC,Violence exposure,Direct effect,1381,9347,"Rubin pooled over 20 imputations; cluster-robust coefficient simulation, 300 independent mediator/outcome draws",0.06705654101126664,0.0043250396693716026,0.12978804235316166,"0.067 (0.004, 0.130)",0.0010218209576237883,2.4680408870773317e-6,0.0010244124005552196,2969066.7152992287,20,-,-,positive; interval excludes 0
base,Base causal mediation estimand with imputed maternal baseline,Primary,TE-JMAES-H1-MLC,6-12 years,Stricter restricted (>=3 complete occasions),"Low Maternal Absence, Higher SES","High Maternal Absence, Low SES","High Maternal Absence, Low SES vs Low Maternal Absence, Higher SES",Comparator minus reference,higher,Base mediator,VLNC,Violence exposure,Indirect effect,1381,9347,"Rubin pooled over 20 imputations; cluster-robust coefficient simulation, 300 independent mediator/outcome draws",-3.5610551884001013e-4,-0.005062566984746006,0.004350355947065987,"-0.000 (-0.005, 0.004)",5.760678477189365e-6,5.2981808347005305e-9,5.7662415670658006e-6,Inf,20,-,-,negative; interval includes 0
base,Base causal mediation estimand with imputed maternal baseline,Primary,TE-JMAES-H1-MLC,6-12 years,Stricter restricted (>=3 complete occasions),"Low Maternal Absence, Higher SES","High Maternal Absence, Low SES","High Maternal Absence, Low SES vs Low Maternal Absence, Higher SES",Comparator minus reference,higher,Base mediator,VLNC,Violence exposure,Total effect,1381,9347,"Rubin pooled over 20 imputations; cluster-robust coefficient simulation, 300 independent mediator/outcome draws",0.06670043549242663,0.004058455123311169,0.1293424158615421,"0.067 (0.004, 0.129)",0.001018951006660961,2.4187938096078075e-6,0.001021490740161049,3073591.6955018025,20,-,-,positive; interval excludes 0
base,Base causal mediation estimand with imputed maternal baseline,Primary,TE-JMAES-H1-MLC,6-12 years,Stricter restricted (>=3 complete occasions),"Low Maternal Absence, Higher SES","High Maternal Absence, Low SES","High Maternal Absence, Low SES vs Low Maternal Absence, Higher SES",Comparator minus reference,higher,Extension mediator,DNKA,Alcohol use,Direct effect,1381,9347,"Rubin pooled over 20 imputations; cluster-robust coefficient simulation, 300 independent mediator/outcome draws",0.06645328084563605,0.0045272938466919335,0.12837926784458017,"0.066 (0.005, 0.128)",9.954704531223144e-4,2.6689420643216613e-6,9.982728422898521e-4,2410988.9651032835,20,-,-,positive; interval excludes 0
base,Base causal mediation estimand with imputed maternal baseline,Primary,TE-JMAES-H1-MLC,6-12 years,Stricter restricted (>=3 complete occasions),"Low Maternal Absence, Higher SES","High Maternal Absence, Low SES","High Maternal Absence, Low SES vs Low Maternal Absence, Higher SES",Comparator minus reference,higher,Extension mediator,DNKA,Alcohol use,Indirect effect,1381,9347,"Rubin pooled over 20 imputations; cluster-robust coefficient simulation, 300 independent mediator/outcome draws",-3.6827462224803258e-6,-0.003624699612077091,0.003617334119632131,"-0.000 (-0.004, 0.004)",3.408930490085037e-6,4.089974619705457e-9,3.4132249634357275e-6,Inf,20,-,-,negative; interval includes 0
base,Base causal mediation estimand with imputed maternal baseline,Primary,TE-JMAES-H1-MLC,6-12 years,Stricter restricted (>=3 complete occasions),"Low Maternal Absence, Higher SES","High Maternal Absence, Low SES","High Maternal Absence, Low SES vs Low Maternal Absence, Higher SES",Comparator minus reference,higher,Extension mediator,DNKA,Alcohol use,Total effect,1381,9347,"Rubin pooled over 20 imputations; cluster-robust coefficient simulation, 300 independent mediator/outcome draws",0.06644959809941357,0.004535663925338676,0.12836353227348846,"0.066 (0.005, 0.128)",9.951626657743477e-4,2.5920736278976566e-6,9.978843430836402e-4,2554116.7951355064,20,-,-,positive; interval excludes 0
base,Base causal mediation estimand with imputed maternal baseline,Primary,TE-JMAES-H1-MLC,6-12 years,Stricter restricted (>=3 complete occasions),"Low Maternal Absence, Higher SES","High Maternal Absence, Low SES","High Maternal Absence, Low SES vs Low Maternal Absence, Higher SES",Comparator minus reference,higher,Extension mediator,GOVG,Lack of government grant receipt,Direct effect,1381,9347,"Rubin pooled over 20 imputations; cluster-robust coefficient simulation, 300 independent mediator/outcome draws",0.06956110330348496,0.005392384823914909,0.133729821783055,"0.070 (0.005, 0.134)",0.00106892341805603,2.8250975276403843e-6,0.0010718897704600524,2480894.893650098,20,-,-,positive; interval excludes 0
base,Base causal mediation estimand with imputed maternal baseline,Primary,TE-JMAES-H1-MLC,6-12 years,Stricter restricted (>=3 complete occasions),"Low Maternal Absence, Higher SES","High Maternal Absence, Low SES","High Maternal Absence, Low SES vs Low Maternal Absence, Higher SES",Comparator minus reference,higher,Extension mediator,GOVG,Lack of government grant receipt,Indirect effect,1381,9347,"Rubin pooled over 20 imputations; cluster-robust coefficient simulation, 300 independent mediator/outcome draws",-0.0027103059503774105,-0.010446127763018658,0.005025515862263836,"-0.003 (-0.010, 0.005)",1.553209109181524e-5,4.387819675165681e-8,1.557816319840448e-5,2172250.7651966964,20,-,-,negative; interval includes 0
base,Base causal mediation estimand with imputed maternal baseline,Primary,TE-JMAES-H1-MLC,6-12 years,Stricter restricted (>=3 complete occasions),"Low Maternal Absence, Higher SES","High Maternal Absence, Low SES","High Maternal Absence, Low SES vs Low Maternal Absence, Higher SES",Comparator minus reference,higher,Extension mediator,GOVG,Lack of government grant receipt,Total effect,1381,9347,"Rubin pooled over 20 imputations; cluster-robust coefficient simulation, 300 independent mediator/outcome draws",0.06685079735310755,0.0038787157973998454,0.12982287890881525,"0.067 (0.004, 0.130)",0.0010294525430904727,2.697313649274707e-6,0.001032284722422211,2524126.419678517,20,-,-,positive; interval excludes 0
base,Base causal mediation estimand with imputed maternal baseline,Primary,TE-JMAES-H1-MLC,6-12 years,Stricter restricted (>=3 complete occasions),"Low Maternal Absence, Higher SES","High Maternal Absence, Low SES","High Maternal Absence, Low SES vs Low Maternal Absence, Higher SES",Comparator minus reference,higher,Extension mediator,SCHL,School disengagement,Direct effect,1381,9347,"Rubin pooled over 20 imputations; cluster-robust coefficient simulation, 300 independent mediator/outcome draws",0.0652980980996597,0.0033903676915876813,0.1272058285077317,"0.065 (0.003, 0.127)",9.948449072615243e-4,2.7041773102159895e-6,9.97684293437251e-4,2345799.7962336177,20,-,-,positive; interval excludes 0
base,Base causal mediation estimand with imputed maternal baseline,Primary,TE-JMAES-H1-MLC,6-12 years,Stricter restricted (>=3 complete occasions),"Low Maternal Absence, Higher SES","High Maternal Absence, Low SES","High Maternal Absence, Low SES vs Low Maternal Absence, Higher SES",Comparator minus reference,higher,Extension mediator,SCHL,School disengagement,Indirect effect,1381,9347,"Rubin pooled over 20 imputations; cluster-robust coefficient simulation, 300 independent mediator/outcome draws",8.890425435288903e-4,-0.004788769986919943,0.006566855073977723,"0.001 (-0.005, 0.007)",8.384015173107435e-6,7.61270597797716e-9,8.39200851438431e-6,Inf,20,0.013432254889536204,1.3%,positive; interval includes 0
base,Base causal mediation estimand with imputed maternal baseline,Primary,TE-JMAES-H1-MLC,6-12 years,Stricter restricted (>=3 complete occasions),"Low Maternal Absence, Higher SES","High Maternal Absence, Low SES","High Maternal Absence, Low SES vs Low Maternal Absence, Higher SES",Comparator minus reference,higher,Extension mediator,SCHL,School disengagement,Total effect,1381,9347,"Rubin pooled over 20 imputations; cluster-robust coefficient simulation, 300 independent mediator/outcome draws",0.06618714064318859,0.0036034305290153362,0.12877085075736183,"0.066 (0.004, 0.129)",0.0010167531906100193,2.7026918348125746e-6,0.0010195910170365725,2452640.778363252,20,-,-,positive; interval excludes 0
base,Base causal mediation estimand with imputed maternal baseline,Primary,TE-JMAES-H1-MLC,6-12 years,Stricter restricted (>=3 complete occasions),"Low Maternal Absence, Higher SES","High Maternal Absence, Low SES","High Maternal Absence, Low SES vs Low Maternal Absence, Higher SES",Comparator minus reference,higher,Extension mediator,SCSP,Low social support,Direct effect,1381,9347,"Rubin pooled over 20 imputations; cluster-robust coefficient simulation, 300 independent mediator/outcome draws",0.062323353914657924,0.004887484022974883,0.11975922380634096,"0.062 (0.005, 0.120)",8.560637842545886e-4,2.5638188830537293e-6,8.58755794081795e-4,1933479.9802396642,20,-,-,positive; interval excludes 0
base,Base causal mediation estimand with imputed maternal baseline,Primary,TE-JMAES-H1-MLC,6-12 years,Stricter restricted (>=3 complete occasions),"Low Maternal Absence, Higher SES","High Maternal Absence, Low SES","High Maternal Absence, Low SES vs Low Maternal Absence, Higher SES",Comparator minus reference,higher,Extension mediator,SCSP,Low social support,Indirect effect,1381,9347,"Rubin pooled over 20 imputations; cluster-robust coefficient simulation, 300 independent mediator/outcome draws",0.003905911582605827,-0.0058747355808907884,0.013686558746102442,"0.004 (-0.006, 0.014)",2.488481399697954e-5,1.66267976766156e-8,2.4902272134539986e-5,38657674.79417481,20,0.058975613775562694,5.9%,positive; interval includes 0
base,Base causal mediation estimand with imputed maternal baseline,Primary,TE-JMAES-H1-MLC,6-12 years,Stricter restricted (>=3 complete occasions),"Low Maternal Absence, Higher SES","High Maternal Absence, Low SES","High Maternal Absence, Low SES vs Low Maternal Absence, Higher SES",Comparator minus reference,higher,Extension mediator,SCSP,Low social support,Total effect,1381,9347,"Rubin pooled over 20 imputations; cluster-robust coefficient simulation, 300 independent mediator/outcome draws",0.06622926549726375,0.005653931278670719,0.12680459971585678,"0.066 (0.006, 0.127)",9.52376393088747e-4,2.6905281014288635e-6,9.552014475952472e-4,2172150.3464513468,20,-,-,positive; interval excludes 0
base,Base causal mediation estimand with imputed maternal baseline,Primary,TE-JMAES-H1-MLC,6-12 years,Stricter restricted (>=3 complete occasions),"Low Maternal Absence, Higher SES","Low Maternal Absence, Improving SES","Low Maternal Absence, Improving SES vs Low Maternal Absence, Higher SES",Comparator minus reference,higher,Base mediator,ESXC,Ever had sexual intercourse,Direct effect,1365,9238,"Rubin pooled over 20 imputations; cluster-robust coefficient simulation, 300 independent mediator/outcome draws",0.005982342914544201,-0.014713036514272469,0.02667772234336087,"0.006 (-0.015, 0.027)",1.1098896806052572e-4,4.804876041462973e-7,1.1149348004487933e-4,927917.9359733872,20,-,-,positive; interval includes 0
base,Base causal mediation estimand with imputed maternal baseline,Primary,TE-JMAES-H1-MLC,6-12 years,Stricter restricted (>=3 complete occasions),"Low Maternal Absence, Higher SES","Low Maternal Absence, Improving SES","Low Maternal Absence, Improving SES vs Low Maternal Absence, Higher SES",Comparator minus reference,higher,Base mediator,ESXC,Ever had sexual intercourse,Indirect effect,1365,9238,"Rubin pooled over 20 imputations; cluster-robust coefficient simulation, 300 independent mediator/outcome draws",5.82804690436376e-4,-0.0016520185570779047,0.002817627937950657,"0.001 (-0.002, 0.003)",1.292128355326981e-6,7.63030550111849e-9,1.3001401761031554e-6,Inf,20,-,-,positive; interval includes 0
base,Base causal mediation estimand with imputed maternal baseline,Primary,TE-JMAES-H1-MLC,6-12 years,Stricter restricted (>=3 complete occasions),"Low Maternal Absence, Higher SES","Low Maternal Absence, Improving SES","Low Maternal Absence, Improving SES vs Low Maternal Absence, Higher SES",Comparator minus reference,higher,Base mediator,ESXC,Ever had sexual intercourse,Total effect,1365,9238,"Rubin pooled over 20 imputations; cluster-robust coefficient simulation, 300 independent mediator/outcome draws",0.006565147604980577,-0.014392760516519519,0.027523055726480672,"0.007 (-0.014, 0.028)",1.1382662859141182e-4,4.890200344824944e-7,1.1434009962761844e-4,942147.3513117494,20,-,-,positive; interval includes 0
base,Base causal mediation estimand with imputed maternal baseline,Primary,TE-JMAES-H1-MLC,6-12 years,Stricter restricted (>=3 complete occasions),"Low Maternal Absence, Higher SES","Low Maternal Absence, Improving SES","Low Maternal Absence, Improving SES vs Low Maternal Absence, Higher SES",Comparator minus reference,higher,Base mediator,FDSC,Food insecurity,Direct effect,1381,9347,"Rubin pooled over 20 imputations; cluster-robust coefficient simulation, 300 independent mediator/outcome draws",0.005312427597055052,-0.014716756390240365,0.02534161158435047,"0.005 (-0.015, 0.025)",1.0399127053953843e-4,4.1876987195823815e-7,1.0443097890509459e-4,1071723.7188030104,20,-,-,positive; interval includes 0
base,Base causal mediation estimand with imputed maternal baseline,Primary,TE-JMAES-H1-MLC,6-12 years,Stricter restricted (>=3 complete occasions),"Low Maternal Absence, Higher SES","Low Maternal Absence, Improving SES","Low Maternal Absence, Improving SES vs Low Maternal Absence, Higher SES",Comparator minus reference,higher,Base mediator,FDSC,Food insecurity,Indirect effect,1381,9347,"Rubin pooled over 20 imputations; cluster-robust coefficient simulation, 300 independent mediator/outcome draws",8.239007501058542e-4,-0.0017197724385345388,0.003367573938746247,"0.001 (-0.002, 0.003)",1.6798238198210848e-6,4.288861912114294e-9,1.6843271248288048e-6,Inf,20,-,-,positive; interval includes 0
base,Base causal mediation estimand with imputed maternal baseline,Primary,TE-JMAES-H1-MLC,6-12 years,Stricter restricted (>=3 complete occasions),"Low Maternal Absence, Higher SES","Low Maternal Absence, Improving SES","Low Maternal Absence, Improving SES vs Low Maternal Absence, Higher SES",Comparator minus reference,higher,Base mediator,FDSC,Food insecurity,Total effect,1381,9347,"Rubin pooled over 20 imputations; cluster-robust coefficient simulation, 300 independent mediator/outcome draws",0.006136328347160906,-0.014446737168916679,0.02671939386323849,"0.006 (-0.014, 0.027)",1.0985925647959266e-4,4.070788380098112e-7,1.1028668925950296e-4,1264923.1759034512,20,-,-,positive; interval includes 0
base,Base causal mediation estimand with imputed maternal baseline,Primary,TE-JMAES-H1-MLC,6-12 years,Stricter restricted (>=3 complete occasions),"Low Maternal Absence, Higher SES","Low Maternal Absence, Improving SES","Low Maternal Absence, Improving SES vs Low Maternal Absence, Higher SES",Comparator minus reference,higher,Base mediator,VLNC,Violence exposure,Direct effect,1381,9347,"Rubin pooled over 20 imputations; cluster-robust coefficient simulation, 300 independent mediator/outcome draws",0.006648734050385829,-0.014341355147828578,0.027638823248600237,"0.007 (-0.014, 0.028)",1.14264755063173e-4,4.0652111104347997e-7,1.1469160222976865e-4,1371740.7324328509,20,-,-,positive; interval includes 0
base,Base causal mediation estimand with imputed maternal baseline,Primary,TE-JMAES-H1-MLC,6-12 years,Stricter restricted (>=3 complete occasions),"Low Maternal Absence, Higher SES","Low Maternal Absence, Improving SES","Low Maternal Absence, Improving SES vs Low Maternal Absence, Higher SES",Comparator minus reference,higher,Base mediator,VLNC,Violence exposure,Indirect effect,1381,9347,"Rubin pooled over 20 imputations; cluster-robust coefficient simulation, 300 independent mediator/outcome draws",-3.6239828200039113e-4,-0.001543294108729641,8.184975447288588e-4,"-0.000 (-0.002, 0.001)",3.6231278835025804e-07,6.707017789832714e-10,3.630170252181905e-7,Inf,20,-,-,negative; interval includes 0
base,Base causal mediation estimand with imputed maternal baseline,Primary,TE-JMAES-H1-MLC,6-12 years,Stricter restricted (>=3 complete occasions),"Low Maternal Absence, Higher SES","Low Maternal Absence, Improving SES","Low Maternal Absence, Improving SES vs Low Maternal Absence, Higher SES",Comparator minus reference,higher,Base mediator,VLNC,Violence exposure,Total effect,1381,9347,"Rubin pooled over 20 imputations; cluster-robust coefficient simulation, 300 independent mediator/outcome draws",0.006286335768385437,-0.014706686383431785,0.02727935792020266,"0.006 (-0.015, 0.027)",1.1430565881519121e-4,3.981008283897884e-7,1.1472366468500049e-4,1431181.9924408728,20,-,-,positive; interval includes 0
base,Base causal mediation estimand with imputed maternal baseline,Primary,TE-JMAES-H1-MLC,6-12 years,Stricter restricted (>=3 complete occasions),"Low Maternal Absence, Higher SES","Low Maternal Absence, Improving SES","Low Maternal Absence, Improving SES vs Low Maternal Absence, Higher SES",Comparator minus reference,higher,Extension mediator,DNKA,Alcohol use,Direct effect,1381,9347,"Rubin pooled over 20 imputations; cluster-robust coefficient simulation, 300 independent mediator/outcome draws",0.006403279745090781,-0.01466266083398425,0.027469220324165815,"0.006 (-0.015, 0.027)",1.1508006710236585e-4,4.2089321831458166e-7,1.1552200498159616e-4,1298256.7285253291,20,-,-,positive; interval includes 0
base,Base causal mediation estimand with imputed maternal baseline,Primary,TE-JMAES-H1-MLC,6-12 years,Stricter restricted (>=3 complete occasions),"Low Maternal Absence, Higher SES","Low Maternal Absence, Improving SES","Low Maternal Absence, Improving SES vs Low Maternal Absence, Higher SES",Comparator minus reference,higher,Extension mediator,DNKA,Alcohol use,Indirect effect,1381,9347,"Rubin pooled over 20 imputations; cluster-robust coefficient simulation, 300 independent mediator/outcome draws",-1.1067781294508588e-4,-8.940029700284402e-4,6.726473441382684e-4,"-0.000 (-0.001, 0.001)",1.595197112624972e-7,2.007917288384323e-10,1.5973054257777755e-7,Inf,20,-,-,negative; interval includes 0
base,Base causal mediation estimand with imputed maternal baseline,Primary,TE-JMAES-H1-MLC,6-12 years,Stricter restricted (>=3 complete occasions),"Low Maternal Absence, Higher SES","Low Maternal Absence, Improving SES","Low Maternal Absence, Improving SES vs Low Maternal Absence, Higher SES",Comparator minus reference,higher,Extension mediator,DNKA,Alcohol use,Total effect,1381,9347,"Rubin pooled over 20 imputations; cluster-robust coefficient simulation, 300 independent mediator/outcome draws",0.006292601932145695,-0.014884348892450109,0.0274695527567415,"0.006 (-0.015, 0.027)",1.1630447182607527e-4,4.1740139070343575e-7,1.1674274328631387e-4,1348115.2085571093,20,-,-,positive; interval includes 0
base,Base causal mediation estimand with imputed maternal baseline,Primary,TE-JMAES-H1-MLC,6-12 years,Stricter restricted (>=3 complete occasions),"Low Maternal Absence, Higher SES","Low Maternal Absence, Improving SES","Low Maternal Absence, Improving SES vs Low Maternal Absence, Higher SES",Comparator minus reference,higher,Extension mediator,GOVG,Lack of government grant receipt,Direct effect,1381,9347,"Rubin pooled over 20 imputations; cluster-robust coefficient simulation, 300 independent mediator/outcome draws",0.007190357097013609,-0.014543754012664696,0.028924468206691915,"0.007 (-0.015, 0.029)",1.2242321318068966e-4,5.173330232607561e-7,1.2296641285511345e-4,973660.6245028988,20,-,-,positive; interval includes 0
base,Base causal mediation estimand with imputed maternal baseline,Primary,TE-JMAES-H1-MLC,6-12 years,Stricter restricted (>=3 complete occasions),"Low Maternal Absence, Higher SES","Low Maternal Absence, Improving SES","Low Maternal Absence, Improving SES vs Low Maternal Absence, Higher SES",Comparator minus reference,higher,Extension mediator,GOVG,Lack of government grant receipt,Indirect effect,1381,9347,"Rubin pooled over 20 imputations; cluster-robust coefficient simulation, 300 independent mediator/outcome draws",-8.583241525255832e-4,-0.002634961998606403,9.183136935552365e-4,"-0.001 (-0.003, 0.001)",8.173150518461743e-7,4.155147874415131e-9,8.216779571143103e-7,Inf,20,-,-,negative; interval includes 0
base,Base causal mediation estimand with imputed maternal baseline,Primary,TE-JMAES-H1-MLC,6-12 years,Stricter restricted (>=3 complete occasions),"Low Maternal Absence, Higher SES","Low Maternal Absence, Improving SES","Low Maternal Absence, Improving SES vs Low Maternal Absence, Higher SES",Comparator minus reference,higher,Extension mediator,GOVG,Lack of government grant receipt,Total effect,1381,9347,"Rubin pooled over 20 imputations; cluster-robust coefficient simulation, 300 independent mediator/outcome draws",0.0063320329444880264,-0.014841434304237174,0.02750550019321323,"0.006 (-0.015, 0.028)",1.1616795871748093e-4,5.107383975290353e-7,1.1670423403488643e-4,899810.8152900332,20,-,-,positive; interval includes 0
base,Base causal mediation estimand with imputed maternal baseline,Primary,TE-JMAES-H1-MLC,6-12 years,Stricter restricted (>=3 complete occasions),"Low Maternal Absence, Higher SES","Low Maternal Absence, Improving SES","Low Maternal Absence, Improving SES vs Low Maternal Absence, Higher SES",Comparator minus reference,higher,Extension mediator,SCHL,School disengagement,Direct effect,1381,9347,"Rubin pooled over 20 imputations; cluster-robust coefficient simulation, 300 independent mediator/outcome draws",0.006070542317708166,-0.014901138332253632,0.027042222967669966,"0.006 (-0.015, 0.027)",1.1406660173090137e-4,4.037324593142928e-7,1.1449052081318137e-4,1385883.519270542,20,-,-,positive; interval includes 0
base,Base causal mediation estimand with imputed maternal baseline,Primary,TE-JMAES-H1-MLC,6-12 years,Stricter restricted (>=3 complete occasions),"Low Maternal Absence, Higher SES","Low Maternal Absence, Improving SES","Low Maternal Absence, Improving SES vs Low Maternal Absence, Higher SES",Comparator minus reference,higher,Extension mediator,SCHL,School disengagement,Indirect effect,1381,9347,"Rubin pooled over 20 imputations; cluster-robust coefficient simulation, 300 independent mediator/outcome draws",1.3076920875074033e-4,-9.39495515902269e-4,0.0012010339334037497,"0.000 (-0.001, 0.001)",2.973363890540577e-7,8.084940405017998e-10,2.981853077965846e-7,Inf,20,-,-,positive; interval includes 0
base,Base causal mediation estimand with imputed maternal baseline,Primary,TE-JMAES-H1-MLC,6-12 years,Stricter restricted (>=3 complete occasions),"Low Maternal Absence, Higher SES","Low Maternal Absence, Improving SES","Low Maternal Absence, Improving SES vs Low Maternal Absence, Higher SES",Comparator minus reference,higher,Extension mediator,SCHL,School disengagement,Total effect,1381,9347,"Rubin pooled over 20 imputations; cluster-robust coefficient simulation, 300 independent mediator/outcome draws",0.006201311526458907,-0.01480261045270838,0.027205233505626196,"0.006 (-0.015, 0.027)",1.1441322759443293e-4,4.0913268296101764e-7,1.14842816911542e-4,1357857.9148863023,20,-,-,positive; interval includes 0
base,Base causal mediation estimand with imputed maternal baseline,Primary,TE-JMAES-H1-MLC,6-12 years,Stricter restricted (>=3 complete occasions),"Low Maternal Absence, Higher SES","Low Maternal Absence, Improving SES","Low Maternal Absence, Improving SES vs Low Maternal Absence, Higher SES",Comparator minus reference,higher,Extension mediator,SCSP,Low social support,Direct effect,1381,9347,"Rubin pooled over 20 imputations; cluster-robust coefficient simulation, 300 independent mediator/outcome draws",0.005891956578336594,-0.01457324285212944,0.02635715600880263,"0.006 (-0.015, 0.026)",1.086040584899215e-4,4.030129258497774e-7,1.0902722206206376e-4,1261266.7452399072,20,-,-,positive; interval includes 0
base,Base causal mediation estimand with imputed maternal baseline,Primary,TE-JMAES-H1-MLC,6-12 years,Stricter restricted (>=3 complete occasions),"Low Maternal Absence, Higher SES","Low Maternal Absence, Improving SES","Low Maternal Absence, Improving SES vs Low Maternal Absence, Higher SES",Comparator minus reference,higher,Extension mediator,SCSP,Low social support,Indirect effect,1381,9347,"Rubin pooled over 20 imputations; cluster-robust coefficient simulation, 300 independent mediator/outcome draws",4.0670686573343346e-4,-0.0010470853883091946,0.0018604991197760615,"0.000 (-0.001, 0.002)",5.495408993413104e-7,6.131556545441907e-10,5.501847127785817e-7,Inf,20,-,-,positive; interval includes 0
base,Base causal mediation estimand with imputed maternal baseline,Primary,TE-JMAES-H1-MLC,6-12 years,Stricter restricted (>=3 complete occasions),"Low Maternal Absence, Higher SES","Low Maternal Absence, Improving SES","Low Maternal Absence, Improving SES vs Low Maternal Absence, Higher SES",Comparator minus reference,higher,Extension mediator,SCSP,Low social support,Total effect,1381,9347,"Rubin pooled over 20 imputations; cluster-robust coefficient simulation, 300 independent mediator/outcome draws",0.006298663444070027,-0.014254812187015884,0.026852139075155938,"0.006 (-0.014, 0.027)",1.0954328409302615e-4,4.062285774296683e-7,1.099698240993273e-4,1262935.350567017,20,-,-,positive; interval includes 0
base,Base causal mediation estimand with imputed maternal baseline,Primary,TE-JMAES-H1-MLC,6-12 years,Stricter restricted (>=3 complete occasions),"Low Maternal Absence, Higher SES","Low Maternal Absence, Low SES","Low Maternal Absence, Low SES vs Low Maternal Absence, Higher SES",Comparator minus reference,higher,Base mediator,ESXC,Ever had sexual intercourse,Direct effect,1365,9238,"Rubin pooled over 20 imputations; cluster-robust coefficient simulation, 300 independent mediator/outcome draws",0.003978374297529879,-0.025733700056818257,0.033690448651878015,"0.004 (-0.026, 0.034)",2.2787375891004618e-4,1.8424871047693329e-6,2.2980837037005398e-4,268100.59322626,20,-,-,positive; interval includes 0
base,Base causal mediation estimand with imputed maternal baseline,Primary,TE-JMAES-H1-MLC,6-12 years,Stricter restricted (>=3 complete occasions),"Low Maternal Absence, Higher SES","Low Maternal Absence, Low SES","Low Maternal Absence, Low SES vs Low Maternal Absence, Higher SES",Comparator minus reference,higher,Base mediator,ESXC,Ever had sexual intercourse,Indirect effect,1365,9238,"Rubin pooled over 20 imputations; cluster-robust coefficient simulation, 300 independent mediator/outcome draws",-8.601619771733635e-4,-0.004079151348367491,0.002358827394020764,"-0.001 (-0.004, 0.002)",2.6823695099905938e-6,1.4300261099643152e-8,2.6973847841452192e-6,Inf,20,-,-,negative; interval includes 0
base,Base causal mediation estimand with imputed maternal baseline,Primary,TE-JMAES-H1-MLC,6-12 years,Stricter restricted (>=3 complete occasions),"Low Maternal Absence, Higher SES","Low Maternal Absence, Low SES","Low Maternal Absence, Low SES vs Low Maternal Absence, Higher SES",Comparator minus reference,higher,Base mediator,ESXC,Ever had sexual intercourse,Total effect,1365,9238,"Rubin pooled over 20 imputations; cluster-robust coefficient simulation, 300 independent mediator/outcome draws",0.003118212320356515,-0.025662109866651208,0.03189853450736424,"0.003 (-0.026, 0.032)",2.136615026679859e-4,1.8659498215769177e-6,2.1562074998064166e-4,230120.96472039737,20,-,-,positive; interval includes 0
base,Base causal mediation estimand with imputed maternal baseline,Primary,TE-JMAES-H1-MLC,6-12 years,Stricter restricted (>=3 complete occasions),"Low Maternal Absence, Higher SES","Low Maternal Absence, Low SES","Low Maternal Absence, Low SES vs Low Maternal Absence, Higher SES",Comparator minus reference,higher,Base mediator,FDSC,Food insecurity,Direct effect,1381,9347,"Rubin pooled over 20 imputations; cluster-robust coefficient simulation, 300 independent mediator/outcome draws",0.0010278743467773913,-0.0262199816400671,0.02827573033362188,"0.001 (-0.026, 0.028)",1.9172124161720704e-4,1.475214659816166e-6,1.9327021701001401e-4,295797.4545530109,20,-,-,positive; interval includes 0
base,Base causal mediation estimand with imputed maternal baseline,Primary,TE-JMAES-H1-MLC,6-12 years,Stricter restricted (>=3 complete occasions),"Low Maternal Absence, Higher SES","Low Maternal Absence, Low SES","Low Maternal Absence, Low SES vs Low Maternal Absence, Higher SES",Comparator minus reference,higher,Base mediator,FDSC,Food insecurity,Indirect effect,1381,9347,"Rubin pooled over 20 imputations; cluster-robust coefficient simulation, 300 independent mediator/outcome draws",0.00144342358164331,-0.001995620061182684,0.004882467224469304,"0.001 (-0.002, 0.005)",3.061426007563136e-6,1.6519371352764973e-8,3.0787713474835393e-6,598608.4496305906,20,-,-,positive; interval includes 0
base,Base causal mediation estimand with imputed maternal baseline,Primary,TE-JMAES-H1-MLC,6-12 years,Stricter restricted (>=3 complete occasions),"Low Maternal Absence, Higher SES","Low Maternal Absence, Low SES","Low Maternal Absence, Low SES vs Low Maternal Absence, Higher SES",Comparator minus reference,higher,Base mediator,FDSC,Food insecurity,Total effect,1381,9347,"Rubin pooled over 20 imputations; cluster-robust coefficient simulation, 300 independent mediator/outcome draws",0.0024712979284207044,-0.026081672121652428,0.03102426797849384,"0.002 (-0.026, 0.031)",2.1060010283093476e-4,1.5505922068594686e-6,2.122282246481372e-4,322839.07266179536,20,-,-,positive; interval includes 0
base,Base causal mediation estimand with imputed maternal baseline,Primary,TE-JMAES-H1-MLC,6-12 years,Stricter restricted (>=3 complete occasions),"Low Maternal Absence, Higher SES","Low Maternal Absence, Low SES","Low Maternal Absence, Low SES vs Low Maternal Absence, Higher SES",Comparator minus reference,higher,Base mediator,VLNC,Violence exposure,Direct effect,1381,9347,"Rubin pooled over 20 imputations; cluster-robust coefficient simulation, 300 independent mediator/outcome draws",0.002497047455483718,-0.02580403360039958,0.03079812851136702,"0.002 (-0.026, 0.031)",2.0695312876936264e-4,1.4735591034071956e-6,2.085003658279402e-4,345027.3526333925,20,-,-,positive; interval includes 0
base,Base causal mediation estimand with imputed maternal baseline,Primary,TE-JMAES-H1-MLC,6-12 years,Stricter restricted (>=3 complete occasions),"Low Maternal Absence, Higher SES","Low Maternal Absence, Low SES","Low Maternal Absence, Low SES vs Low Maternal Absence, Higher SES",Comparator minus reference,higher,Base mediator,VLNC,Violence exposure,Indirect effect,1381,9347,"Rubin pooled over 20 imputations; cluster-robust coefficient simulation, 300 independent mediator/outcome draws",-7.39004841163798e-5,-0.001244091959898815,0.0010962909916660555,"-0.000 (-0.001, 0.001)",3.54814243472015e-7,1.5727618065589943e-9,3.5646564336890195e-7,Inf,20,-,-,negative; interval includes 0
base,Base causal mediation estimand with imputed maternal baseline,Primary,TE-JMAES-H1-MLC,6-12 years,Stricter restricted (>=3 complete occasions),"Low Maternal Absence, Higher SES","Low Maternal Absence, Low SES","Low Maternal Absence, Low SES vs Low Maternal Absence, Higher SES",Comparator minus reference,higher,Base mediator,VLNC,Violence exposure,Total effect,1381,9347,"Rubin pooled over 20 imputations; cluster-robust coefficient simulation, 300 independent mediator/outcome draws",0.0024231469713673374,-0.025836906051921096,0.030683199994655772,"0.002 (-0.026, 0.031)",2.0637042163714245e-4,1.4532274233963066e-6,2.0789631043170858e-4,352696.700816919,20,-,-,positive; interval includes 0
base,Base causal mediation estimand with imputed maternal baseline,Primary,TE-JMAES-H1-MLC,6-12 years,Stricter restricted (>=3 complete occasions),"Low Maternal Absence, Higher SES","Low Maternal Absence, Low SES","Low Maternal Absence, Low SES vs Low Maternal Absence, Higher SES",Comparator minus reference,higher,Extension mediator,DNKA,Alcohol use,Direct effect,1381,9347,"Rubin pooled over 20 imputations; cluster-robust coefficient simulation, 300 independent mediator/outcome draws",0.002460531854813471,-0.026392635812625038,0.03131369952225198,"0.002 (-0.026, 0.031)",2.1520436756063293e-4,1.438297235316692e-6,2.1671457965771545e-4,391249.65821516176,20,-,-,positive; interval includes 0
base,Base causal mediation estimand with imputed maternal baseline,Primary,TE-JMAES-H1-MLC,6-12 years,Stricter restricted (>=3 complete occasions),"Low Maternal Absence, Higher SES","Low Maternal Absence, Low SES","Low Maternal Absence, Low SES vs Low Maternal Absence, Higher SES",Comparator minus reference,higher,Extension mediator,DNKA,Alcohol use,Indirect effect,1381,9347,"Rubin pooled over 20 imputations; cluster-robust coefficient simulation, 300 independent mediator/outcome draws",-1.8765389921860648e-4,-0.001536721876941408,0.0011614140785041948,"-0.000 (-0.002, 0.001)",4.7290471769313174e-7,8.281599313630361e-10,4.7377428562106295e-7,Inf,20,-,-,negative; interval includes 0
base,Base causal mediation estimand with imputed maternal baseline,Primary,TE-JMAES-H1-MLC,6-12 years,Stricter restricted (>=3 complete occasions),"Low Maternal Absence, Higher SES","Low Maternal Absence, Low SES","Low Maternal Absence, Low SES vs Low Maternal Absence, Higher SES",Comparator minus reference,higher,Extension mediator,DNKA,Alcohol use,Total effect,1381,9347,"Rubin pooled over 20 imputations; cluster-robust coefficient simulation, 300 independent mediator/outcome draws",0.0022728779555948645,-0.026268386832333162,0.03081414274352289,"0.002 (-0.026, 0.031)",2.1057670564073543e-4,1.4074543149918516e-6,2.1205453267147687e-4,391202.3986729757,20,-,-,positive; interval includes 0
base,Base causal mediation estimand with imputed maternal baseline,Primary,TE-JMAES-H1-MLC,6-12 years,Stricter restricted (>=3 complete occasions),"Low Maternal Absence, Higher SES","Low Maternal Absence, Low SES","Low Maternal Absence, Low SES vs Low Maternal Absence, Higher SES",Comparator minus reference,higher,Extension mediator,GOVG,Lack of government grant receipt,Direct effect,1381,9347,"Rubin pooled over 20 imputations; cluster-robust coefficient simulation, 300 independent mediator/outcome draws",0.004193403471735973,-0.026437015197182674,0.03482382214065462,"0.004 (-0.026, 0.035)",2.425281999748703e-4,1.6250325741938997e-6,2.442344841777739e-4,389282.4522558644,20,-,-,positive; interval includes 0
base,Base causal mediation estimand with imputed maternal baseline,Primary,TE-JMAES-H1-MLC,6-12 years,Stricter restricted (>=3 complete occasions),"Low Maternal Absence, Higher SES","Low Maternal Absence, Low SES","Low Maternal Absence, Low SES vs Low Maternal Absence, Higher SES",Comparator minus reference,higher,Extension mediator,GOVG,Lack of government grant receipt,Indirect effect,1381,9347,"Rubin pooled over 20 imputations; cluster-robust coefficient simulation, 300 independent mediator/outcome draws",-0.001831825488175371,-0.005825656917519115,0.0021620059411683722,"-0.002 (-0.006, 0.002)",4.127481889353273e-6,2.3568820776956905e-8,4.152229151169077e-6,534886.8501887781,20,-,-,negative; interval includes 0
base,Base causal mediation estimand with imputed maternal baseline,Primary,TE-JMAES-H1-MLC,6-12 years,Stricter restricted (>=3 complete occasions),"Low Maternal Absence, Higher SES","Low Maternal Absence, Low SES","Low Maternal Absence, Low SES vs Low Maternal Absence, Higher SES",Comparator minus reference,higher,Extension mediator,GOVG,Lack of government grant receipt,Total effect,1381,9347,"Rubin pooled over 20 imputations; cluster-robust coefficient simulation, 300 independent mediator/outcome draws",0.002361577983560597,-0.025627950956657763,0.03035110692377896,"0.002 (-0.026, 0.030)",2.0239283255787192e-4,1.4687600909247286e-6,2.0393503065334288e-4,332243.84263563564,20,-,-,positive; interval includes 0
base,Base causal mediation estimand with imputed maternal baseline,Primary,TE-JMAES-H1-MLC,6-12 years,Stricter restricted (>=3 complete occasions),"Low Maternal Absence, Higher SES","Low Maternal Absence, Low SES","Low Maternal Absence, Low SES vs Low Maternal Absence, Higher SES",Comparator minus reference,higher,Extension mediator,SCHL,School disengagement,Direct effect,1381,9347,"Rubin pooled over 20 imputations; cluster-robust coefficient simulation, 300 independent mediator/outcome draws",0.0023922172784298307,-0.026486675956100176,0.03127111051295984,"0.002 (-0.026, 0.031)",2.156104541184309e-4,1.41979380679494e-6,2.171012376155656e-4,402948.038838021,20,-,-,positive; interval includes 0
base,Base causal mediation estimand with imputed maternal baseline,Primary,TE-JMAES-H1-MLC,6-12 years,Stricter restricted (>=3 complete occasions),"Low Maternal Absence, Higher SES","Low Maternal Absence, Low SES","Low Maternal Absence, Low SES vs Low Maternal Absence, Higher SES",Comparator minus reference,higher,Extension mediator,SCHL,School disengagement,Indirect effect,1381,9347,"Rubin pooled over 20 imputations; cluster-robust coefficient simulation, 300 independent mediator/outcome draws",-1.7861207899588018e-4,-0.0016698693517325346,0.0013126451937407742,"-0.000 (-0.002, 0.001)",5.765993465216404e-7,2.1979764414057167e-9,5.789072217851164e-7,Inf,20,-,-,negative; interval includes 0
base,Base causal mediation estimand with imputed maternal baseline,Primary,TE-JMAES-H1-MLC,6-12 years,Stricter restricted (>=3 complete occasions),"Low Maternal Absence, Higher SES","Low Maternal Absence, Low SES","Low Maternal Absence, Low SES vs Low Maternal Absence, Higher SES",Comparator minus reference,higher,Extension mediator,SCHL,School disengagement,Total effect,1381,9347,"Rubin pooled over 20 imputations; cluster-robust coefficient simulation, 300 independent mediator/outcome draws",0.0022136051994339503,-0.026395774513087337,0.030822984911955235,"0.002 (-0.026, 0.031)",2.1157182754546897e-4,1.4248067333775351e-06,2.1306787461551537e-4,385388.74974063796,20,-,-,positive; interval includes 0
base,Base causal mediation estimand with imputed maternal baseline,Primary,TE-JMAES-H1-MLC,6-12 years,Stricter restricted (>=3 complete occasions),"Low Maternal Absence, Higher SES","Low Maternal Absence, Low SES","Low Maternal Absence, Low SES vs Low Maternal Absence, Higher SES",Comparator minus reference,higher,Extension mediator,SCSP,Low social support,Direct effect,1381,9347,"Rubin pooled over 20 imputations; cluster-robust coefficient simulation, 300 independent mediator/outcome draws",0.001897365970207063,-0.026267624216434422,0.030062356156848546,"0.002 (-0.026, 0.030)",2.0493388948776556e-4,1.4914379438419193e-6,2.0649989932879957e-4,330372.82401533244,20,-,-,positive; interval includes 0
base,Base causal mediation estimand with imputed maternal baseline,Primary,TE-JMAES-H1-MLC,6-12 years,Stricter restricted (>=3 complete occasions),"Low Maternal Absence, Higher SES","Low Maternal Absence, Low SES","Low Maternal Absence, Low SES vs Low Maternal Absence, Higher SES",Comparator minus reference,higher,Extension mediator,SCSP,Low social support,Indirect effect,1381,9347,"Rubin pooled over 20 imputations; cluster-robust coefficient simulation, 300 independent mediator/outcome draws",4.8477368000146933e-4,-0.001282179217723432,0.0022517265777263706,"0.000 (-0.001, 0.002)",8.094140628297895e-7,3.1713526216492467e-9,8.127439830825212e-7,Inf,20,-,-,positive; interval includes 0
base,Base causal mediation estimand with imputed maternal baseline,Primary,TE-JMAES-H1-MLC,6-12 years,Stricter restricted (>=3 complete occasions),"Low Maternal Absence, Higher SES","Low Maternal Absence, Low SES","Low Maternal Absence, Low SES vs Low Maternal Absence, Higher SES",Comparator minus reference,higher,Extension mediator,SCSP,Low social support,Total effect,1381,9347,"Rubin pooled over 20 imputations; cluster-robust coefficient simulation, 300 independent mediator/outcome draws",0.0023821396502085325,-0.026082961343076944,0.030847240643494006,"0.002 (-0.026, 0.031)",2.0930219800871077e-4,1.5445760506541184e-6,2.109240028618976e-4,321372.2836812417,20,-,-,positive; interval includes 0
base,Base causal mediation estimand with imputed maternal baseline,Primary,TE-JMAES-H1-MLC,6-12 years,Stricter restricted (>=3 complete occasions),"Low Maternal Absence, Higher SES","Rising Maternal Absence, Improving SES","Rising Maternal Absence, Improving SES vs Low Maternal Absence, Higher SES",Comparator minus reference,higher,Base mediator,ESXC,Ever had sexual intercourse,Direct effect,1365,9238,"Rubin pooled over 20 imputations; cluster-robust coefficient simulation, 300 independent mediator/outcome draws",0.03878614193920978,-0.01187165995600447,0.08944394383442403,"0.039 (-0.012, 0.089)",6.648744252765146e-4,3.0042844519707305e-6,6.680289239510839e-4,852086.0119478262,20,-,-,positive; interval includes 0
base,Base causal mediation estimand with imputed maternal baseline,Primary,TE-JMAES-H1-MLC,6-12 years,Stricter restricted (>=3 complete occasions),"Low Maternal Absence, Higher SES","Rising Maternal Absence, Improving SES","Rising Maternal Absence, Improving SES vs Low Maternal Absence, Higher SES",Comparator minus reference,higher,Base mediator,ESXC,Ever had sexual intercourse,Indirect effect,1365,9238,"Rubin pooled over 20 imputations; cluster-robust coefficient simulation, 300 independent mediator/outcome draws",8.833864090905656e-4,-0.0076847856881934445,0.009451558506374575,"0.001 (-0.008, 0.009)",1.903269230677063e-5,7.440452999954247e-8,1.911081706327015e-5,1136932.7008881143,20,0.022268639075675185,2.2%,positive; interval includes 0
base,Base causal mediation estimand with imputed maternal baseline,Primary,TE-JMAES-H1-MLC,6-12 years,Stricter restricted (>=3 complete occasions),"Low Maternal Absence, Higher SES","Rising Maternal Absence, Improving SES","Rising Maternal Absence, Improving SES vs Low Maternal Absence, Higher SES",Comparator minus reference,higher,Base mediator,ESXC,Ever had sexual intercourse,Total effect,1365,9238,"Rubin pooled over 20 imputations; cluster-robust coefficient simulation, 300 independent mediator/outcome draws",0.03966952834830035,-0.012309046545111592,0.0916481032417123,"0.040 (-0.012, 0.092)",7.002487018882088e-4,2.9227838140864094e-6,7.033176248929995e-4,997894.4729387732,20,-,-,positive; interval includes 0
base,Base causal mediation estimand with imputed maternal baseline,Primary,TE-JMAES-H1-MLC,6-12 years,Stricter restricted (>=3 complete occasions),"Low Maternal Absence, Higher SES","Rising Maternal Absence, Improving SES","Rising Maternal Absence, Improving SES vs Low Maternal Absence, Higher SES",Comparator minus reference,higher,Base mediator,FDSC,Food insecurity,Direct effect,1381,9347,"Rubin pooled over 20 imputations; cluster-robust coefficient simulation, 300 independent mediator/outcome draws",0.035772580990899236,-0.016237830607820976,0.08778299258961944,"0.036 (-0.016, 0.088)",7.022069622796375e-4,1.8795137854286504e-6,7.041804517543376e-4,2419089.3054412166,20,-,-,positive; interval includes 0
base,Base causal mediation estimand with imputed maternal baseline,Primary,TE-JMAES-H1-MLC,6-12 years,Stricter restricted (>=3 complete occasions),"Low Maternal Absence, Higher SES","Rising Maternal Absence, Improving SES","Rising Maternal Absence, Improving SES vs Low Maternal Absence, Higher SES",Comparator minus reference,higher,Base mediator,FDSC,Food insecurity,Indirect effect,1381,9347,"Rubin pooled over 20 imputations; cluster-robust coefficient simulation, 300 independent mediator/outcome draws",0.003627452892476876,-0.005626010028477755,0.012880915813431506,"0.004 (-0.006, 0.013)",2.2218903854852718e-5,6.779680369200106e-8,2.2290090498729318e-5,1862860.0432985935,20,0.09206725311998758,9.2%,positive; interval includes 0
base,Base causal mediation estimand with imputed maternal baseline,Primary,TE-JMAES-H1-MLC,6-12 years,Stricter restricted (>=3 complete occasions),"Low Maternal Absence, Higher SES","Rising Maternal Absence, Improving SES","Rising Maternal Absence, Improving SES vs Low Maternal Absence, Higher SES",Comparator minus reference,higher,Base mediator,FDSC,Food insecurity,Total effect,1381,9347,"Rubin pooled over 20 imputations; cluster-robust coefficient simulation, 300 independent mediator/outcome draws",0.039400033883376116,-0.01524066127282793,0.09404072903958016,"0.039 (-0.015, 0.094)",7.751698139779432e-4,1.9387570361985983e-6,7.772055088659518e-4,2769491.0712042595,20,-,-,positive; interval includes 0
base,Base causal mediation estimand with imputed maternal baseline,Primary,TE-JMAES-H1-MLC,6-12 years,Stricter restricted (>=3 complete occasions),"Low Maternal Absence, Higher SES","Rising Maternal Absence, Improving SES","Rising Maternal Absence, Improving SES vs Low Maternal Absence, Higher SES",Comparator minus reference,higher,Base mediator,VLNC,Violence exposure,Direct effect,1381,9347,"Rubin pooled over 20 imputations; cluster-robust coefficient simulation, 300 independent mediator/outcome draws",0.04006822572898079,-0.013159368571638769,0.09329582002960035,"0.040 (-0.013, 0.093)",7.345925464812726e-4,2.792607736502945e-6,7.375247846046007e-4,1202010.7949398307,20,-,-,positive; interval includes 0
base,Base causal mediation estimand with imputed maternal baseline,Primary,TE-JMAES-H1-MLC,6-12 years,Stricter restricted (>=3 complete occasions),"Low Maternal Absence, Higher SES","Rising Maternal Absence, Improving SES","Rising Maternal Absence, Improving SES vs Low Maternal Absence, Higher SES",Comparator minus reference,higher,Base mediator,VLNC,Violence exposure,Indirect effect,1381,9347,"Rubin pooled over 20 imputations; cluster-robust coefficient simulation, 300 independent mediator/outcome draws",-0.0013417682550206074,-0.005532806839562201,0.002849270329520987,"-0.001 (-0.006, 0.003)",4.565321918990946e-6,6.770310416178459e-9,4.572430744927933e-6,Inf,20,-,-,negative; interval includes 0
base,Base causal mediation estimand with imputed maternal baseline,Primary,TE-JMAES-H1-MLC,6-12 years,Stricter restricted (>=3 complete occasions),"Low Maternal Absence, Higher SES","Rising Maternal Absence, Improving SES","Rising Maternal Absence, Improving SES vs Low Maternal Absence, Higher SES",Comparator minus reference,higher,Base mediator,VLNC,Violence exposure,Total effect,1381,9347,"Rubin pooled over 20 imputations; cluster-robust coefficient simulation, 300 independent mediator/outcome draws",0.038726457473960176,-0.014009680381408818,0.09146259532932917,"0.039 (-0.014, 0.091)",7.211101200321573e-4,2.722150781994879e-6,7.23968378353252e-4,1218961.0896169008,20,-,-,positive; interval includes 0
base,Base causal mediation estimand with imputed maternal baseline,Primary,TE-JMAES-H1-MLC,6-12 years,Stricter restricted (>=3 complete occasions),"Low Maternal Absence, Higher SES","Rising Maternal Absence, Improving SES","Rising Maternal Absence, Improving SES vs Low Maternal Absence, Higher SES",Comparator minus reference,higher,Extension mediator,DNKA,Alcohol use,Direct effect,1381,9347,"Rubin pooled over 20 imputations; cluster-robust coefficient simulation, 300 independent mediator/outcome draws",0.03809667065504845,-0.013120729425158108,0.08931407073525502,"0.038 (-0.013, 0.089)",6.800956861835254e-4,2.642097039621121e-6,6.828698880751276e-4,1151206.9392355864,20,-,-,positive; interval includes 0
base,Base causal mediation estimand with imputed maternal baseline,Primary,TE-JMAES-H1-MLC,6-12 years,Stricter restricted (>=3 complete occasions),"Low Maternal Absence, Higher SES","Rising Maternal Absence, Improving SES","Rising Maternal Absence, Improving SES vs Low Maternal Absence, Higher SES",Comparator minus reference,higher,Extension mediator,DNKA,Alcohol use,Indirect effect,1381,9347,"Rubin pooled over 20 imputations; cluster-robust coefficient simulation, 300 independent mediator/outcome draws",0.0010030062491666214,-0.0035465441198928582,0.005552556618226101,"0.001 (-0.004, 0.006)",5.383311755695267e-6,4.620797169403065e-9,5.38816359272314e-6,Inf,20,0.025652545713453042,2.6%,positive; interval includes 0
base,Base causal mediation estimand with imputed maternal baseline,Primary,TE-JMAES-H1-MLC,6-12 years,Stricter restricted (>=3 complete occasions),"Low Maternal Absence, Higher SES","Rising Maternal Absence, Improving SES","Rising Maternal Absence, Improving SES vs Low Maternal Absence, Higher SES",Comparator minus reference,higher,Extension mediator,DNKA,Alcohol use,Total effect,1381,9347,"Rubin pooled over 20 imputations; cluster-robust coefficient simulation, 300 independent mediator/outcome draws",0.03909967690421508,-0.013065723848587472,0.09126507765701763,"0.039 (-0.013, 0.091)",7.054901849160146e-4,2.7548465476353834e-6,7.083827737910317e-4,1139504.8056507765,20,-,-,positive; interval includes 0
base,Base causal mediation estimand with imputed maternal baseline,Primary,TE-JMAES-H1-MLC,6-12 years,Stricter restricted (>=3 complete occasions),"Low Maternal Absence, Higher SES","Rising Maternal Absence, Improving SES","Rising Maternal Absence, Improving SES vs Low Maternal Absence, Higher SES",Comparator minus reference,higher,Extension mediator,GOVG,Lack of government grant receipt,Direct effect,1381,9347,"Rubin pooled over 20 imputations; cluster-robust coefficient simulation, 300 independent mediator/outcome draws",0.04005788731302701,-0.01137845755184505,0.09149423217789907,"0.040 (-0.011, 0.091)",6.853081054536242e-4,3.2493692845972443e-6,6.887199432024512e-4,774216.0655936606,20,-,-,positive; interval includes 0
base,Base causal mediation estimand with imputed maternal baseline,Primary,TE-JMAES-H1-MLC,6-12 years,Stricter restricted (>=3 complete occasions),"Low Maternal Absence, Higher SES","Rising Maternal Absence, Improving SES","Rising Maternal Absence, Improving SES vs Low Maternal Absence, Higher SES",Comparator minus reference,higher,Extension mediator,GOVG,Lack of government grant receipt,Indirect effect,1381,9347,"Rubin pooled over 20 imputations; cluster-robust coefficient simulation, 300 independent mediator/outcome draws",-6.480065982140789e-4,-0.00604606454527835,0.004750051348850193,"-0.001 (-0.006, 0.005)",7.5533624316534835e-6,3.0502468570593046e-8,7.585390023652606e-6,1065763.5390991592,20,-,-,negative; interval includes 0
base,Base causal mediation estimand with imputed maternal baseline,Primary,TE-JMAES-H1-MLC,6-12 years,Stricter restricted (>=3 complete occasions),"Low Maternal Absence, Higher SES","Rising Maternal Absence, Improving SES","Rising Maternal Absence, Improving SES vs Low Maternal Absence, Higher SES",Comparator minus reference,higher,Extension mediator,GOVG,Lack of government grant receipt,Total effect,1381,9347,"Rubin pooled over 20 imputations; cluster-robust coefficient simulation, 300 independent mediator/outcome draws",0.03940988071481293,-0.011534782154034577,0.09035454358366043,"0.039 (-0.012, 0.090)",6.723160511573868e-4,3.1427449181989736e-6,6.756159333214957e-4,796446.3082166708,20,-,-,positive; interval includes 0
base,Base causal mediation estimand with imputed maternal baseline,Primary,TE-JMAES-H1-MLC,6-12 years,Stricter restricted (>=3 complete occasions),"Low Maternal Absence, Higher SES","Rising Maternal Absence, Improving SES","Rising Maternal Absence, Improving SES vs Low Maternal Absence, Higher SES",Comparator minus reference,higher,Extension mediator,SCHL,School disengagement,Direct effect,1381,9347,"Rubin pooled over 20 imputations; cluster-robust coefficient simulation, 300 independent mediator/outcome draws",0.04016663270502558,-0.01313661055164577,0.09346987596169692,"0.040 (-0.013, 0.093)",7.365649629689542e-4,2.9119843328578366e-6,7.39622546518455e-4,1111775.8037990737,20,-,-,positive; interval includes 0
base,Base causal mediation estimand with imputed maternal baseline,Primary,TE-JMAES-H1-MLC,6-12 years,Stricter restricted (>=3 complete occasions),"Low Maternal Absence, Higher SES","Rising Maternal Absence, Improving SES","Rising Maternal Absence, Improving SES vs Low Maternal Absence, Higher SES",Comparator minus reference,higher,Extension mediator,SCHL,School disengagement,Indirect effect,1381,9347,"Rubin pooled over 20 imputations; cluster-robust coefficient simulation, 300 independent mediator/outcome draws",-7.146838497452135e-4,-0.004492484283261493,0.0030631165837710656,"-0.001 (-0.004, 0.003)",3.706913470131603e-6,7.889033722457685e-9,3.7151969555401835e-6,Inf,20,-,-,negative; interval includes 0
base,Base causal mediation estimand with imputed maternal baseline,Primary,TE-JMAES-H1-MLC,6-12 years,Stricter restricted (>=3 complete occasions),"Low Maternal Absence, Higher SES","Rising Maternal Absence, Improving SES","Rising Maternal Absence, Improving SES vs Low Maternal Absence, Higher SES",Comparator minus reference,higher,Extension mediator,SCHL,School disengagement,Total effect,1381,9347,"Rubin pooled over 20 imputations; cluster-robust coefficient simulation, 300 independent mediator/outcome draws",0.03945194885528037,-0.01349895243465788,0.09240285014521862,"0.039 (-0.013, 0.092)",7.268551969280401e-4,2.8777552853224537e-6,7.298768399776286e-4,1108578.492374771,20,-,-,positive; interval includes 0
base,Base causal mediation estimand with imputed maternal baseline,Primary,TE-JMAES-H1-MLC,6-12 years,Stricter restricted (>=3 complete occasions),"Low Maternal Absence, Higher SES","Rising Maternal Absence, Improving SES","Rising Maternal Absence, Improving SES vs Low Maternal Absence, Higher SES",Comparator minus reference,higher,Extension mediator,SCSP,Low social support,Direct effect,1381,9347,"Rubin pooled over 20 imputations; cluster-robust coefficient simulation, 300 independent mediator/outcome draws",0.040684142475243316,-0.013852426518709549,0.09522071146919618,"0.041 (-0.014, 0.095)",7.710611489023303e-4,3.0324038588280876e-6,7.742451729540998e-4,1123460.828130458,20,-,-,positive; interval includes 0
base,Base causal mediation estimand with imputed maternal baseline,Primary,TE-JMAES-H1-MLC,6-12 years,Stricter restricted (>=3 complete occasions),"Low Maternal Absence, Higher SES","Rising Maternal Absence, Improving SES","Rising Maternal Absence, Improving SES vs Low Maternal Absence, Higher SES",Comparator minus reference,higher,Extension mediator,SCSP,Low social support,Indirect effect,1381,9347,"Rubin pooled over 20 imputations; cluster-robust coefficient simulation, 300 independent mediator/outcome draws",-0.0013825520494979455,-0.006066665203519376,0.003301561104523486,"-0.001 (-0.006, 0.003)",5.703358597746863e-6,7.858831578077767e-9,5.711610370903844e-6,Inf,20,-,-,negative; interval includes 0
base,Base causal mediation estimand with imputed maternal baseline,Primary,TE-JMAES-H1-MLC,6-12 years,Stricter restricted (>=3 complete occasions),"Low Maternal Absence, Higher SES","Rising Maternal Absence, Improving SES","Rising Maternal Absence, Improving SES vs Low Maternal Absence, Higher SES",Comparator minus reference,higher,Extension mediator,SCSP,Low social support,Total effect,1381,9347,"Rubin pooled over 20 imputations; cluster-robust coefficient simulation, 300 independent mediator/outcome draws",0.03930159042574536,-0.014694671406685567,0.09329785225817629,"0.039 (-0.015, 0.093)",7.558685813172934e-4,2.963165093319041e-6,7.589799046652784e-4,1130638.7337588898,20,-,-,positive; interval includes 0
fixed_context,Fixed-context-adjusted decomposition with imputed maternal baseline,Primary,TE-JMAES-H1-EC,0-5 years,Stricter restricted (>=3 complete occasions),"Low Maternal Absence, Improving SES","High Maternal Absence, Low SES","High Maternal Absence, Low SES vs Low Maternal Absence, Improving SES",Comparator minus reference,higher,Base mediator,ESXC,Ever had sexual intercourse,Direct effect,1364,9229,"Rubin pooled over 20 imputations; cluster-robust coefficient simulation, 300 independent mediator/outcome draws",0.036208029058766376,-0.017734494006089722,0.09015055212362247,"0.036 (-0.018, 0.090)",7.559341361083771e-4,1.4638320655461758e-6,7.574711597772005e-4,4614500.467856171,20,-,-,positive; interval includes 0
fixed_context,Fixed-context-adjusted decomposition with imputed maternal baseline,Primary,TE-JMAES-H1-EC,0-5 years,Stricter restricted (>=3 complete occasions),"Low Maternal Absence, Improving SES","High Maternal Absence, Low SES","High Maternal Absence, Low SES vs Low Maternal Absence, Improving SES",Comparator minus reference,higher,Base mediator,ESXC,Ever had sexual intercourse,Indirect effect,1364,9229,"Rubin pooled over 20 imputations; cluster-robust coefficient simulation, 300 independent mediator/outcome draws",9.414365753511392e-4,-0.00531427562869226,0.007197148779394539,"0.001 (-0.005, 0.007)",1.018358799889851e-5,3.49600200693259e-9,1.018725880100579e-5,Inf,20,0.025341860489280842,2.5%,positive; interval includes 0
fixed_context,Fixed-context-adjusted decomposition with imputed maternal baseline,Primary,TE-JMAES-H1-EC,0-5 years,Stricter restricted (>=3 complete occasions),"Low Maternal Absence, Improving SES","High Maternal Absence, Low SES","High Maternal Absence, Low SES vs Low Maternal Absence, Improving SES",Comparator minus reference,higher,Base mediator,ESXC,Ever had sexual intercourse,Total effect,1364,9229,"Rubin pooled over 20 imputations; cluster-robust coefficient simulation, 300 independent mediator/outcome draws",0.037149465634117515,-0.017613754656146445,0.09191268592438148,"0.037 (-0.018, 0.092)",7.791767701415263e-4,1.4462200231520525e-6,7.80695301165836e-4,5021915.4142577,20,-,-,positive; interval includes 0
fixed_context,Fixed-context-adjusted decomposition with imputed maternal baseline,Primary,TE-JMAES-H1-EC,0-5 years,Stricter restricted (>=3 complete occasions),"Low Maternal Absence, Improving SES","High Maternal Absence, Low SES","High Maternal Absence, Low SES vs Low Maternal Absence, Improving SES",Comparator minus reference,higher,Base mediator,FDSC,Food insecurity,Direct effect,1380,9338,"Rubin pooled over 20 imputations; cluster-robust coefficient simulation, 300 independent mediator/outcome draws",0.028232186178239263,-0.020765596077626354,0.07722996843410487,"0.028 (-0.021, 0.077)",6.239122506845825e-4,1.0037301426554518e-6,6.249661673343707e-4,6681194.032963825,20,-,-,positive; interval includes 0
fixed_context,Fixed-context-adjusted decomposition with imputed maternal baseline,Primary,TE-JMAES-H1-EC,0-5 years,Stricter restricted (>=3 complete occasions),"Low Maternal Absence, Improving SES","High Maternal Absence, Low SES","High Maternal Absence, Low SES vs Low Maternal Absence, Improving SES",Comparator minus reference,higher,Base mediator,FDSC,Food insecurity,Indirect effect,1380,9338,"Rubin pooled over 20 imputations; cluster-robust coefficient simulation, 300 independent mediator/outcome draws",0.007575017324139815,-0.0031487549732706977,0.018298789621550328,"0.008 (-0.003, 0.018)",2.9905516598836496e-5,2.9370343227914455e-8,2.9936355459225804e-5,17904195.56919224,20,0.21155009560119709,21.2%,positive; interval includes 0
fixed_context,Fixed-context-adjusted decomposition with imputed maternal baseline,Primary,TE-JMAES-H1-EC,0-5 years,Stricter restricted (>=3 complete occasions),"Low Maternal Absence, Improving SES","High Maternal Absence, Low SES","High Maternal Absence, Low SES vs Low Maternal Absence, Improving SES",Comparator minus reference,higher,Base mediator,FDSC,Food insecurity,Total effect,1380,9338,"Rubin pooled over 20 imputations; cluster-robust coefficient simulation, 300 independent mediator/outcome draws",0.035807203502379086,-0.01784968549631586,0.08946409250107404,"0.036 (-0.018, 0.089)",7.481106791117788e-4,1.2951830932224974e-6,7.494706213596624e-4,5770612.291897914,20,-,-,positive; interval includes 0
fixed_context,Fixed-context-adjusted decomposition with imputed maternal baseline,Primary,TE-JMAES-H1-EC,0-5 years,Stricter restricted (>=3 complete occasions),"Low Maternal Absence, Improving SES","High Maternal Absence, Low SES","High Maternal Absence, Low SES vs Low Maternal Absence, Improving SES",Comparator minus reference,higher,Base mediator,VLNC,Violence exposure,Direct effect,1380,9338,"Rubin pooled over 20 imputations; cluster-robust coefficient simulation, 300 independent mediator/outcome draws",0.03475875075223407,-0.017721147075019844,0.08723864857948799,"0.035 (-0.018, 0.087)",7.158652139801745e-4,1.034361521951291e-6,7.169512935782233e-4,8279604.561799212,20,-,-,positive; interval includes 0
fixed_context,Fixed-context-adjusted decomposition with imputed maternal baseline,Primary,TE-JMAES-H1-EC,0-5 years,Stricter restricted (>=3 complete occasions),"Low Maternal Absence, Improving SES","High Maternal Absence, Low SES","High Maternal Absence, Low SES vs Low Maternal Absence, Improving SES",Comparator minus reference,higher,Base mediator,VLNC,Violence exposure,Indirect effect,1380,9338,"Rubin pooled over 20 imputations; cluster-robust coefficient simulation, 300 independent mediator/outcome draws",0.004101332414804275,-0.002863231043765618,0.011065895873374167,"0.004 (-0.003, 0.011)",1.261570160586835e-5,1.0523272865183269e-8,1.2626751042376792e-5,Inf,20,0.10554100970846816,10.6%,positive; interval includes 0
fixed_context,Fixed-context-adjusted decomposition with imputed maternal baseline,Primary,TE-JMAES-H1-EC,0-5 years,Stricter restricted (>=3 complete occasions),"Low Maternal Absence, Improving SES","High Maternal Absence, Low SES","High Maternal Absence, Low SES vs Low Maternal Absence, Improving SES",Comparator minus reference,higher,Base mediator,VLNC,Violence exposure,Total effect,1380,9338,"Rubin pooled over 20 imputations; cluster-robust coefficient simulation, 300 independent mediator/outcome draws",0.03886008316703835,-0.015347615404753032,0.09306778173882974,"0.039 (-0.015, 0.093)",7.636896444489535e-4,1.187859288328904e-6,7.649368967016989e-4,7146546.537343616,20,-,-,positive; interval includes 0
fixed_context,Fixed-context-adjusted decomposition with imputed maternal baseline,Primary,TE-JMAES-H1-EC,0-5 years,Stricter restricted (>=3 complete occasions),"Low Maternal Absence, Improving SES","High Maternal Absence, Low SES","High Maternal Absence, Low SES vs Low Maternal Absence, Improving SES",Comparator minus reference,higher,Extension mediator,DNKA,Alcohol use,Direct effect,1380,9338,"Rubin pooled over 20 imputations; cluster-robust coefficient simulation, 300 independent mediator/outcome draws",0.03732257610794121,-0.017033655998728872,0.09167880821461129,"0.037 (-0.017, 0.092)",7.680521627134616e-4,1.0309743858866363e-6,7.691346858186425e-4,9591445.120210102,20,-,-,positive; interval includes 0
fixed_context,Fixed-context-adjusted decomposition with imputed maternal baseline,Primary,TE-JMAES-H1-EC,0-5 years,Stricter restricted (>=3 complete occasions),"Low Maternal Absence, Improving SES","High Maternal Absence, Low SES","High Maternal Absence, Low SES vs Low Maternal Absence, Improving SES",Comparator minus reference,higher,Extension mediator,DNKA,Alcohol use,Indirect effect,1380,9338,"Rubin pooled over 20 imputations; cluster-robust coefficient simulation, 300 independent mediator/outcome draws",5.219834745399596e-5,-0.004180849815277567,0.004285246510185559,"0.000 (-0.004, 0.004)",4.6595586342839414e-6,4.758641539821119e-9,4.6645552079007535e-6,Inf,20,0.0013966197312118068,0.1%,positive; interval includes 0
fixed_context,Fixed-context-adjusted decomposition with imputed maternal baseline,Primary,TE-JMAES-H1-EC,0-5 years,Stricter restricted (>=3 complete occasions),"Low Maternal Absence, Improving SES","High Maternal Absence, Low SES","High Maternal Absence, Low SES vs Low Maternal Absence, Improving SES",Comparator minus reference,higher,Extension mediator,DNKA,Alcohol use,Total effect,1380,9338,"Rubin pooled over 20 imputations; cluster-robust coefficient simulation, 300 independent mediator/outcome draws",0.03737477445539521,-0.016696751776985097,0.09144630068777551,"0.037 (-0.017, 0.091)",7.600797898070636e-4,9.703824713796134e-7,7.610986914020122e-4,10601591.531449571,20,-,-,positive; interval includes 0
fixed_context,Fixed-context-adjusted decomposition with imputed maternal baseline,Primary,TE-JMAES-H1-EC,0-5 years,Stricter restricted (>=3 complete occasions),"Low Maternal Absence, Improving SES","High Maternal Absence, Low SES","High Maternal Absence, Low SES vs Low Maternal Absence, Improving SES",Comparator minus reference,higher,Extension mediator,GOVG,Lack of government grant receipt,Direct effect,1380,9338,"Rubin pooled over 20 imputations; cluster-robust coefficient simulation, 300 independent mediator/outcome draws",0.038715717170719026,-0.01789860428041886,0.0953300386218569,"0.039 (-0.018, 0.095)",8.330526415770021e-4,1.250260236720204e-6,8.343654148255582e-4,7675147.8886383455,20,-,-,positive; interval includes 0
fixed_context,Fixed-context-adjusted decomposition with imputed maternal baseline,Primary,TE-JMAES-H1-EC,0-5 years,Stricter restricted (>=3 complete occasions),"Low Maternal Absence, Improving SES","High Maternal Absence, Low SES","High Maternal Absence, Low SES vs Low Maternal Absence, Improving SES",Comparator minus reference,higher,Extension mediator,GOVG,Lack of government grant receipt,Indirect effect,1380,9338,"Rubin pooled over 20 imputations; cluster-robust coefficient simulation, 300 independent mediator/outcome draws",-0.0014180900639048435,-0.006358498467933027,0.00352231834012334,"-0.001 (-0.006, 0.004)",6.339907389976842e-6,1.3175062481506035e-8,6.353741205582423e-6,Inf,20,-,-,negative; interval includes 0
fixed_context,Fixed-context-adjusted decomposition with imputed maternal baseline,Primary,TE-JMAES-H1-EC,0-5 years,Stricter restricted (>=3 complete occasions),"Low Maternal Absence, Improving SES","High Maternal Absence, Low SES","High Maternal Absence, Low SES vs Low Maternal Absence, Improving SES",Comparator minus reference,higher,Extension mediator,GOVG,Lack of government grant receipt,Total effect,1380,9338,"Rubin pooled over 20 imputations; cluster-robust coefficient simulation, 300 independent mediator/outcome draws",0.037297627106814175,-0.01786224892102104,0.0924575031346494,"0.037 (-0.018, 0.092)",7.90890857137491e-4,1.0998896608638989e-6,7.920457412813981e-4,8936702.278712763,20,-,-,positive; interval includes 0
fixed_context,Fixed-context-adjusted decomposition with imputed maternal baseline,Primary,TE-JMAES-H1-EC,0-5 years,Stricter restricted (>=3 complete occasions),"Low Maternal Absence, Improving SES","High Maternal Absence, Low SES","High Maternal Absence, Low SES vs Low Maternal Absence, Improving SES",Comparator minus reference,higher,Extension mediator,SCHL,School disengagement,Direct effect,1380,9338,"Rubin pooled over 20 imputations; cluster-robust coefficient simulation, 300 independent mediator/outcome draws",0.03696844737412947,-0.016576490934511162,0.0905133856827701,"0.037 (-0.017, 0.091)",7.45405589737015e-4,8.962270002627702e-7,7.463466280872909e-4,11951436.429201597,20,-,-,positive; interval includes 0
fixed_context,Fixed-context-adjusted decomposition with imputed maternal baseline,Primary,TE-JMAES-H1-EC,0-5 years,Stricter restricted (>=3 complete occasions),"Low Maternal Absence, Improving SES","High Maternal Absence, Low SES","High Maternal Absence, Low SES vs Low Maternal Absence, Improving SES",Comparator minus reference,higher,Extension mediator,SCHL,School disengagement,Indirect effect,1380,9338,"Rubin pooled over 20 imputations; cluster-robust coefficient simulation, 300 independent mediator/outcome draws",8.440162965692791e-5,-0.003386516702118224,0.0035553199614320793,"0.000 (-0.003, 0.004)",3.13336589499065e-6,2.622518106638612e-9,3.1361195390026205e-6,Inf,20,0.0022778715247592156,0.2%,positive; interval includes 0
fixed_context,Fixed-context-adjusted decomposition with imputed maternal baseline,Primary,TE-JMAES-H1-EC,0-5 years,Stricter restricted (>=3 complete occasions),"Low Maternal Absence, Improving SES","High Maternal Absence, Low SES","High Maternal Absence, Low SES vs Low Maternal Absence, Improving SES",Comparator minus reference,higher,Extension mediator,SCHL,School disengagement,Total effect,1380,9338,"Rubin pooled over 20 imputations; cluster-robust coefficient simulation, 300 independent mediator/outcome draws",0.0370528490037864,-0.016470085245711835,0.09057578325328464,"0.037 (-0.016, 0.091)",7.447737827031037e-4,9.138565467743428e-7,7.457333320772168e-4,11475881.587245846,20,-,-,positive; interval includes 0
fixed_context,Fixed-context-adjusted decomposition with imputed maternal baseline,Primary,TE-JMAES-H1-EC,0-5 years,Stricter restricted (>=3 complete occasions),"Low Maternal Absence, Improving SES","High Maternal Absence, Low SES","High Maternal Absence, Low SES vs Low Maternal Absence, Improving SES",Comparator minus reference,higher,Extension mediator,SCSP,Low social support,Direct effect,1380,9338,"Rubin pooled over 20 imputations; cluster-robust coefficient simulation, 300 independent mediator/outcome draws",0.03651981257898424,-0.017241347350770896,0.09028097250873937,"0.037 (-0.017, 0.090)",7.514241277169014e-4,9.165345053085512e-7,7.523864889474754e-4,11613398.790370928,20,-,-,positive; interval includes 0
fixed_context,Fixed-context-adjusted decomposition with imputed maternal baseline,Primary,TE-JMAES-H1-EC,0-5 years,Stricter restricted (>=3 complete occasions),"Low Maternal Absence, Improving SES","High Maternal Absence, Low SES","High Maternal Absence, Low SES vs Low Maternal Absence, Improving SES",Comparator minus reference,higher,Extension mediator,SCSP,Low social support,Indirect effect,1380,9338,"Rubin pooled over 20 imputations; cluster-robust coefficient simulation, 300 independent mediator/outcome draws",7.348911439211799e-4,-0.003978769169741632,0.005448551457583993,"0.001 (-0.004, 0.005)",5.783457087135417e-6,4.1683348907123647e-10,5.783894762298942e-6,Inf,20,0.019726130407241558,2.0%,positive; interval includes 0
fixed_context,Fixed-context-adjusted decomposition with imputed maternal baseline,Primary,TE-JMAES-H1-EC,0-5 years,Stricter restricted (>=3 complete occasions),"Low Maternal Absence, Improving SES","High Maternal Absence, Low SES","High Maternal Absence, Low SES vs Low Maternal Absence, Improving SES",Comparator minus reference,higher,Extension mediator,SCSP,Low social support,Total effect,1380,9338,"Rubin pooled over 20 imputations; cluster-robust coefficient simulation, 300 independent mediator/outcome draws",0.03725470372290542,-0.01729057784265072,0.09179998528846156,"0.037 (-0.017, 0.092)",7.735399734466362e-4,9.086854523215567e-7,7.744940931715738e-4,12519416.043967294,20,-,-,positive; interval includes 0
fixed_context,Fixed-context-adjusted decomposition with imputed maternal baseline,Primary,TE-JMAES-H1-EC,0-5 years,Stricter restricted (>=3 complete occasions),"Low Maternal Absence, Improving SES","Low Maternal Absence, Low SES","Low Maternal Absence, Low SES vs Low Maternal Absence, Improving SES",Comparator minus reference,higher,Base mediator,ESXC,Ever had sexual intercourse,Direct effect,1364,9229,"Rubin pooled over 20 imputations; cluster-robust coefficient simulation, 300 independent mediator/outcome draws",-0.0025832505388175995,-0.02313990144622563,0.01797340036859043,"-0.003 (-0.023, 0.018)",1.085622893927053e-4,1.3707874687682436e-6,1.1000161623491195e-4,110976.97534186914,20,-,-,negative; interval includes 0
fixed_context,Fixed-context-adjusted decomposition with imputed maternal baseline,Primary,TE-JMAES-H1-EC,0-5 years,Stricter restricted (>=3 complete occasions),"Low Maternal Absence, Improving SES","Low Maternal Absence, Low SES","Low Maternal Absence, Low SES vs Low Maternal Absence, Improving SES",Comparator minus reference,higher,Base mediator,ESXC,Ever had sexual intercourse,Indirect effect,1364,9229,"Rubin pooled over 20 imputations; cluster-robust coefficient simulation, 300 independent mediator/outcome draws",2.9551816589713645e-4,-0.0014363081272108715,0.0020273444590051446,"0.000 (-0.001, 0.002)",7.769580556962644e-7,3.6122024065106095e-9,7.807508682231005e-7,Inf,20,-,-,positive; interval includes 0
fixed_context,Fixed-context-adjusted decomposition with imputed maternal baseline,Primary,TE-JMAES-H1-EC,0-5 years,Stricter restricted (>=3 complete occasions),"Low Maternal Absence, Improving SES","Low Maternal Absence, Low SES","Low Maternal Absence, Low SES vs Low Maternal Absence, Improving SES",Comparator minus reference,higher,Base mediator,ESXC,Ever had sexual intercourse,Total effect,1364,9229,"Rubin pooled over 20 imputations; cluster-robust coefficient simulation, 300 independent mediator/outcome draws",-0.002287732372920462,-0.02298224146930392,0.018406776723462994,"-0.002 (-0.023, 0.018)",1.1002204965449257e-4,1.3903885810683535e-6,1.1148195766461434e-4,110792.86451163159,20,-,-,negative; interval includes 0
fixed_context,Fixed-context-adjusted decomposition with imputed maternal baseline,Primary,TE-JMAES-H1-EC,0-5 years,Stricter restricted (>=3 complete occasions),"Low Maternal Absence, Improving SES","Low Maternal Absence, Low SES","Low Maternal Absence, Low SES vs Low Maternal Absence, Improving SES",Comparator minus reference,higher,Base mediator,FDSC,Food insecurity,Direct effect,1380,9338,"Rubin pooled over 20 imputations; cluster-robust coefficient simulation, 300 independent mediator/outcome draws",-0.004284137365555946,-0.024750343428165702,0.016182068697053808,"-0.004 (-0.025, 0.016)",1.0804885330063603e-4,9.411074971383346e-7,1.0903701617263129e-4,231336.65590006334,20,-,-,negative; interval includes 0
fixed_context,Fixed-context-adjusted decomposition with imputed maternal baseline,Primary,TE-JMAES-H1-EC,0-5 years,Stricter restricted (>=3 complete occasions),"Low Maternal Absence, Improving SES","Low Maternal Absence, Low SES","Low Maternal Absence, Low SES vs Low Maternal Absence, Improving SES",Comparator minus reference,higher,Base mediator,FDSC,Food insecurity,Indirect effect,1380,9338,"Rubin pooled over 20 imputations; cluster-robust coefficient simulation, 300 independent mediator/outcome draws",0.0011885468670522162,-0.0012546593436260284,0.0036317530777304607,"0.001 (-0.001, 0.004)",1.5425382983251288e-6,1.0824071339026033e-8,1.5539035732311062e-6,Inf,20,-,-,positive; interval includes 0
fixed_context,Fixed-context-adjusted decomposition with imputed maternal baseline,Primary,TE-JMAES-H1-EC,0-5 years,Stricter restricted (>=3 complete occasions),"Low Maternal Absence, Improving SES","Low Maternal Absence, Low SES","Low Maternal Absence, Low SES vs Low Maternal Absence, Improving SES",Comparator minus reference,higher,Base mediator,FDSC,Food insecurity,Total effect,1380,9338,"Rubin pooled over 20 imputations; cluster-robust coefficient simulation, 300 independent mediator/outcome draws",-0.0030955904985037245,-0.023836465204740066,0.01764528420773262,"-0.003 (-0.024, 0.018)",1.109967106518371e-4,9.397063381433244e-7,1.119834023068876e-4,244736.08420423168,20,-,-,negative; interval includes 0
fixed_context,Fixed-context-adjusted decomposition with imputed maternal baseline,Primary,TE-JMAES-H1-EC,0-5 years,Stricter restricted (>=3 complete occasions),"Low Maternal Absence, Improving SES","Low Maternal Absence, Low SES","Low Maternal Absence, Low SES vs Low Maternal Absence, Improving SES",Comparator minus reference,higher,Base mediator,VLNC,Violence exposure,Direct effect,1380,9338,"Rubin pooled over 20 imputations; cluster-robust coefficient simulation, 300 independent mediator/outcome draws",-0.0026859502008494693,-0.023149207129873606,0.01777730672817467,"-0.003 (-0.023, 0.018)",1.0782085272327449e-4,1.1278506619797398e-6,1.090050959183532e-4,160977.5850996368,20,-,-,negative; interval includes 0
fixed_context,Fixed-context-adjusted decomposition with imputed maternal baseline,Primary,TE-JMAES-H1-EC,0-5 years,Stricter restricted (>=3 complete occasions),"Low Maternal Absence, Improving SES","Low Maternal Absence, Low SES","Low Maternal Absence, Low SES vs Low Maternal Absence, Improving SES",Comparator minus reference,higher,Base mediator,VLNC,Violence exposure,Indirect effect,1380,9338,"Rubin pooled over 20 imputations; cluster-robust coefficient simulation, 300 independent mediator/outcome draws",4.152942683386597e-4,-9.557133873337254e-4,0.0017863019240110449,"0.000 (-0.001, 0.002)",4.872465063565839e-7,1.964680752383238e-9,4.893094211465864e-7,Inf,20,-,-,positive; interval includes 0
fixed_context,Fixed-context-adjusted decomposition with imputed maternal baseline,Primary,TE-JMAES-H1-EC,0-5 years,Stricter restricted (>=3 complete occasions),"Low Maternal Absence, Improving SES","Low Maternal Absence, Low SES","Low Maternal Absence, Low SES vs Low Maternal Absence, Improving SES",Comparator minus reference,higher,Base mediator,VLNC,Violence exposure,Total effect,1380,9338,"Rubin pooled over 20 imputations; cluster-robust coefficient simulation, 300 independent mediator/outcome draws",-0.002270655932510809,-0.022792524385415628,0.018251212520394012,"-0.002 (-0.023, 0.018)",1.08445763243325e-4,1.1282631946842992e-6,1.0963043959774351e-4,162710.83417609934,20,-,-,negative; interval includes 0
fixed_context,Fixed-context-adjusted decomposition with imputed maternal baseline,Primary,TE-JMAES-H1-EC,0-5 years,Stricter restricted (>=3 complete occasions),"Low Maternal Absence, Improving SES","Low Maternal Absence, Low SES","Low Maternal Absence, Low SES vs Low Maternal Absence, Improving SES",Comparator minus reference,higher,Extension mediator,DNKA,Alcohol use,Direct effect,1380,9338,"Rubin pooled over 20 imputations; cluster-robust coefficient simulation, 300 independent mediator/outcome draws",-0.0022981601611388193,-0.022743469571573333,0.018147149249295697,"-0.002 (-0.023, 0.018)",1.0754547241604647e-4,1.2078592196565425e-6,1.0881372459668584e-4,139865.215123987,20,-,-,negative; interval includes 0
fixed_context,Fixed-context-adjusted decomposition with imputed maternal baseline,Primary,TE-JMAES-H1-EC,0-5 years,Stricter restricted (>=3 complete occasions),"Low Maternal Absence, Improving SES","Low Maternal Absence, Low SES","Low Maternal Absence, Low SES vs Low Maternal Absence, Improving SES",Comparator minus reference,higher,Extension mediator,DNKA,Alcohol use,Indirect effect,1380,9338,"Rubin pooled over 20 imputations; cluster-robust coefficient simulation, 300 independent mediator/outcome draws",-4.446037512109702e-7,-6.182051350272962e-4,6.173159275248743e-4,"-0.000 (-0.001, 0.001)",9.934036805563196e-8,4.001675245548622e-12,9.934456981463978e-8,Inf,20,-,-,negative; interval includes 0
fixed_context,Fixed-context-adjusted decomposition with imputed maternal baseline,Primary,TE-JMAES-H1-EC,0-5 years,Stricter restricted (>=3 complete occasions),"Low Maternal Absence, Improving SES","Low Maternal Absence, Low SES","Low Maternal Absence, Low SES vs Low Maternal Absence, Improving SES",Comparator minus reference,higher,Extension mediator,DNKA,Alcohol use,Total effect,1380,9338,"Rubin pooled over 20 imputations; cluster-robust coefficient simulation, 300 independent mediator/outcome draws",-0.002298604764890032,-0.022761715535157677,0.018164506005377612,"-0.002 (-0.023, 0.018)",1.077347726792147e-4,1.208118502024532e-6,1.0900329710634047e-4,140292.7411831902,20,-,-,negative; interval includes 0
fixed_context,Fixed-context-adjusted decomposition with imputed maternal baseline,Primary,TE-JMAES-H1-EC,0-5 years,Stricter restricted (>=3 complete occasions),"Low Maternal Absence, Improving SES","Low Maternal Absence, Low SES","Low Maternal Absence, Low SES vs Low Maternal Absence, Improving SES",Comparator minus reference,higher,Extension mediator,GOVG,Lack of government grant receipt,Direct effect,1380,9338,"Rubin pooled over 20 imputations; cluster-robust coefficient simulation, 300 independent mediator/outcome draws",-0.0015774662020966229,-0.022250552824720052,0.019095620420526805,"-0.002 (-0.022, 0.019)",1.0995251612799186e-4,1.2373824079034485e-6,1.1125176765629049e-4,139309.57538372139,20,-,-,negative; interval includes 0
fixed_context,Fixed-context-adjusted decomposition with imputed maternal baseline,Primary,TE-JMAES-H1-EC,0-5 years,Stricter restricted (>=3 complete occasions),"Low Maternal Absence, Improving SES","Low Maternal Absence, Low SES","Low Maternal Absence, Low SES vs Low Maternal Absence, Improving SES",Comparator minus reference,higher,Extension mediator,GOVG,Lack of government grant receipt,Indirect effect,1380,9338,"Rubin pooled over 20 imputations; cluster-robust coefficient simulation, 300 independent mediator/outcome draws",-8.653246227620887e-4,-0.003095415327333289,0.001364766081809112,"-0.001 (-0.003, 0.001)",1.2903273273391398e-6,4.106886570830565e-9,1.294639558238512e-6,Inf,20,-,-,negative; interval includes 0
fixed_context,Fixed-context-adjusted decomposition with imputed maternal baseline,Primary,TE-JMAES-H1-EC,0-5 years,Stricter restricted (>=3 complete occasions),"Low Maternal Absence, Improving SES","Low Maternal Absence, Low SES","Low Maternal Absence, Low SES vs Low Maternal Absence, Improving SES",Comparator minus reference,higher,Extension mediator,GOVG,Lack of government grant receipt,Total effect,1380,9338,"Rubin pooled over 20 imputations; cluster-robust coefficient simulation, 300 independent mediator/outcome draws",-0.002442790824858711,-0.023051415387050245,0.018165833737332826,"-0.002 (-0.023, 0.018)",1.0923923042661543e-4,1.2568862863333456e-6,1.1055896102726544e-4,133343.21586743335,20,-,-,negative; interval includes 0
fixed_context,Fixed-context-adjusted decomposition with imputed maternal baseline,Primary,TE-JMAES-H1-EC,0-5 years,Stricter restricted (>=3 complete occasions),"Low Maternal Absence, Improving SES","Low Maternal Absence, Low SES","Low Maternal Absence, Low SES vs Low Maternal Absence, Improving SES",Comparator minus reference,higher,Extension mediator,SCHL,School disengagement,Direct effect,1380,9338,"Rubin pooled over 20 imputations; cluster-robust coefficient simulation, 300 independent mediator/outcome draws",-0.0018649317911063788,-0.022040405417298133,0.018310541835085375,"-0.002 (-0.022, 0.018)",1.0464348327924672e-4,1.2540116905472197e-6,1.0596019555432131e-4,123043.11989643113,20,-,-,negative; interval includes 0
fixed_context,Fixed-context-adjusted decomposition with imputed maternal baseline,Primary,TE-JMAES-H1-EC,0-5 years,Stricter restricted (>=3 complete occasions),"Low Maternal Absence, Improving SES","Low Maternal Absence, Low SES","Low Maternal Absence, Low SES vs Low Maternal Absence, Improving SES",Comparator minus reference,higher,Extension mediator,SCHL,School disengagement,Indirect effect,1380,9338,"Rubin pooled over 20 imputations; cluster-robust coefficient simulation, 300 independent mediator/outcome draws",-5.208776476003931e-4,-0.0023650794405531417,0.0013233241453523554,"-0.001 (-0.002, 0.001)",8.816774395712367e-7,3.5087552840118742e-9,8.853616326194491e-7,Inf,20,-,-,negative; interval includes 0
fixed_context,Fixed-context-adjusted decomposition with imputed maternal baseline,Primary,TE-JMAES-H1-EC,0-5 years,Stricter restricted (>=3 complete occasions),"Low Maternal Absence, Improving SES","Low Maternal Absence, Low SES","Low Maternal Absence, Low SES vs Low Maternal Absence, Improving SES",Comparator minus reference,higher,Extension mediator,SCHL,School disengagement,Total effect,1380,9338,"Rubin pooled over 20 imputations; cluster-robust coefficient simulation, 300 independent mediator/outcome draws",-0.0023858094387067706,-0.022714576769422623,0.01794295789200908,"-0.002 (-0.023, 0.018)",1.0631013749016233e-4,1.2062548636774521e-6,1.0757670509702366e-4,137067.13169833642,20,-,-,negative; interval includes 0
fixed_context,Fixed-context-adjusted decomposition with imputed maternal baseline,Primary,TE-JMAES-H1-EC,0-5 years,Stricter restricted (>=3 complete occasions),"Low Maternal Absence, Improving SES","Low Maternal Absence, Low SES","Low Maternal Absence, Low SES vs Low Maternal Absence, Improving SES",Comparator minus reference,higher,Extension mediator,SCSP,Low social support,Direct effect,1380,9338,"Rubin pooled over 20 imputations; cluster-robust coefficient simulation, 300 independent mediator/outcome draws",-0.00225163158183508,-0.022753715544950086,0.018250452381279925,"-0.002 (-0.023, 0.018)",1.0819271759116264e-4,1.167922059486427e-6,1.0941903575362339e-4,151263.11740290886,20,-,-,negative; interval includes 0
fixed_context,Fixed-context-adjusted decomposition with imputed maternal baseline,Primary,TE-JMAES-H1-EC,0-5 years,Stricter restricted (>=3 complete occasions),"Low Maternal Absence, Improving SES","Low Maternal Absence, Low SES","Low Maternal Absence, Low SES vs Low Maternal Absence, Improving SES",Comparator minus reference,higher,Extension mediator,SCSP,Low social support,Indirect effect,1380,9338,"Rubin pooled over 20 imputations; cluster-robust coefficient simulation, 300 independent mediator/outcome draws",1.8642377242186411e-4,-0.0010030743830324249,0.001375921927876153,"0.000 (-0.001, 0.001)",3.6783136290296173e-07,4.702648670403934e-10,3.6832514101335413e-7,Inf,20,-,-,positive; interval includes 0
fixed_context,Fixed-context-adjusted decomposition with imputed maternal baseline,Primary,TE-JMAES-H1-EC,0-5 years,Stricter restricted (>=3 complete occasions),"Low Maternal Absence, Improving SES","Low Maternal Absence, Low SES","Low Maternal Absence, Low SES vs Low Maternal Absence, Improving SES",Comparator minus reference,higher,Extension mediator,SCSP,Low social support,Total effect,1380,9338,"Rubin pooled over 20 imputations; cluster-robust coefficient simulation, 300 independent mediator/outcome draws",-0.002065207809413217,-0.022606462098848916,0.018476046480022483,"-0.002 (-0.023, 0.018)",1.086033374631422e-4,1.175419444744004e-6,1.0983752788012341e-4,150484.15027538204,20,-,-,negative; interval includes 0
fixed_context,Fixed-context-adjusted decomposition with imputed maternal baseline,Primary,TE-JMAES-H1-EC,0-5 years,Stricter restricted (>=3 complete occasions),"Low Maternal Absence, Improving SES","Rising Maternal Absence, Improving SES","Rising Maternal Absence, Improving SES vs Low Maternal Absence, Improving SES",Comparator minus reference,higher,Base mediator,ESXC,Ever had sexual intercourse,Direct effect,1364,9229,"Rubin pooled over 20 imputations; cluster-robust coefficient simulation, 300 independent mediator/outcome draws",-0.006358924208944637,-0.05179486433794051,0.03907701592005124,"-0.006 (-0.052, 0.039)",5.365201441736116e-4,8.439006366572282e-7,5.374062398421017e-4,6988722.288696156,20,-,-,negative; interval includes 0
fixed_context,Fixed-context-adjusted decomposition with imputed maternal baseline,Primary,TE-JMAES-H1-EC,0-5 years,Stricter restricted (>=3 complete occasions),"Low Maternal Absence, Improving SES","Rising Maternal Absence, Improving SES","Rising Maternal Absence, Improving SES vs Low Maternal Absence, Improving SES",Comparator minus reference,higher,Base mediator,ESXC,Ever had sexual intercourse,Indirect effect,1364,9229,"Rubin pooled over 20 imputations; cluster-robust coefficient simulation, 300 independent mediator/outcome draws",-0.0010928213478460075,-0.004429684446118696,0.0022440417504266813,"-0.001 (-0.004, 0.002)",2.896948396389516e-6,1.524065402468166e-9,2.8985486650621075e-6,Inf,20,-,-,negative; interval includes 0
fixed_context,Fixed-context-adjusted decomposition with imputed maternal baseline,Primary,TE-JMAES-H1-EC,0-5 years,Stricter restricted (>=3 complete occasions),"Low Maternal Absence, Improving SES","Rising Maternal Absence, Improving SES","Rising Maternal Absence, Improving SES vs Low Maternal Absence, Improving SES",Comparator minus reference,higher,Base mediator,ESXC,Ever had sexual intercourse,Total effect,1364,9229,"Rubin pooled over 20 imputations; cluster-robust coefficient simulation, 300 independent mediator/outcome draws",-0.007451745556790649,-0.051860447663129874,0.03695695654954857,"-0.007 (-0.052, 0.037)",5.124983362249372e-4,8.406592273743989e-7,5.133810284136803e-4,6427094.202467798,20,-,-,negative; interval includes 0
fixed_context,Fixed-context-adjusted decomposition with imputed maternal baseline,Primary,TE-JMAES-H1-EC,0-5 years,Stricter restricted (>=3 complete occasions),"Low Maternal Absence, Improving SES","Rising Maternal Absence, Improving SES","Rising Maternal Absence, Improving SES vs Low Maternal Absence, Improving SES",Comparator minus reference,higher,Base mediator,FDSC,Food insecurity,Direct effect,1380,9338,"Rubin pooled over 20 imputations; cluster-robust coefficient simulation, 300 independent mediator/outcome draws",-0.006606971487220636,-0.051375330774182486,0.038161387799741216,"-0.007 (-0.051, 0.038)",5.209163776562008e-4,7.751415439883128e-7,5.217302762773885e-4,7807375.275769124,20,-,-,negative; interval includes 0
fixed_context,Fixed-context-adjusted decomposition with imputed maternal baseline,Primary,TE-JMAES-H1-EC,0-5 years,Stricter restricted (>=3 complete occasions),"Low Maternal Absence, Improving SES","Rising Maternal Absence, Improving SES","Rising Maternal Absence, Improving SES vs Low Maternal Absence, Improving SES",Comparator minus reference,higher,Base mediator,FDSC,Food insecurity,Indirect effect,1380,9338,"Rubin pooled over 20 imputations; cluster-robust coefficient simulation, 300 independent mediator/outcome draws",7.010039969385373e-5,-0.004182043446874172,0.004322244246261879,"0.000 (-0.004, 0.004)",4.701214665231664e-6,5.257116945694246e-9,4.7067346380246426e-6,Inf,20,-,-,positive; interval includes 0
fixed_context,Fixed-context-adjusted decomposition with imputed maternal baseline,Primary,TE-JMAES-H1-EC,0-5 years,Stricter restricted (>=3 complete occasions),"Low Maternal Absence, Improving SES","Rising Maternal Absence, Improving SES","Rising Maternal Absence, Improving SES vs Low Maternal Absence, Improving SES",Comparator minus reference,higher,Base mediator,FDSC,Food insecurity,Total effect,1380,9338,"Rubin pooled over 20 imputations; cluster-robust coefficient simulation, 300 independent mediator/outcome draws",-0.006536871087526782,-0.051656734878320294,0.038582992703266726,"-0.007 (-0.052, 0.039)",5.291387473500611e-4,7.77676865989042e-7,5.299553080593497e-4,8003042.731976773,20,-,-,negative; interval includes 0
fixed_context,Fixed-context-adjusted decomposition with imputed maternal baseline,Primary,TE-JMAES-H1-EC,0-5 years,Stricter restricted (>=3 complete occasions),"Low Maternal Absence, Improving SES","Rising Maternal Absence, Improving SES","Rising Maternal Absence, Improving SES vs Low Maternal Absence, Improving SES",Comparator minus reference,higher,Base mediator,VLNC,Violence exposure,Direct effect,1380,9338,"Rubin pooled over 20 imputations; cluster-robust coefficient simulation, 300 independent mediator/outcome draws",-0.006732132550982829,-0.04923148925874465,0.035767224156778986,"-0.007 (-0.049, 0.036)",4.694895343275199e-4,6.61976888162727e-7,4.701846100600908e-4,8694130.77420245,20,-,-,negative; interval includes 0
fixed_context,Fixed-context-adjusted decomposition with imputed maternal baseline,Primary,TE-JMAES-H1-EC,0-5 years,Stricter restricted (>=3 complete occasions),"Low Maternal Absence, Improving SES","Rising Maternal Absence, Improving SES","Rising Maternal Absence, Improving SES vs Low Maternal Absence, Improving SES",Comparator minus reference,higher,Base mediator,VLNC,Violence exposure,Indirect effect,1380,9338,"Rubin pooled over 20 imputations; cluster-robust coefficient simulation, 300 independent mediator/outcome draws",-6.246302374016531e-5,-0.0024729715202606683,0.002348045472780338,"-0.000 (-0.002, 0.002)",1.5113115285659945e-6,1.2173474416559239e-9,1.5125897433797332e-6,Inf,20,-,-,negative; interval includes 0
fixed_context,Fixed-context-adjusted decomposition with imputed maternal baseline,Primary,TE-JMAES-H1-EC,0-5 years,Stricter restricted (>=3 complete occasions),"Low Maternal Absence, Improving SES","Rising Maternal Absence, Improving SES","Rising Maternal Absence, Improving SES vs Low Maternal Absence, Improving SES",Comparator minus reference,higher,Base mediator,VLNC,Violence exposure,Total effect,1380,9338,"Rubin pooled over 20 imputations; cluster-robust coefficient simulation, 300 independent mediator/outcome draws",-0.006794595574722994,-0.0493119557167539,0.03572276456730791,"-0.007 (-0.049, 0.036)",4.698745869730232e-4,6.747225129254156e-7,4.705830456115949e-4,8382955.3466744535,20,-,-,negative; interval includes 0
fixed_context,Fixed-context-adjusted decomposition with imputed maternal baseline,Primary,TE-JMAES-H1-EC,0-5 years,Stricter restricted (>=3 complete occasions),"Low Maternal Absence, Improving SES","Rising Maternal Absence, Improving SES","Rising Maternal Absence, Improving SES vs Low Maternal Absence, Improving SES",Comparator minus reference,higher,Extension mediator,DNKA,Alcohol use,Direct effect,1380,9338,"Rubin pooled over 20 imputations; cluster-robust coefficient simulation, 300 independent mediator/outcome draws",-0.006765674759780367,-0.05036666191113091,0.03683531239157017,"-0.007 (-0.050, 0.037)",4.94066768631917e-4,7.70611682023171e-7,4.948759108980413e-4,7107165.919908857,20,-,-,negative; interval includes 0
fixed_context,Fixed-context-adjusted decomposition with imputed maternal baseline,Primary,TE-JMAES-H1-EC,0-5 years,Stricter restricted (>=3 complete occasions),"Low Maternal Absence, Improving SES","Rising Maternal Absence, Improving SES","Rising Maternal Absence, Improving SES vs Low Maternal Absence, Improving SES",Comparator minus reference,higher,Extension mediator,DNKA,Alcohol use,Indirect effect,1380,9338,"Rubin pooled over 20 imputations; cluster-robust coefficient simulation, 300 independent mediator/outcome draws",6.7423814464773885e-6,-0.0012506739886560096,0.0012641587515489644,"0.000 (-0.001, 0.001)",4.115084275871828e-7,7.518196827904557e-11,4.115873686538758e-7,Inf,20,-,-,positive; interval includes 0
fixed_context,Fixed-context-adjusted decomposition with imputed maternal baseline,Primary,TE-JMAES-H1-EC,0-5 years,Stricter restricted (>=3 complete occasions),"Low Maternal Absence, Improving SES","Rising Maternal Absence, Improving SES","Rising Maternal Absence, Improving SES vs Low Maternal Absence, Improving SES",Comparator minus reference,higher,Extension mediator,DNKA,Alcohol use,Total effect,1380,9338,"Rubin pooled over 20 imputations; cluster-robust coefficient simulation, 300 independent mediator/outcome draws",-0.006758932378333891,-0.05027301714108594,0.03675515238441816,"-0.007 (-0.050, 0.037)",4.920850327758663e-4,7.810810378775463e-7,4.929051678656377e-4,6862929.799773447,20,-,-,negative; interval includes 0
fixed_context,Fixed-context-adjusted decomposition with imputed maternal baseline,Primary,TE-JMAES-H1-EC,0-5 years,Stricter restricted (>=3 complete occasions),"Low Maternal Absence, Improving SES","Rising Maternal Absence, Improving SES","Rising Maternal Absence, Improving SES vs Low Maternal Absence, Improving SES",Comparator minus reference,higher,Extension mediator,GOVG,Lack of government grant receipt,Direct effect,1380,9338,"Rubin pooled over 20 imputations; cluster-robust coefficient simulation, 300 independent mediator/outcome draws",-0.006767362092834444,-0.04901528428122616,0.03548056009555728,"-0.007 (-0.049, 0.035)",4.6383311843877433e-4,7.661829689741166e-7,4.6463761055619713e-4,6337803.0216276385,20,-,-,negative; interval includes 0
fixed_context,Fixed-context-adjusted decomposition with imputed maternal baseline,Primary,TE-JMAES-H1-EC,0-5 years,Stricter restricted (>=3 complete occasions),"Low Maternal Absence, Improving SES","Rising Maternal Absence, Improving SES","Rising Maternal Absence, Improving SES vs Low Maternal Absence, Improving SES",Comparator minus reference,higher,Extension mediator,GOVG,Lack of government grant receipt,Indirect effect,1380,9338,"Rubin pooled over 20 imputations; cluster-robust coefficient simulation, 300 independent mediator/outcome draws",-1.8089637225038573e-4,-0.0019048723184403422,0.0015430795739395707,"-0.000 (-0.002, 0.002)",7.726771307197492e-7,9.633452564866e-10,7.736886432390601e-7,Inf,20,-,-,negative; interval includes 0
fixed_context,Fixed-context-adjusted decomposition with imputed maternal baseline,Primary,TE-JMAES-H1-EC,0-5 years,Stricter restricted (>=3 complete occasions),"Low Maternal Absence, Improving SES","Rising Maternal Absence, Improving SES","Rising Maternal Absence, Improving SES vs Low Maternal Absence, Improving SES",Comparator minus reference,higher,Extension mediator,GOVG,Lack of government grant receipt,Total effect,1380,9338,"Rubin pooled over 20 imputations; cluster-robust coefficient simulation, 300 independent mediator/outcome draws",-0.006948258465084829,-0.04888139765319599,0.03498488072302633,"-0.007 (-0.049, 0.035)",4.569374315098128e-4,7.638832933234799e-7,4.5773950896780245e-4,6188106.47892618,20,-,-,negative; interval includes 0
fixed_context,Fixed-context-adjusted decomposition with imputed maternal baseline,Primary,TE-JMAES-H1-EC,0-5 years,Stricter restricted (>=3 complete occasions),"Low Maternal Absence, Improving SES","Rising Maternal Absence, Improving SES","Rising Maternal Absence, Improving SES vs Low Maternal Absence, Improving SES",Comparator minus reference,higher,Extension mediator,SCHL,School disengagement,Direct effect,1380,9338,"Rubin pooled over 20 imputations; cluster-robust coefficient simulation, 300 independent mediator/outcome draws",-0.006462949683365505,-0.050143533754896205,0.037217634388165194,"-0.006 (-0.050, 0.037)",4.957772369496565e-4,8.639510384448758e-7,4.966843855400236e-4,5695839.658104407,20,-,-,negative; interval includes 0
fixed_context,Fixed-context-adjusted decomposition with imputed maternal baseline,Primary,TE-JMAES-H1-EC,0-5 years,Stricter restricted (>=3 complete occasions),"Low Maternal Absence, Improving SES","Rising Maternal Absence, Improving SES","Rising Maternal Absence, Improving SES vs Low Maternal Absence, Improving SES",Comparator minus reference,higher,Extension mediator,SCHL,School disengagement,Indirect effect,1380,9338,"Rubin pooled over 20 imputations; cluster-robust coefficient simulation, 300 independent mediator/outcome draws",-3.5834033509860567e-4,-0.002615120926083755,0.0018984402558865439,"-0.000 (-0.003, 0.002)",1.3243212751320115e-6,1.4213330642199474e-9,1.3258136748494425e-6,Inf,20,-,-,negative; interval includes 0
fixed_context,Fixed-context-adjusted decomposition with imputed maternal baseline,Primary,TE-JMAES-H1-EC,0-5 years,Stricter restricted (>=3 complete occasions),"Low Maternal Absence, Improving SES","Rising Maternal Absence, Improving SES","Rising Maternal Absence, Improving SES vs Low Maternal Absence, Improving SES",Comparator minus reference,higher,Extension mediator,SCHL,School disengagement,Total effect,1380,9338,"Rubin pooled over 20 imputations; cluster-robust coefficient simulation, 300 independent mediator/outcome draws",-0.006821290018464109,-0.04989856940539378,0.036255989368465566,"-0.007 (-0.050, 0.036)",4.8217907337577004e-4,8.380150561294353e-7,4.8305898918470596e-4,5726268.349849481,20,-,-,negative; interval includes 0
fixed_context,Fixed-context-adjusted decomposition with imputed maternal baseline,Primary,TE-JMAES-H1-EC,0-5 years,Stricter restricted (>=3 complete occasions),"Low Maternal Absence, Improving SES","Rising Maternal Absence, Improving SES","Rising Maternal Absence, Improving SES vs Low Maternal Absence, Improving SES",Comparator minus reference,higher,Extension mediator,SCSP,Low social support,Direct effect,1380,9338,"Rubin pooled over 20 imputations; cluster-robust coefficient simulation, 300 independent mediator/outcome draws",-0.005843110601647296,-0.05144626560591048,0.03976004440261589,"-0.006 (-0.051, 0.040)",5.404927910572397e-4,8.345669736426432e-7,5.413690863795645e-4,7251694.830852295,20,-,-,negative; interval includes 0
fixed_context,Fixed-context-adjusted decomposition with imputed maternal baseline,Primary,TE-JMAES-H1-EC,0-5 years,Stricter restricted (>=3 complete occasions),"Low Maternal Absence, Improving SES","Rising Maternal Absence, Improving SES","Rising Maternal Absence, Improving SES vs Low Maternal Absence, Improving SES",Comparator minus reference,higher,Extension mediator,SCSP,Low social support,Indirect effect,1380,9338,"Rubin pooled over 20 imputations; cluster-robust coefficient simulation, 300 independent mediator/outcome draws",-6.58531994047374e-4,-0.003403139542181163,0.0020860755540864154,"-0.001 (-0.003, 0.002)",1.9602409951742055e-6,6.658015440153726e-10,1.9609400867954216e-6,Inf,20,-,-,negative; interval includes 0
fixed_context,Fixed-context-adjusted decomposition with imputed maternal baseline,Primary,TE-JMAES-H1-EC,0-5 years,Stricter restricted (>=3 complete occasions),"Low Maternal Absence, Improving SES","Rising Maternal Absence, Improving SES","Rising Maternal Absence, Improving SES vs Low Maternal Absence, Improving SES",Comparator minus reference,higher,Extension mediator,SCSP,Low social support,Total effect,1380,9338,"Rubin pooled over 20 imputations; cluster-robust coefficient simulation, 300 independent mediator/outcome draws",-0.00650164259569467,-0.05131996227376691,0.03831667708237757,"-0.007 (-0.051, 0.038)",5.220144524572103e-4,8.389743002742886e-7,5.228953754724983e-4,6694332.653927721,20,-,-,negative; interval includes 0
fixed_context,Fixed-context-adjusted decomposition with imputed maternal baseline,Primary,TE-JMAES-H1-EC,0-5 years,Stricter restricted (>=3 complete occasions),"Low Maternal Absence, Improving SES","Rising Maternal Absence, Low SES","Rising Maternal Absence, Low SES vs Low Maternal Absence, Improving SES",Comparator minus reference,higher,Base mediator,ESXC,Ever had sexual intercourse,Direct effect,1364,9229,"Rubin pooled over 20 imputations; cluster-robust coefficient simulation, 300 independent mediator/outcome draws",-0.002395965486083185,-0.03053660658990814,0.025744675617741773,"-0.002 (-0.031, 0.026)",2.0437863609484307e-4,1.6799619235282096e-6,2.061425961145477e-4,259484.6118447615,20,-,-,negative; interval includes 0
fixed_context,Fixed-context-adjusted decomposition with imputed maternal baseline,Primary,TE-JMAES-H1-EC,0-5 years,Stricter restricted (>=3 complete occasions),"Low Maternal Absence, Improving SES","Rising Maternal Absence, Low SES","Rising Maternal Absence, Low SES vs Low Maternal Absence, Improving SES",Comparator minus reference,higher,Base mediator,ESXC,Ever had sexual intercourse,Indirect effect,1364,9229,"Rubin pooled over 20 imputations; cluster-robust coefficient simulation, 300 independent mediator/outcome draws",2.691381985214975e-4,-0.0022506788693095,0.002788955266352495,"0.000 (-0.002, 0.003)",1.6485776417559683e-6,4.099368193083916e-9,1.6528819783587063e-6,Inf,20,-,-,positive; interval includes 0
fixed_context,Fixed-context-adjusted decomposition with imputed maternal baseline,Primary,TE-JMAES-H1-EC,0-5 years,Stricter restricted (>=3 complete occasions),"Low Maternal Absence, Improving SES","Rising Maternal Absence, Low SES","Rising Maternal Absence, Low SES vs Low Maternal Absence, Improving SES",Comparator minus reference,higher,Base mediator,ESXC,Ever had sexual intercourse,Total effect,1364,9229,"Rubin pooled over 20 imputations; cluster-robust coefficient simulation, 300 independent mediator/outcome draws",-0.002126827287561687,-0.030622011717024653,0.026368357141901277,"-0.002 (-0.031, 0.026)",2.0966245519105388e-4,1.6261424397737158e-6,2.1136990475281627e-4,291168.3312843016,20,-,-,negative; interval includes 0
fixed_context,Fixed-context-adjusted decomposition with imputed maternal baseline,Primary,TE-JMAES-H1-EC,0-5 years,Stricter restricted (>=3 complete occasions),"Low Maternal Absence, Improving SES","Rising Maternal Absence, Low SES","Rising Maternal Absence, Low SES vs Low Maternal Absence, Improving SES",Comparator minus reference,higher,Base mediator,FDSC,Food insecurity,Direct effect,1380,9338,"Rubin pooled over 20 imputations; cluster-robust coefficient simulation, 300 independent mediator/outcome draws",-0.0025318041226351133,-0.032047723217320113,0.02698411497204989,"-0.003 (-0.032, 0.027)",2.2465912055216652e-4,2.023283780985485e-6,2.2678356852220128e-4,216513.29635846693,20,-,-,negative; interval includes 0
fixed_context,Fixed-context-adjusted decomposition with imputed maternal baseline,Primary,TE-JMAES-H1-EC,0-5 years,Stricter restricted (>=3 complete occasions),"Low Maternal Absence, Improving SES","Rising Maternal Absence, Low SES","Rising Maternal Absence, Low SES vs Low Maternal Absence, Improving SES",Comparator minus reference,higher,Base mediator,FDSC,Food insecurity,Indirect effect,1380,9338,"Rubin pooled over 20 imputations; cluster-robust coefficient simulation, 300 independent mediator/outcome draws",6.302358923051044e-4,-0.002819700331252879,0.004080172115863088,"0.001 (-0.003, 0.004)",3.0852176633764917e-6,1.2476247331450093e-8,3.0983177230745144e-6,Inf,20,-,-,positive; interval includes 0
fixed_context,Fixed-context-adjusted decomposition with imputed maternal baseline,Primary,TE-JMAES-H1-EC,0-5 years,Stricter restricted (>=3 complete occasions),"Low Maternal Absence, Improving SES","Rising Maternal Absence, Low SES","Rising Maternal Absence, Low SES vs Low Maternal Absence, Improving SES",Comparator minus reference,higher,Base mediator,FDSC,Food insecurity,Total effect,1380,9338,"Rubin pooled over 20 imputations; cluster-robust coefficient simulation, 300 independent mediator/outcome draws",-0.001901568230330008,-0.031873718092398744,0.028070581631738725,"-0.002 (-0.032, 0.028)",2.3164630190551614e-4,2.097389447349077e-6,2.3384856082523268e-4,214232.9403664071,20,-,-,negative; interval includes 0
fixed_context,Fixed-context-adjusted decomposition with imputed maternal baseline,Primary,TE-JMAES-H1-EC,0-5 years,Stricter restricted (>=3 complete occasions),"Low Maternal Absence, Improving SES","Rising Maternal Absence, Low SES","Rising Maternal Absence, Low SES vs Low Maternal Absence, Improving SES",Comparator minus reference,higher,Base mediator,VLNC,Violence exposure,Direct effect,1380,9338,"Rubin pooled over 20 imputations; cluster-robust coefficient simulation, 300 independent mediator/outcome draws",-0.0025229415686018643,-0.031247902649039788,0.02620201951183606,"-0.003 (-0.031, 0.026)",2.1325372365172437e-4,1.4658601026238863e-6,2.1479287675947944e-4,370023.8376690459,20,-,-,negative; interval includes 0
fixed_context,Fixed-context-adjusted decomposition with imputed maternal baseline,Primary,TE-JMAES-H1-EC,0-5 years,Stricter restricted (>=3 complete occasions),"Low Maternal Absence, Improving SES","Rising Maternal Absence, Low SES","Rising Maternal Absence, Low SES vs Low Maternal Absence, Improving SES",Comparator minus reference,higher,Base mediator,VLNC,Violence exposure,Indirect effect,1380,9338,"Rubin pooled over 20 imputations; cluster-robust coefficient simulation, 300 independent mediator/outcome draws",1.8671448232248869e-4,-0.0017964978238329133,0.0021699267884778906,"0.000 (-0.002, 0.002)",1.0215758731276755e-6,2.179083485846248e-9,1.0238639107878141e-6,Inf,20,-,-,positive; interval includes 0
fixed_context,Fixed-context-adjusted decomposition with imputed maternal baseline,Primary,TE-JMAES-H1-EC,0-5 years,Stricter restricted (>=3 complete occasions),"Low Maternal Absence, Improving SES","Rising Maternal Absence, Low SES","Rising Maternal Absence, Low SES vs Low Maternal Absence, Improving SES",Comparator minus reference,higher,Base mediator,VLNC,Violence exposure,Total effect,1380,9338,"Rubin pooled over 20 imputations; cluster-robust coefficient simulation, 300 independent mediator/outcome draws",-0.0023362270862793745,-0.031226856025041234,0.026554401852482482,"-0.002 (-0.031, 0.027)",2.157175294709021e-4,1.4857827176590172e-6,2.1727760132444408e-4,368548.216856638,20,-,-,negative; interval includes 0
fixed_context,Fixed-context-adjusted decomposition with imputed maternal baseline,Primary,TE-JMAES-H1-EC,0-5 years,Stricter restricted (>=3 complete occasions),"Low Maternal Absence, Improving SES","Rising Maternal Absence, Low SES","Rising Maternal Absence, Low SES vs Low Maternal Absence, Improving SES",Comparator minus reference,higher,Extension mediator,DNKA,Alcohol use,Direct effect,1380,9338,"Rubin pooled over 20 imputations; cluster-robust coefficient simulation, 300 independent mediator/outcome draws",-0.0017870983827789869,-0.03112733780986496,0.02755314104430699,"-0.002 (-0.031, 0.028)",2.223914287352542e-4,1.620369501863873e-6,2.2409281671221127e-4,329611.8015078783,20,-,-,negative; interval includes 0
fixed_context,Fixed-context-adjusted decomposition with imputed maternal baseline,Primary,TE-JMAES-H1-EC,0-5 years,Stricter restricted (>=3 complete occasions),"Low Maternal Absence, Improving SES","Rising Maternal Absence, Low SES","Rising Maternal Absence, Low SES vs Low Maternal Absence, Improving SES",Comparator minus reference,higher,Extension mediator,DNKA,Alcohol use,Indirect effect,1380,9338,"Rubin pooled over 20 imputations; cluster-robust coefficient simulation, 300 independent mediator/outcome draws",8.24824776995102e-6,-0.0010687337129542105,0.0010852302084941126,"0.000 (-0.001, 0.001)",3.0181645126245716e-7,1.176821754571408e-10,3.0194001754668716e-7,Inf,20,-,-,positive; interval includes 0
fixed_context,Fixed-context-adjusted decomposition with imputed maternal baseline,Primary,TE-JMAES-H1-EC,0-5 years,Stricter restricted (>=3 complete occasions),"Low Maternal Absence, Improving SES","Rising Maternal Absence, Low SES","Rising Maternal Absence, Low SES vs Low Maternal Absence, Improving SES",Comparator minus reference,higher,Extension mediator,DNKA,Alcohol use,Total effect,1380,9338,"Rubin pooled over 20 imputations; cluster-robust coefficient simulation, 300 independent mediator/outcome draws",-0.0017788501350090365,-0.031137026263416318,0.027579325993398244,"-0.002 (-0.031, 0.028)",2.2264203919118957e-4,1.6426772129479113e-6,2.243668502647849e-4,321505.1395173678,20,-,-,negative; interval includes 0
fixed_context,Fixed-context-adjusted decomposition with imputed maternal baseline,Primary,TE-JMAES-H1-EC,0-5 years,Stricter restricted (>=3 complete occasions),"Low Maternal Absence, Improving SES","Rising Maternal Absence, Low SES","Rising Maternal Absence, Low SES vs Low Maternal Absence, Improving SES",Comparator minus reference,higher,Extension mediator,GOVG,Lack of government grant receipt,Direct effect,1380,9338,"Rubin pooled over 20 imputations; cluster-robust coefficient simulation, 300 independent mediator/outcome draws",-0.0017222419454994504,-0.031085015278762843,0.027640531387763945,"-0.002 (-0.031, 0.028)",2.226309154353415e-4,1.7200437090061286e-6,2.2443696132979792e-4,293416.67864819604,20,-,-,negative; interval includes 0
fixed_context,Fixed-context-adjusted decomposition with imputed maternal baseline,Primary,TE-JMAES-H1-EC,0-5 years,Stricter restricted (>=3 complete occasions),"Low Maternal Absence, Improving SES","Rising Maternal Absence, Low SES","Rising Maternal Absence, Low SES vs Low Maternal Absence, Improving SES",Comparator minus reference,higher,Extension mediator,GOVG,Lack of government grant receipt,Indirect effect,1380,9338,"Rubin pooled over 20 imputations; cluster-robust coefficient simulation, 300 independent mediator/outcome draws",-1.8787752799494795e-4,-0.0015289700318850794,0.0011532149758951833,"-0.000 (-0.002, 0.001)",4.666944928655528e-7,1.4234244681125042e-9,4.681890885570709e-7,Inf,20,-,-,negative; interval includes 0
fixed_context,Fixed-context-adjusted decomposition with imputed maternal baseline,Primary,TE-JMAES-H1-EC,0-5 years,Stricter restricted (>=3 complete occasions),"Low Maternal Absence, Improving SES","Rising Maternal Absence, Low SES","Rising Maternal Absence, Low SES vs Low Maternal Absence, Improving SES",Comparator minus reference,higher,Extension mediator,GOVG,Lack of government grant receipt,Total effect,1380,9338,"Rubin pooled over 20 imputations; cluster-robust coefficient simulation, 300 independent mediator/outcome draws",-0.0019101194734943991,-0.031165593176783413,0.027345354229794616,"-0.002 (-0.031, 0.027)",2.209924155249304e-4,1.721147516723441e-6,2.2279962041749e-4,288780.39548619563,20,-,-,negative; interval includes 0
fixed_context,Fixed-context-adjusted decomposition with imputed maternal baseline,Primary,TE-JMAES-H1-EC,0-5 years,Stricter restricted (>=3 complete occasions),"Low Maternal Absence, Improving SES","Rising Maternal Absence, Low SES","Rising Maternal Absence, Low SES vs Low Maternal Absence, Improving SES",Comparator minus reference,higher,Extension mediator,SCHL,School disengagement,Direct effect,1380,9338,"Rubin pooled over 20 imputations; cluster-robust coefficient simulation, 300 independent mediator/outcome draws",-0.0017692419431167654,-0.030890902799330103,0.02735241891309657,"-0.002 (-0.031, 0.027)",2.1891810869641644e-4,1.7599119982084484e-6,2.207660162945353e-4,271179.9275794289,20,-,-,negative; interval includes 0
fixed_context,Fixed-context-adjusted decomposition with imputed maternal baseline,Primary,TE-JMAES-H1-EC,0-5 years,Stricter restricted (>=3 complete occasions),"Low Maternal Absence, Improving SES","Rising Maternal Absence, Low SES","Rising Maternal Absence, Low SES vs Low Maternal Absence, Improving SES",Comparator minus reference,higher,Extension mediator,SCHL,School disengagement,Indirect effect,1380,9338,"Rubin pooled over 20 imputations; cluster-robust coefficient simulation, 300 independent mediator/outcome draws",-4.2056405844534234e-5,-0.001543487488592088,0.0014593746769030198,"-0.000 (-0.002, 0.001)",5.841743033422621e-7,2.5322140612418055e-9,5.86833128106566e-7,Inf,20,-,-,negative; interval includes 0
fixed_context,Fixed-context-adjusted decomposition with imputed maternal baseline,Primary,TE-JMAES-H1-EC,0-5 years,Stricter restricted (>=3 complete occasions),"Low Maternal Absence, Improving SES","Rising Maternal Absence, Low SES","Rising Maternal Absence, Low SES vs Low Maternal Absence, Improving SES",Comparator minus reference,higher,Extension mediator,SCHL,School disengagement,Total effect,1380,9338,"Rubin pooled over 20 imputations; cluster-robust coefficient simulation, 300 independent mediator/outcome draws",-0.0018112983489613013,-0.030959392116700638,0.027336795418778037,"-0.002 (-0.031, 0.027)",2.1934831729434703e-4,1.7321103692557763e-6,2.211670331820656e-4,280973.04881270556,20,-,-,negative; interval includes 0
fixed_context,Fixed-context-adjusted decomposition with imputed maternal baseline,Primary,TE-JMAES-H1-EC,0-5 years,Stricter restricted (>=3 complete occasions),"Low Maternal Absence, Improving SES","Rising Maternal Absence, Low SES","Rising Maternal Absence, Low SES vs Low Maternal Absence, Improving SES",Comparator minus reference,higher,Extension mediator,SCSP,Low social support,Direct effect,1380,9338,"Rubin pooled over 20 imputations; cluster-robust coefficient simulation, 300 independent mediator/outcome draws",-0.001854342367345396,-0.03132787217461724,0.027619187439926446,"-0.002 (-0.031, 0.028)",2.2447992409714378e-4,1.5749611607669467e-6,2.2613363331594908e-4,355275.80109167134,20,-,-,negative; interval includes 0
fixed_context,Fixed-context-adjusted decomposition with imputed maternal baseline,Primary,TE-JMAES-H1-EC,0-5 years,Stricter restricted (>=3 complete occasions),"Low Maternal Absence, Improving SES","Rising Maternal Absence, Low SES","Rising Maternal Absence, Low SES vs Low Maternal Absence, Improving SES",Comparator minus reference,higher,Extension mediator,SCSP,Low social support,Indirect effect,1380,9338,"Rubin pooled over 20 imputations; cluster-robust coefficient simulation, 300 independent mediator/outcome draws",5.944692974106441e-4,-0.0015364984505170068,0.002725437045338295,"0.001 (-0.002, 0.003)",1.1788608875315728e-6,3.0935638208618137e-9,1.1821091295434778e-6,Inf,20,-,-,positive; interval includes 0
fixed_context,Fixed-context-adjusted decomposition with imputed maternal baseline,Primary,TE-JMAES-H1-EC,0-5 years,Stricter restricted (>=3 complete occasions),"Low Maternal Absence, Improving SES","Rising Maternal Absence, Low SES","Rising Maternal Absence, Low SES vs Low Maternal Absence, Improving SES",Comparator minus reference,higher,Extension mediator,SCSP,Low social support,Total effect,1380,9338,"Rubin pooled over 20 imputations; cluster-robust coefficient simulation, 300 independent mediator/outcome draws",-0.0012598730699347543,-0.03087655609035502,0.028356809950485513,"-0.001 (-0.031, 0.028)",2.2662394398599112e-4,1.630106163287826e-6,2.2833555545744333e-4,338135.14325993095,20,-,-,negative; interval includes 0
fixed_context,Fixed-context-adjusted decomposition with imputed maternal baseline,Primary,TE-JMAES-H1-MLC,6-12 years,Stricter restricted (>=3 complete occasions),"Low Maternal Absence, Higher SES","Decreasing Maternal Absence, Low SES","Decreasing Maternal Absence, Low SES vs Low Maternal Absence, Higher SES",Comparator minus reference,higher,Base mediator,ESXC,Ever had sexual intercourse,Direct effect,1364,9229,"Rubin pooled over 20 imputations; cluster-robust coefficient simulation, 300 independent mediator/outcome draws",0.015380744642625038,-0.024879212234166337,0.05564070151941641,"0.015 (-0.025, 0.056)",4.1953939559562757e-4,2.2843857056890467e-6,4.219380005866011e-4,587940.5523770956,20,-,-,positive; interval includes 0
fixed_context,Fixed-context-adjusted decomposition with imputed maternal baseline,Primary,TE-JMAES-H1-MLC,6-12 years,Stricter restricted (>=3 complete occasions),"Low Maternal Absence, Higher SES","Decreasing Maternal Absence, Low SES","Decreasing Maternal Absence, Low SES vs Low Maternal Absence, Higher SES",Comparator minus reference,higher,Base mediator,ESXC,Ever had sexual intercourse,Indirect effect,1364,9229,"Rubin pooled over 20 imputations; cluster-robust coefficient simulation, 300 independent mediator/outcome draws",0.0010584408937381804,-0.00367337931781064,0.005790261105287001,"0.001 (-0.004, 0.006)",5.819460384870269e-6,8.653728133046293e-9,5.8285467994099676e-6,Inf,20,0.06438523924417822,6.4%,positive; interval includes 0
fixed_context,Fixed-context-adjusted decomposition with imputed maternal baseline,Primary,TE-JMAES-H1-MLC,6-12 years,Stricter restricted (>=3 complete occasions),"Low Maternal Absence, Higher SES","Decreasing Maternal Absence, Low SES","Decreasing Maternal Absence, Low SES vs Low Maternal Absence, Higher SES",Comparator minus reference,higher,Base mediator,ESXC,Ever had sexual intercourse,Total effect,1364,9229,"Rubin pooled over 20 imputations; cluster-robust coefficient simulation, 300 independent mediator/outcome draws",0.016439185536363223,-0.025147762394685972,0.05802613346741242,"0.016 (-0.025, 0.058)",4.4783721707711505e-4,2.261016849389057e-6,4.5021128476897354e-4,683282.2807017334,20,-,-,positive; interval includes 0
fixed_context,Fixed-context-adjusted decomposition with imputed maternal baseline,Primary,TE-JMAES-H1-MLC,6-12 years,Stricter restricted (>=3 complete occasions),"Low Maternal Absence, Higher SES","Decreasing Maternal Absence, Low SES","Decreasing Maternal Absence, Low SES vs Low Maternal Absence, Higher SES",Comparator minus reference,higher,Base mediator,FDSC,Food insecurity,Direct effect,1380,9338,"Rubin pooled over 20 imputations; cluster-robust coefficient simulation, 300 independent mediator/outcome draws",0.013647597178221366,-0.024330234493902987,0.05162542885034572,"0.014 (-0.024, 0.052)",3.7380807103876937e-4,1.5727734823153884e-6,3.754594831952005e-4,982129.6052333423,20,-,-,positive; interval includes 0
fixed_context,Fixed-context-adjusted decomposition with imputed maternal baseline,Primary,TE-JMAES-H1-MLC,6-12 years,Stricter restricted (>=3 complete occasions),"Low Maternal Absence, Higher SES","Decreasing Maternal Absence, Low SES","Decreasing Maternal Absence, Low SES vs Low Maternal Absence, Higher SES",Comparator minus reference,higher,Base mediator,FDSC,Food insecurity,Indirect effect,1380,9338,"Rubin pooled over 20 imputations; cluster-robust coefficient simulation, 300 independent mediator/outcome draws",0.003819299422435934,-0.004380220708884596,0.012018819553756463,"0.004 (-0.004, 0.012)",1.747434466854858e-5,2.6064992479013516e-8,1.7501712910651544e-5,7769997.984453854,20,0.2186593022078237,21.9%,positive; interval includes 0
fixed_context,Fixed-context-adjusted decomposition with imputed maternal baseline,Primary,TE-JMAES-H1-MLC,6-12 years,Stricter restricted (>=3 complete occasions),"Low Maternal Absence, Higher SES","Decreasing Maternal Absence, Low SES","Decreasing Maternal Absence, Low SES vs Low Maternal Absence, Higher SES",Comparator minus reference,higher,Base mediator,FDSC,Food insecurity,Total effect,1380,9338,"Rubin pooled over 20 imputations; cluster-robust coefficient simulation, 300 independent mediator/outcome draws",0.017466896600657304,-0.024482192550161506,0.059415985751476115,"0.017 (-0.024, 0.059)",4.562394954814622e-4,1.7595496557692976e-6,4.5808702262002e-4,1168067.4588782233,20,-,-,positive; interval includes 0
fixed_context,Fixed-context-adjusted decomposition with imputed maternal baseline,Primary,TE-JMAES-H1-MLC,6-12 years,Stricter restricted (>=3 complete occasions),"Low Maternal Absence, Higher SES","Decreasing Maternal Absence, Low SES","Decreasing Maternal Absence, Low SES vs Low Maternal Absence, Higher SES",Comparator minus reference,higher,Base mediator,VLNC,Violence exposure,Direct effect,1380,9338,"Rubin pooled over 20 imputations; cluster-robust coefficient simulation, 300 independent mediator/outcome draws",0.01443679302629923,-0.02713000907122015,0.05600359512381861,"0.014 (-0.027, 0.056)",4.4718775114263305e-4,2.463950357308554e-6,4.4977489901780704e-4,574250.6891825657,20,-,-,positive; interval includes 0
fixed_context,Fixed-context-adjusted decomposition with imputed maternal baseline,Primary,TE-JMAES-H1-MLC,6-12 years,Stricter restricted (>=3 complete occasions),"Low Maternal Absence, Higher SES","Decreasing Maternal Absence, Low SES","Decreasing Maternal Absence, Low SES vs Low Maternal Absence, Higher SES",Comparator minus reference,higher,Base mediator,VLNC,Violence exposure,Indirect effect,1380,9338,"Rubin pooled over 20 imputations; cluster-robust coefficient simulation, 300 independent mediator/outcome draws",0.0022042044891641996,-0.002926991863875564,0.007335400842203963,"0.002 (-0.003, 0.007)",6.844092615543606e-6,9.390298145276671e-9,6.853952428596146e-6,Inf,20,0.1324562717539,13.2%,positive; interval includes 0
fixed_context,Fixed-context-adjusted decomposition with imputed maternal baseline,Primary,TE-JMAES-H1-MLC,6-12 years,Stricter restricted (>=3 complete occasions),"Low Maternal Absence, Higher SES","Decreasing Maternal Absence, Low SES","Decreasing Maternal Absence, Low SES vs Low Maternal Absence, Higher SES",Comparator minus reference,higher,Base mediator,VLNC,Violence exposure,Total effect,1380,9338,"Rubin pooled over 20 imputations; cluster-robust coefficient simulation, 300 independent mediator/outcome draws",0.016640997515463433,-0.026884263603790634,0.0601662586347175,"0.017 (-0.027, 0.060)",4.903828969681661e-4,2.6416093491447628e-6,4.931565867847681e-4,600630.6537702392,20,-,-,positive; interval includes 0
fixed_context,Fixed-context-adjusted decomposition with imputed maternal baseline,Primary,TE-JMAES-H1-MLC,6-12 years,Stricter restricted (>=3 complete occasions),"Low Maternal Absence, Higher SES","Decreasing Maternal Absence, Low SES","Decreasing Maternal Absence, Low SES vs Low Maternal Absence, Higher SES",Comparator minus reference,higher,Extension mediator,DNKA,Alcohol use,Direct effect,1380,9338,"Rubin pooled over 20 imputations; cluster-robust coefficient simulation, 300 independent mediator/outcome draws",0.017198823500562715,-0.02791598963752202,0.062313636638647446,"0.017 (-0.028, 0.062)",5.27507481192753e-4,2.21718631058122e-6,5.298355268188634e-4,984130.693073446,20,-,-,positive; interval includes 0
fixed_context,Fixed-context-adjusted decomposition with imputed maternal baseline,Primary,TE-JMAES-H1-MLC,6-12 years,Stricter restricted (>=3 complete occasions),"Low Maternal Absence, Higher SES","Decreasing Maternal Absence, Low SES","Decreasing Maternal Absence, Low SES vs Low Maternal Absence, Higher SES",Comparator minus reference,higher,Extension mediator,DNKA,Alcohol use,Indirect effect,1380,9338,"Rubin pooled over 20 imputations; cluster-robust coefficient simulation, 300 independent mediator/outcome draws",3.5836342605828284e-5,-0.0024265663845836334,0.00249823906979529,"0.000 (-0.002, 0.002)",1.5777351236555887e-6,6.502200898208004e-10,1.5784178547499005e-6,Inf,20,0.0020793182419572417,0.2%,positive; interval includes 0
fixed_context,Fixed-context-adjusted decomposition with imputed maternal baseline,Primary,TE-JMAES-H1-MLC,6-12 years,Stricter restricted (>=3 complete occasions),"Low Maternal Absence, Higher SES","Decreasing Maternal Absence, Low SES","Decreasing Maternal Absence, Low SES vs Low Maternal Absence, Higher SES",Comparator minus reference,higher,Extension mediator,DNKA,Alcohol use,Total effect,1380,9338,"Rubin pooled over 20 imputations; cluster-robust coefficient simulation, 300 independent mediator/outcome draws",0.01723465984316854,-0.027778946353394604,0.06224826603973169,"0.017 (-0.028, 0.062)",5.250800859156279e-4,2.2674807085812253e-6,5.274609406596383e-4,932542.0221024768,20,-,-,positive; interval includes 0
fixed_context,Fixed-context-adjusted decomposition with imputed maternal baseline,Primary,TE-JMAES-H1-MLC,6-12 years,Stricter restricted (>=3 complete occasions),"Low Maternal Absence, Higher SES","Decreasing Maternal Absence, Low SES","Decreasing Maternal Absence, Low SES vs Low Maternal Absence, Higher SES",Comparator minus reference,higher,Extension mediator,GOVG,Lack of government grant receipt,Direct effect,1380,9338,"Rubin pooled over 20 imputations; cluster-robust coefficient simulation, 300 independent mediator/outcome draws",0.017463274706100027,-0.02851462217735852,0.06344117158955857,"0.017 (-0.029, 0.063)",5.477504080191583e-4,2.4297754502695315e-6,5.503016722419414e-4,883983.9673224252,20,-,-,positive; interval includes 0
fixed_context,Fixed-context-adjusted decomposition with imputed maternal baseline,Primary,TE-JMAES-H1-MLC,6-12 years,Stricter restricted (>=3 complete occasions),"Low Maternal Absence, Higher SES","Decreasing Maternal Absence, Low SES","Decreasing Maternal Absence, Low SES vs Low Maternal Absence, Higher SES",Comparator minus reference,higher,Extension mediator,GOVG,Lack of government grant receipt,Indirect effect,1380,9338,"Rubin pooled over 20 imputations; cluster-robust coefficient simulation, 300 independent mediator/outcome draws",-3.132375635959056e-4,-0.002740864960512701,0.0021143898333208897,"-0.000 (-0.003, 0.002)",1.530461883439605e-6,3.5126725715261525e-9,1.5341501896397073e-6,Inf,20,-,-,negative; interval includes 0
fixed_context,Fixed-context-adjusted decomposition with imputed maternal baseline,Primary,TE-JMAES-H1-MLC,6-12 years,Stricter restricted (>=3 complete occasions),"Low Maternal Absence, Higher SES","Decreasing Maternal Absence, Low SES","Decreasing Maternal Absence, Low SES vs Low Maternal Absence, Higher SES",Comparator minus reference,higher,Extension mediator,GOVG,Lack of government grant receipt,Total effect,1380,9338,"Rubin pooled over 20 imputations; cluster-robust coefficient simulation, 300 independent mediator/outcome draws",0.01715003714250412,-0.028592061215770806,0.06289213550077905,"0.017 (-0.029, 0.063)",5.420914645156493e-4,2.4572862778309226e-6,5.446716151073718e-4,846706.664619107,20,-,-,positive; interval includes 0
fixed_context,Fixed-context-adjusted decomposition with imputed maternal baseline,Primary,TE-JMAES-H1-MLC,6-12 years,Stricter restricted (>=3 complete occasions),"Low Maternal Absence, Higher SES","Decreasing Maternal Absence, Low SES","Decreasing Maternal Absence, Low SES vs Low Maternal Absence, Higher SES",Comparator minus reference,higher,Extension mediator,SCHL,School disengagement,Direct effect,1380,9338,"Rubin pooled over 20 imputations; cluster-robust coefficient simulation, 300 independent mediator/outcome draws",0.01726595436918946,-0.028984378754575168,0.06351628749295408,"0.017 (-0.029, 0.064)",5.543276970904793e-4,2.395105390203383e-6,5.568425577501928e-4,931516.572626521,20,-,-,positive; interval includes 0
fixed_context,Fixed-context-adjusted decomposition with imputed maternal baseline,Primary,TE-JMAES-H1-MLC,6-12 years,Stricter restricted (>=3 complete occasions),"Low Maternal Absence, Higher SES","Decreasing Maternal Absence, Low SES","Decreasing Maternal Absence, Low SES vs Low Maternal Absence, Higher SES",Comparator minus reference,higher,Extension mediator,SCHL,School disengagement,Indirect effect,1380,9338,"Rubin pooled over 20 imputations; cluster-robust coefficient simulation, 300 independent mediator/outcome draws",6.08826993669858e-5,-0.0024415816175127423,0.0025633470162467137,"0.000 (-0.002, 0.003)",1.6270774998778968e-6,2.969220054512386e-9,1.6301951809351347e-6,Inf,20,0.0035137803354468857,0.4%,positive; interval includes 0
fixed_context,Fixed-context-adjusted decomposition with imputed maternal baseline,Primary,TE-JMAES-H1-MLC,6-12 years,Stricter restricted (>=3 complete occasions),"Low Maternal Absence, Higher SES","Decreasing Maternal Absence, Low SES","Decreasing Maternal Absence, Low SES vs Low Maternal Absence, Higher SES",Comparator minus reference,higher,Extension mediator,SCHL,School disengagement,Total effect,1380,9338,"Rubin pooled over 20 imputations; cluster-robust coefficient simulation, 300 independent mediator/outcome draws",0.017326837068556446,-0.028951423347139637,0.06360509748425253,"0.017 (-0.029, 0.064)",5.550342841208871e-4,2.362851596981159e-6,5.575152782977173e-4,959435.2220132039,20,-,-,positive; interval includes 0
fixed_context,Fixed-context-adjusted decomposition with imputed maternal baseline,Primary,TE-JMAES-H1-MLC,6-12 years,Stricter restricted (>=3 complete occasions),"Low Maternal Absence, Higher SES","Decreasing Maternal Absence, Low SES","Decreasing Maternal Absence, Low SES vs Low Maternal Absence, Higher SES",Comparator minus reference,higher,Extension mediator,SCSP,Low social support,Direct effect,1380,9338,"Rubin pooled over 20 imputations; cluster-robust coefficient simulation, 300 independent mediator/outcome draws",0.017207768800769224,-0.0275845349339009,0.06200007253543935,"0.017 (-0.028, 0.062)",5.197693280471961e-4,2.3979142675186664e-6,5.222871380280907e-4,817572.6621873374,20,-,-,positive; interval includes 0
fixed_context,Fixed-context-adjusted decomposition with imputed maternal baseline,Primary,TE-JMAES-H1-MLC,6-12 years,Stricter restricted (>=3 complete occasions),"Low Maternal Absence, Higher SES","Decreasing Maternal Absence, Low SES","Decreasing Maternal Absence, Low SES vs Low Maternal Absence, Higher SES",Comparator minus reference,higher,Extension mediator,SCSP,Low social support,Indirect effect,1380,9338,"Rubin pooled over 20 imputations; cluster-robust coefficient simulation, 300 independent mediator/outcome draws",3.718934631421058e-4,-0.0030134173681476747,0.003757204294431886,"0.000 (-0.003, 0.004)",2.9803230627148883e-6,2.861290636949477e-9,2.983327417883685e-6,Inf,20,0.021154755851342653,2.1%,positive; interval includes 0
fixed_context,Fixed-context-adjusted decomposition with imputed maternal baseline,Primary,TE-JMAES-H1-MLC,6-12 years,Stricter restricted (>=3 complete occasions),"Low Maternal Absence, Higher SES","Decreasing Maternal Absence, Low SES","Decreasing Maternal Absence, Low SES vs Low Maternal Absence, Higher SES",Comparator minus reference,higher,Extension mediator,SCSP,Low social support,Total effect,1380,9338,"Rubin pooled over 20 imputations; cluster-robust coefficient simulation, 300 independent mediator/outcome draws",0.01757966226391133,-0.027577967300522536,0.0627372918283452,"0.018 (-0.028, 0.063)",5.283012945734508e-4,2.4191927632175517e-6,5.308414469748292e-4,829781.4122831561,20,-,-,positive; interval includes 0
fixed_context,Fixed-context-adjusted decomposition with imputed maternal baseline,Primary,TE-JMAES-H1-MLC,6-12 years,Stricter restricted (>=3 complete occasions),"Low Maternal Absence, Higher SES","High Maternal Absence, Improving SES","High Maternal Absence, Improving SES vs Low Maternal Absence, Higher SES",Comparator minus reference,higher,Base mediator,ESXC,Ever had sexual intercourse,Direct effect,1364,9229,"Rubin pooled over 20 imputations; cluster-robust coefficient simulation, 300 independent mediator/outcome draws",0.023646890458111306,-0.012559851295367176,0.05985363221158979,"0.024 (-0.013, 0.060)",3.39779796643494e-4,1.406936127871556e-6,3.412570795777592e-4,1013887.0568583895,20,-,-,positive; interval includes 0
fixed_context,Fixed-context-adjusted decomposition with imputed maternal baseline,Primary,TE-JMAES-H1-MLC,6-12 years,Stricter restricted (>=3 complete occasions),"Low Maternal Absence, Higher SES","High Maternal Absence, Improving SES","High Maternal Absence, Improving SES vs Low Maternal Absence, Higher SES",Comparator minus reference,higher,Base mediator,ESXC,Ever had sexual intercourse,Indirect effect,1364,9229,"Rubin pooled over 20 imputations; cluster-robust coefficient simulation, 300 independent mediator/outcome draws",-1.3330005254067156e-4,-0.0034128322116179135,0.00314623210653657,"-0.000 (-0.003, 0.003)",2.789010790127443e-6,1.0279101324818017e-8,2.799803846518502e-6,Inf,20,-,-,negative; interval includes 0
fixed_context,Fixed-context-adjusted decomposition with imputed maternal baseline,Primary,TE-JMAES-H1-MLC,6-12 years,Stricter restricted (>=3 complete occasions),"Low Maternal Absence, Higher SES","High Maternal Absence, Improving SES","High Maternal Absence, Improving SES vs Low Maternal Absence, Higher SES",Comparator minus reference,higher,Base mediator,ESXC,Ever had sexual intercourse,Total effect,1364,9229,"Rubin pooled over 20 imputations; cluster-robust coefficient simulation, 300 independent mediator/outcome draws",0.023513590405570634,-0.012743956814392901,0.05977113762553417,"0.024 (-0.013, 0.060)",3.408669200846137e-4,1.284455528411457e-6,3.4221559838944573e-4,1223309.8151330773,20,-,-,positive; interval includes 0
fixed_context,Fixed-context-adjusted decomposition with imputed maternal baseline,Primary,TE-JMAES-H1-MLC,6-12 years,Stricter restricted (>=3 complete occasions),"Low Maternal Absence, Higher SES","High Maternal Absence, Improving SES","High Maternal Absence, Improving SES vs Low Maternal Absence, Higher SES",Comparator minus reference,higher,Base mediator,FDSC,Food insecurity,Direct effect,1380,9338,"Rubin pooled over 20 imputations; cluster-robust coefficient simulation, 300 independent mediator/outcome draws",0.02278138921017048,-0.011817921881061778,0.05738070030140274,"0.023 (-0.012, 0.057)",3.102136981184358e-4,1.347711223006492e-6,3.116287949025926e-4,921417.5361473708,20,-,-,positive; interval includes 0
fixed_context,Fixed-context-adjusted decomposition with imputed maternal baseline,Primary,TE-JMAES-H1-MLC,6-12 years,Stricter restricted (>=3 complete occasions),"Low Maternal Absence, Higher SES","High Maternal Absence, Improving SES","High Maternal Absence, Improving SES vs Low Maternal Absence, Higher SES",Comparator minus reference,higher,Base mediator,FDSC,Food insecurity,Indirect effect,1380,9338,"Rubin pooled over 20 imputations; cluster-robust coefficient simulation, 300 independent mediator/outcome draws",-7.728254650152137e-4,-0.005625182873739477,0.00407953194370905,"-0.001 (-0.006, 0.004)",6.111810508431285e-6,1.6630508836668332e-08,6.129272542709786e-6,2340894.246083299,20,-,-,negative; interval includes 0
fixed_context,Fixed-context-adjusted decomposition with imputed maternal baseline,Primary,TE-JMAES-H1-MLC,6-12 years,Stricter restricted (>=3 complete occasions),"Low Maternal Absence, Higher SES","High Maternal Absence, Improving SES","High Maternal Absence, Improving SES vs Low Maternal Absence, Higher SES",Comparator minus reference,higher,Base mediator,FDSC,Food insecurity,Total effect,1380,9338,"Rubin pooled over 20 imputations; cluster-robust coefficient simulation, 300 independent mediator/outcome draws",0.022008563745155266,-0.012302952896161665,0.056320080386472196,"0.022 (-0.012, 0.056)",3.0512654322232077e-4,1.2758687672631609e-6,3.064662054279471e-4,994324.5733358356,20,-,-,positive; interval includes 0
fixed_context,Fixed-context-adjusted decomposition with imputed maternal baseline,Primary,TE-JMAES-H1-MLC,6-12 years,Stricter restricted (>=3 complete occasions),"Low Maternal Absence, Higher SES","High Maternal Absence, Improving SES","High Maternal Absence, Improving SES vs Low Maternal Absence, Higher SES",Comparator minus reference,higher,Base mediator,VLNC,Violence exposure,Direct effect,1380,9338,"Rubin pooled over 20 imputations; cluster-robust coefficient simulation, 300 independent mediator/outcome draws",0.023288325077121825,-0.012360065691962203,0.058936715846205856,"0.023 (-0.012, 0.059)",3.297470069849334e-4,1.0156194669250345e-6,3.308134074252047e-4,1828433.521306765,20,-,-,positive; interval includes 0
fixed_context,Fixed-context-adjusted decomposition with imputed maternal baseline,Primary,TE-JMAES-H1-MLC,6-12 years,Stricter restricted (>=3 complete occasions),"Low Maternal Absence, Higher SES","High Maternal Absence, Improving SES","High Maternal Absence, Improving SES vs Low Maternal Absence, Higher SES",Comparator minus reference,higher,Base mediator,VLNC,Violence exposure,Indirect effect,1380,9338,"Rubin pooled over 20 imputations; cluster-robust coefficient simulation, 300 independent mediator/outcome draws",-6.673079693935224e-4,-0.003912047353162829,0.002577431414375784,"-0.001 (-0.004, 0.003)",2.7359007048753877e-6,4.582528262742184e-9,2.740712359551267e-6,Inf,20,-,-,negative; interval includes 0
fixed_context,Fixed-context-adjusted decomposition with imputed maternal baseline,Primary,TE-JMAES-H1-MLC,6-12 years,Stricter restricted (>=3 complete occasions),"Low Maternal Absence, Higher SES","High Maternal Absence, Improving SES","High Maternal Absence, Improving SES vs Low Maternal Absence, Higher SES",Comparator minus reference,higher,Base mediator,VLNC,Violence exposure,Total effect,1380,9338,"Rubin pooled over 20 imputations; cluster-robust coefficient simulation, 300 independent mediator/outcome draws",0.022621017107728306,-0.012696718005663764,0.057938752221120375,"0.023 (-0.013, 0.058)",3.236474540398937e-4,1.0071473394648501e-6,3.247049587463318e-4,1791293.8103203964,20,-,-,positive; interval includes 0
fixed_context,Fixed-context-adjusted decomposition with imputed maternal baseline,Primary,TE-JMAES-H1-MLC,6-12 years,Stricter restricted (>=3 complete occasions),"Low Maternal Absence, Higher SES","High Maternal Absence, Improving SES","High Maternal Absence, Improving SES vs Low Maternal Absence, Higher SES",Comparator minus reference,higher,Extension mediator,DNKA,Alcohol use,Direct effect,1380,9338,"Rubin pooled over 20 imputations; cluster-robust coefficient simulation, 300 independent mediator/outcome draws",0.02264120647728826,-0.013004320818157451,0.058286733772733974,"0.023 (-0.013, 0.058)",3.296381347511909e-4,1.0686497575827968e-6,3.3076021699665284e-4,1650937.9700435547,20,-,-,positive; interval includes 0
fixed_context,Fixed-context-adjusted decomposition with imputed maternal baseline,Primary,TE-JMAES-H1-MLC,6-12 years,Stricter restricted (>=3 complete occasions),"Low Maternal Absence, Higher SES","High Maternal Absence, Improving SES","High Maternal Absence, Improving SES vs Low Maternal Absence, Higher SES",Comparator minus reference,higher,Extension mediator,DNKA,Alcohol use,Indirect effect,1380,9338,"Rubin pooled over 20 imputations; cluster-robust coefficient simulation, 300 independent mediator/outcome draws",3.336906112385227e-5,-0.002058697633414491,0.0021254357556621953,"0.000 (-0.002, 0.002)",1.138752526951446e-6,5.633066219520949e-10,1.1393439989044956e-6,Inf,20,0.0014716509716939594,0.1%,positive; interval includes 0
fixed_context,Fixed-context-adjusted decomposition with imputed maternal baseline,Primary,TE-JMAES-H1-MLC,6-12 years,Stricter restricted (>=3 complete occasions),"Low Maternal Absence, Higher SES","High Maternal Absence, Improving SES","High Maternal Absence, Improving SES vs Low Maternal Absence, Higher SES",Comparator minus reference,higher,Extension mediator,DNKA,Alcohol use,Total effect,1380,9338,"Rubin pooled over 20 imputations; cluster-robust coefficient simulation, 300 independent mediator/outcome draws",0.022674575538412112,-0.01285371921688638,0.0582028702937106,"0.023 (-0.013, 0.058)",3.27435163504701e-4,1.0980578372700821e-6,3.285881242338346e-4,1543221.6135134036,20,-,-,positive; interval includes 0
fixed_context,Fixed-context-adjusted decomposition with imputed maternal baseline,Primary,TE-JMAES-H1-MLC,6-12 years,Stricter restricted (>=3 complete occasions),"Low Maternal Absence, Higher SES","High Maternal Absence, Improving SES","High Maternal Absence, Improving SES vs Low Maternal Absence, Higher SES",Comparator minus reference,higher,Extension mediator,GOVG,Lack of government grant receipt,Direct effect,1380,9338,"Rubin pooled over 20 imputations; cluster-robust coefficient simulation, 300 independent mediator/outcome draws",0.023152300446153403,-0.012113677885054724,0.058418278777361526,"0.023 (-0.012, 0.058)",3.2261310254855696e-4,1.0864701403739096e-6,3.2375389619594957e-4,1530274.7769143258,20,-,-,positive; interval includes 0
fixed_context,Fixed-context-adjusted decomposition with imputed maternal baseline,Primary,TE-JMAES-H1-MLC,6-12 years,Stricter restricted (>=3 complete occasions),"Low Maternal Absence, Higher SES","High Maternal Absence, Improving SES","High Maternal Absence, Improving SES vs Low Maternal Absence, Higher SES",Comparator minus reference,higher,Extension mediator,GOVG,Lack of government grant receipt,Indirect effect,1380,9338,"Rubin pooled over 20 imputations; cluster-robust coefficient simulation, 300 independent mediator/outcome draws",-6.095566655908259e-4,-0.002956923046732231,0.0017378097155505796,"-0.001 (-0.003, 0.002)",1.431094831460205e-6,3.133002167040939e-9,1.434384483735598e-6,Inf,20,-,-,negative; interval includes 0
fixed_context,Fixed-context-adjusted decomposition with imputed maternal baseline,Primary,TE-JMAES-H1-MLC,6-12 years,Stricter restricted (>=3 complete occasions),"Low Maternal Absence, Higher SES","High Maternal Absence, Improving SES","High Maternal Absence, Improving SES vs Low Maternal Absence, Higher SES",Comparator minus reference,higher,Extension mediator,GOVG,Lack of government grant receipt,Total effect,1380,9338,"Rubin pooled over 20 imputations; cluster-robust coefficient simulation, 300 independent mediator/outcome draws",0.022542743780562577,-0.012102528375012113,0.05718801593613727,"0.023 (-0.012, 0.057)",3.1126973993681373e-4,1.131213299255879e-6,3.124575139010324e-4,1314824.972458831,20,-,-,positive; interval includes 0
fixed_context,Fixed-context-adjusted decomposition with imputed maternal baseline,Primary,TE-JMAES-H1-MLC,6-12 years,Stricter restricted (>=3 complete occasions),"Low Maternal Absence, Higher SES","High Maternal Absence, Improving SES","High Maternal Absence, Improving SES vs Low Maternal Absence, Higher SES",Comparator minus reference,higher,Extension mediator,SCHL,School disengagement,Direct effect,1380,9338,"Rubin pooled over 20 imputations; cluster-robust coefficient simulation, 300 independent mediator/outcome draws",0.022337498296985104,-0.012962838938708785,0.057637835532678997,"0.022 (-0.013, 0.058)",3.232401493314672e-4,1.0903864472069937e-6,3.243850551010345e-4,1525231.5769279122,20,-,-,positive; interval includes 0
fixed_context,Fixed-context-adjusted decomposition with imputed maternal baseline,Primary,TE-JMAES-H1-MLC,6-12 years,Stricter restricted (>=3 complete occasions),"Low Maternal Absence, Higher SES","High Maternal Absence, Improving SES","High Maternal Absence, Improving SES vs Low Maternal Absence, Higher SES",Comparator minus reference,higher,Extension mediator,SCHL,School disengagement,Indirect effect,1380,9338,"Rubin pooled over 20 imputations; cluster-robust coefficient simulation, 300 independent mediator/outcome draws",9.406691779465445e-5,-0.001888156015585014,0.0020762898511743227,"0.000 (-0.002, 0.002)",1.021198541687067e-6,1.565777176335144e-9,1.0228426077222189e-6,Inf,20,0.004193506645388947,0.4%,positive; interval includes 0
fixed_context,Fixed-context-adjusted decomposition with imputed maternal baseline,Primary,TE-JMAES-H1-MLC,6-12 years,Stricter restricted (>=3 complete occasions),"Low Maternal Absence, Higher SES","High Maternal Absence, Improving SES","High Maternal Absence, Improving SES vs Low Maternal Absence, Higher SES",Comparator minus reference,higher,Extension mediator,SCHL,School disengagement,Total effect,1380,9338,"Rubin pooled over 20 imputations; cluster-robust coefficient simulation, 300 independent mediator/outcome draws",0.022431565214779757,-0.012942990552626127,0.05780612098218564,"0.022 (-0.013, 0.058)",3.246134346213246e-4,1.0829495307275242e-6,3.257505316285885e-4,1559296.9673879247,20,-,-,positive; interval includes 0
fixed_context,Fixed-context-adjusted decomposition with imputed maternal baseline,Primary,TE-JMAES-H1-MLC,6-12 years,Stricter restricted (>=3 complete occasions),"Low Maternal Absence, Higher SES","High Maternal Absence, Improving SES","High Maternal Absence, Improving SES vs Low Maternal Absence, Higher SES",Comparator minus reference,higher,Extension mediator,SCSP,Low social support,Direct effect,1380,9338,"Rubin pooled over 20 imputations; cluster-robust coefficient simulation, 300 independent mediator/outcome draws",0.02220895916783006,-0.01407746106327885,0.058495379398938965,"0.022 (-0.014, 0.058)",3.4158554269882136e-4,1.1194963761470413e-6,3.4276101389377574e-4,1615520.4365013235,20,-,-,positive; interval includes 0
fixed_context,Fixed-context-adjusted decomposition with imputed maternal baseline,Primary,TE-JMAES-H1-MLC,6-12 years,Stricter restricted (>=3 complete occasions),"Low Maternal Absence, Higher SES","High Maternal Absence, Improving SES","High Maternal Absence, Improving SES vs Low Maternal Absence, Higher SES",Comparator minus reference,higher,Extension mediator,SCSP,Low social support,Indirect effect,1380,9338,"Rubin pooled over 20 imputations; cluster-robust coefficient simulation, 300 independent mediator/outcome draws",6.318375882523333e-4,-0.0022626387942419795,0.003526313970746646,"0.001 (-0.002, 0.004)",2.178418705083879e-6,2.401810517460207e-9,2.180940606127212e-6,Inf,20,0.027662677226182052,2.8%,positive; interval includes 0
fixed_context,Fixed-context-adjusted decomposition with imputed maternal baseline,Primary,TE-JMAES-H1-MLC,6-12 years,Stricter restricted (>=3 complete occasions),"Low Maternal Absence, Higher SES","High Maternal Absence, Improving SES","High Maternal Absence, Improving SES vs Low Maternal Absence, Higher SES",Comparator minus reference,higher,Extension mediator,SCSP,Low social support,Total effect,1380,9338,"Rubin pooled over 20 imputations; cluster-robust coefficient simulation, 300 independent mediator/outcome draws",0.022840796756082395,-0.013857381602665302,0.05953897511483009,"0.023 (-0.014, 0.060)",3.4939858601070546e-4,1.1290484226564776e-6,3.5058408685449476e-4,1661629.7717040936,20,-,-,positive; interval includes 0
fixed_context,Fixed-context-adjusted decomposition with imputed maternal baseline,Primary,TE-JMAES-H1-MLC,6-12 years,Stricter restricted (>=3 complete occasions),"Low Maternal Absence, Higher SES","High Maternal Absence, Low SES","High Maternal Absence, Low SES vs Low Maternal Absence, Higher SES",Comparator minus reference,higher,Base mediator,ESXC,Ever had sexual intercourse,Direct effect,1364,9229,"Rubin pooled over 20 imputations; cluster-robust coefficient simulation, 300 independent mediator/outcome draws",0.06498341677275851,0.0030543550963016905,0.12691247844921533,"0.065 (0.003, 0.127)",9.9422289266492e-4,3.950370530787737e-6,9.98370781722247e-4,1100735.725376114,20,-,-,positive; interval excludes 0
fixed_context,Fixed-context-adjusted decomposition with imputed maternal baseline,Primary,TE-JMAES-H1-MLC,6-12 years,Stricter restricted (>=3 complete occasions),"Low Maternal Absence, Higher SES","High Maternal Absence, Low SES","High Maternal Absence, Low SES vs Low Maternal Absence, Higher SES",Comparator minus reference,higher,Base mediator,ESXC,Ever had sexual intercourse,Indirect effect,1364,9229,"Rubin pooled over 20 imputations; cluster-robust coefficient simulation, 300 independent mediator/outcome draws",0.0033544833786011167,-0.0051933819947838295,0.011902348751986064,"0.003 (-0.005, 0.012)",1.899343380840363e-5,2.5657397413411798e-8,1.9020374075687714e-5,9470827.108196586,20,0.04908672012413857,4.9%,positive; interval includes 0
fixed_context,Fixed-context-adjusted decomposition with imputed maternal baseline,Primary,TE-JMAES-H1-MLC,6-12 years,Stricter restricted (>=3 complete occasions),"Low Maternal Absence, Higher SES","High Maternal Absence, Low SES","High Maternal Absence, Low SES vs Low Maternal Absence, Higher SES",Comparator minus reference,higher,Base mediator,ESXC,Ever had sexual intercourse,Total effect,1364,9229,"Rubin pooled over 20 imputations; cluster-robust coefficient simulation, 300 independent mediator/outcome draws",0.06833790015135963,0.0036849432353564526,0.1329908570673628,"0.068 (0.004, 0.133)",0.0010840808933158732,3.854032432175234e-6,0.0010881276273696572,1373738.1116530811,20,-,-,positive; interval excludes 0
fixed_context,Fixed-context-adjusted decomposition with imputed maternal baseline,Primary,TE-JMAES-H1-MLC,6-12 years,Stricter restricted (>=3 complete occasions),"Low Maternal Absence, Higher SES","High Maternal Absence, Low SES","High Maternal Absence, Low SES vs Low Maternal Absence, Higher SES",Comparator minus reference,higher,Base mediator,FDSC,Food insecurity,Direct effect,1380,9338,"Rubin pooled over 20 imputations; cluster-robust coefficient simulation, 300 independent mediator/outcome draws",0.05492906074125585,-0.00181370687863662,0.11167182836114832,"0.055 (-0.002, 0.112)",8.346999069649639e-4,3.289769421791505e-6,8.38154164857845e-4,1118644.0024338334,20,-,-,positive; interval includes 0
fixed_context,Fixed-context-adjusted decomposition with imputed maternal baseline,Primary,TE-JMAES-H1-MLC,6-12 years,Stricter restricted (>=3 complete occasions),"Low Maternal Absence, Higher SES","High Maternal Absence, Low SES","High Maternal Absence, Low SES vs Low Maternal Absence, Higher SES",Comparator minus reference,higher,Base mediator,FDSC,Food insecurity,Indirect effect,1380,9338,"Rubin pooled over 20 imputations; cluster-robust coefficient simulation, 300 independent mediator/outcome draws",0.015412890564897487,-0.0019485729294713827,0.032774354059266354,"0.015 (-0.002, 0.033)",7.836907630129023e-5,9.142800317545609e-8,7.846507570462446e-5,12693147.582639124,20,0.21911377604262175,21.9%,positive; interval includes 0
fixed_context,Fixed-context-adjusted decomposition with imputed maternal baseline,Primary,TE-JMAES-H1-MLC,6-12 years,Stricter restricted (>=3 complete occasions),"Low Maternal Absence, Higher SES","High Maternal Absence, Low SES","High Maternal Absence, Low SES vs Low Maternal Absence, Higher SES",Comparator minus reference,higher,Base mediator,FDSC,Food insecurity,Total effect,1380,9338,"Rubin pooled over 20 imputations; cluster-robust coefficient simulation, 300 independent mediator/outcome draws",0.07034195130615334,0.004868563464475284,0.1358153391478314,"0.070 (0.005, 0.136)",0.001111791598005025,3.9308982257917985e-6,0.0011159190411421064,1388854.5935586602,20,-,-,positive; interval excludes 0
fixed_context,Fixed-context-adjusted decomposition with imputed maternal baseline,Primary,TE-JMAES-H1-MLC,6-12 years,Stricter restricted (>=3 complete occasions),"Low Maternal Absence, Higher SES","High Maternal Absence, Low SES","High Maternal Absence, Low SES vs Low Maternal Absence, Higher SES",Comparator minus reference,higher,Base mediator,VLNC,Violence exposure,Direct effect,1380,9338,"Rubin pooled over 20 imputations; cluster-robust coefficient simulation, 300 independent mediator/outcome draws",0.06874350849779039,0.0025847987176343262,0.13490221827794646,"0.069 (0.003, 0.135)",0.00113525078884139,3.95393429547106e-6,0.0011394024198516347,1431101.3172509642,20,-,-,positive; interval excludes 0
fixed_context,Fixed-context-adjusted decomposition with imputed maternal baseline,Primary,TE-JMAES-H1-MLC,6-12 years,Stricter restricted (>=3 complete occasions),"Low Maternal Absence, Higher SES","High Maternal Absence, Low SES","High Maternal Absence, Low SES vs Low Maternal Absence, Higher SES",Comparator minus reference,higher,Base mediator,VLNC,Violence exposure,Indirect effect,1380,9338,"Rubin pooled over 20 imputations; cluster-robust coefficient simulation, 300 independent mediator/outcome draws",-4.3141730839977644e-4,-0.007155303812204937,0.006292469195405385,"-0.000 (-0.007, 0.006)",1.17492576111459e-5,1.892733434251829e-8,1.1769131312205543e-5,6663231.652233734,20,-,-,negative; interval includes 0
fixed_context,Fixed-context-adjusted decomposition with imputed maternal baseline,Primary,TE-JMAES-H1-MLC,6-12 years,Stricter restricted (>=3 complete occasions),"Low Maternal Absence, Higher SES","High Maternal Absence, Low SES","High Maternal Absence, Low SES vs Low Maternal Absence, Higher SES",Comparator minus reference,higher,Base mediator,VLNC,Violence exposure,Total effect,1380,9338,"Rubin pooled over 20 imputations; cluster-robust coefficient simulation, 300 independent mediator/outcome draws",0.0683120911893906,0.002204848922865002,0.13441933345591622,"0.068 (0.002, 0.134)",0.001133689233606325,3.7536064493619604e-6,0.001137630520378155,1582996.6622748147,20,-,-,positive; interval excludes 0
fixed_context,Fixed-context-adjusted decomposition with imputed maternal baseline,Primary,TE-JMAES-H1-MLC,6-12 years,Stricter restricted (>=3 complete occasions),"Low Maternal Absence, Higher SES","High Maternal Absence, Low SES","High Maternal Absence, Low SES vs Low Maternal Absence, Higher SES",Comparator minus reference,higher,Extension mediator,DNKA,Alcohol use,Direct effect,1380,9338,"Rubin pooled over 20 imputations; cluster-robust coefficient simulation, 300 independent mediator/outcome draws",0.06843755660564915,0.0023290899661463776,0.1345460232451519,"0.068 (0.002, 0.135)",0.0011336126504931225,3.8665754784862805e-6,0.001137672554745533,1491957.9420819732,20,-,-,positive; interval excludes 0
fixed_context,Fixed-context-adjusted decomposition with imputed maternal baseline,Primary,TE-JMAES-H1-MLC,6-12 years,Stricter restricted (>=3 complete occasions),"Low Maternal Absence, Higher SES","High Maternal Absence, Low SES","High Maternal Absence, Low SES vs Low Maternal Absence, Higher SES",Comparator minus reference,higher,Extension mediator,DNKA,Alcohol use,Indirect effect,1380,9338,"Rubin pooled over 20 imputations; cluster-robust coefficient simulation, 300 independent mediator/outcome draws",-1.6694725026931978e-5,-0.0031638174854070637,0.0031304280353531997,"-0.000 (-0.003, 0.003)",2.578014253314449e-6,2.5934483586379425e-10,2.578286565392106e-6,Inf,20,-,-,negative; interval includes 0
fixed_context,Fixed-context-adjusted decomposition with imputed maternal baseline,Primary,TE-JMAES-H1-MLC,6-12 years,Stricter restricted (>=3 complete occasions),"Low Maternal Absence, Higher SES","High Maternal Absence, Low SES","High Maternal Absence, Low SES vs Low Maternal Absence, Higher SES",Comparator minus reference,higher,Extension mediator,DNKA,Alcohol use,Total effect,1380,9338,"Rubin pooled over 20 imputations; cluster-robust coefficient simulation, 300 independent mediator/outcome draws",0.06842086188062221,0.00222168955087107,0.13462003421037336,"0.068 (0.002, 0.135)",0.0011367721655754157,3.8328707238743065e-6,0.0011407966798354836,1526662.9180501727,20,-,-,positive; interval excludes 0
fixed_context,Fixed-context-adjusted decomposition with imputed maternal baseline,Primary,TE-JMAES-H1-MLC,6-12 years,Stricter restricted (>=3 complete occasions),"Low Maternal Absence, Higher SES","High Maternal Absence, Low SES","High Maternal Absence, Low SES vs Low Maternal Absence, Higher SES",Comparator minus reference,higher,Extension mediator,GOVG,Lack of government grant receipt,Direct effect,1380,9338,"Rubin pooled over 20 imputations; cluster-robust coefficient simulation, 300 independent mediator/outcome draws",0.07025340331445794,0.0025292911465459034,0.13797751548236997,"0.070 (0.003, 0.138)",0.001190069047046753,3.70591456500346e-6,0.0011939602573400067,1788808.8656356826,20,-,-,positive; interval excludes 0
fixed_context,Fixed-context-adjusted decomposition with imputed maternal baseline,Primary,TE-JMAES-H1-MLC,6-12 years,Stricter restricted (>=3 complete occasions),"Low Maternal Absence, Higher SES","High Maternal Absence, Low SES","High Maternal Absence, Low SES vs Low Maternal Absence, Higher SES",Comparator minus reference,higher,Extension mediator,GOVG,Lack of government grant receipt,Indirect effect,1380,9338,"Rubin pooled over 20 imputations; cluster-robust coefficient simulation, 300 independent mediator/outcome draws",-9.150455351104047e-4,-0.005969929083177711,0.004139838012956902,"-0.001 (-0.006, 0.004)",6.6376525721025066e-6,1.3283312461721293e-8,6.651600050187314e-6,Inf,20,-,-,negative; interval includes 0
fixed_context,Fixed-context-adjusted decomposition with imputed maternal baseline,Primary,TE-JMAES-H1-MLC,6-12 years,Stricter restricted (>=3 complete occasions),"Low Maternal Absence, Higher SES","High Maternal Absence, Low SES","High Maternal Absence, Low SES vs Low Maternal Absence, Higher SES",Comparator minus reference,higher,Extension mediator,GOVG,Lack of government grant receipt,Total effect,1380,9338,"Rubin pooled over 20 imputations; cluster-robust coefficient simulation, 300 independent mediator/outcome draws",0.06933835777934753,0.0022454328713141236,0.13643128268738094,"0.069 (0.002, 0.136)",0.001167872122724859,3.748931335432333e-6,0.001171808500627063,1683733.3691006775,20,-,-,positive; interval excludes 0
fixed_context,Fixed-context-adjusted decomposition with imputed maternal baseline,Primary,TE-JMAES-H1-MLC,6-12 years,Stricter restricted (>=3 complete occasions),"Low Maternal Absence, Higher SES","High Maternal Absence, Low SES","High Maternal Absence, Low SES vs Low Maternal Absence, Higher SES",Comparator minus reference,higher,Extension mediator,SCHL,School disengagement,Direct effect,1380,9338,"Rubin pooled over 20 imputations; cluster-robust coefficient simulation, 300 independent mediator/outcome draws",0.06955566110173722,0.0036844855602047866,0.13542683664326965,"0.070 (0.004, 0.135)",0.0011252666952713782,4.050608210361454e-6,0.0011295198338922578,1340053.8418793692,20,-,-,positive; interval excludes 0
fixed_context,Fixed-context-adjusted decomposition with imputed maternal baseline,Primary,TE-JMAES-H1-MLC,6-12 years,Stricter restricted (>=3 complete occasions),"Low Maternal Absence, Higher SES","High Maternal Absence, Low SES","High Maternal Absence, Low SES vs Low Maternal Absence, Higher SES",Comparator minus reference,higher,Extension mediator,SCHL,School disengagement,Indirect effect,1380,9338,"Rubin pooled over 20 imputations; cluster-robust coefficient simulation, 300 independent mediator/outcome draws",-0.0011715020192870748,-0.006912698032020731,0.004569693993446581,"-0.001 (-0.007, 0.005)",8.553919653774886e-6,2.522888869194183e-8,8.580409986901424e-6,1993401.7758164639,20,-,-,negative; interval includes 0
fixed_context,Fixed-context-adjusted decomposition with imputed maternal baseline,Primary,TE-JMAES-H1-MLC,6-12 years,Stricter restricted (>=3 complete occasions),"Low Maternal Absence, Higher SES","High Maternal Absence, Low SES","High Maternal Absence, Low SES vs Low Maternal Absence, Higher SES",Comparator minus reference,higher,Extension mediator,SCHL,School disengagement,Total effect,1380,9338,"Rubin pooled over 20 imputations; cluster-robust coefficient simulation, 300 independent mediator/outcome draws",0.06838415908245014,0.002888215234640848,0.13388010293025943,"0.068 (0.003, 0.134)",0.001112574851594334,3.917353062288392e-6,0.0011166880723097368,1400403.949326226,20,-,-,positive; interval excludes 0
fixed_context,Fixed-context-adjusted decomposition with imputed maternal baseline,Primary,TE-JMAES-H1-MLC,6-12 years,Stricter restricted (>=3 complete occasions),"Low Maternal Absence, Higher SES","High Maternal Absence, Low SES","High Maternal Absence, Low SES vs Low Maternal Absence, Higher SES",Comparator minus reference,higher,Extension mediator,SCSP,Low social support,Direct effect,1380,9338,"Rubin pooled over 20 imputations; cluster-robust coefficient simulation, 300 independent mediator/outcome draws",0.0655704034390683,0.0017483714694442737,0.12939243540869233,"0.066 (0.002, 0.129)",0.0010566743369536905,3.4894026049285668e-6,0.0010603382096888655,1591335.181118948,20,-,-,positive; interval excludes 0
fixed_context,Fixed-context-adjusted decomposition with imputed maternal baseline,Primary,TE-JMAES-H1-MLC,6-12 years,Stricter restricted (>=3 complete occasions),"Low Maternal Absence, Higher SES","High Maternal Absence, Low SES","High Maternal Absence, Low SES vs Low Maternal Absence, Higher SES",Comparator minus reference,higher,Extension mediator,SCSP,Low social support,Indirect effect,1380,9338,"Rubin pooled over 20 imputations; cluster-robust coefficient simulation, 300 independent mediator/outcome draws",0.003575636897625621,-0.007162193664750426,0.014313467460001669,"0.004 (-0.007, 0.014)",2.999506061505612e-5,1.8893762665880863e-8,3.0014899065855294e-5,43492249.021515675,20,0.05171137609926346,5.2%,positive; interval includes 0
fixed_context,Fixed-context-adjusted decomposition with imputed maternal baseline,Primary,TE-JMAES-H1-MLC,6-12 years,Stricter restricted (>=3 complete occasions),"Low Maternal Absence, Higher SES","High Maternal Absence, Low SES","High Maternal Absence, Low SES vs Low Maternal Absence, Higher SES",Comparator minus reference,higher,Extension mediator,SCSP,Low social support,Total effect,1380,9338,"Rubin pooled over 20 imputations; cluster-robust coefficient simulation, 300 independent mediator/outcome draws",0.06914604033669391,0.0021422155725001613,0.13614986510088767,"0.069 (0.002, 0.136)",0.0011649967845058706,3.525352425448886e-6,0.0011686984045525919,1893977.547609194,20,-,-,positive; interval excludes 0
fixed_context,Fixed-context-adjusted decomposition with imputed maternal baseline,Primary,TE-JMAES-H1-MLC,6-12 years,Stricter restricted (>=3 complete occasions),"Low Maternal Absence, Higher SES","Low Maternal Absence, Improving SES","Low Maternal Absence, Improving SES vs Low Maternal Absence, Higher SES",Comparator minus reference,higher,Base mediator,ESXC,Ever had sexual intercourse,Direct effect,1364,9229,"Rubin pooled over 20 imputations; cluster-robust coefficient simulation, 300 independent mediator/outcome draws",0.005507018367946796,-0.015985442569688594,0.026999479305582188,"0.006 (-0.016, 0.027)",1.1962152557505887e-4,5.957855017785889e-7,1.2024710035192638e-4,702011.7265125046,20,-,-,positive; interval includes 0
fixed_context,Fixed-context-adjusted decomposition with imputed maternal baseline,Primary,TE-JMAES-H1-MLC,6-12 years,Stricter restricted (>=3 complete occasions),"Low Maternal Absence, Higher SES","Low Maternal Absence, Improving SES","Low Maternal Absence, Improving SES vs Low Maternal Absence, Higher SES",Comparator minus reference,higher,Base mediator,ESXC,Ever had sexual intercourse,Indirect effect,1364,9229,"Rubin pooled over 20 imputations; cluster-robust coefficient simulation, 300 independent mediator/outcome draws",4.0621447602543615e-4,-0.0011390089181627797,0.0019514378702136519,"0.000 (-0.001, 0.002)",6.194801051839141e-7,1.9853627332906087e-9,6.215647360538693e-7,Inf,20,-,-,positive; interval includes 0
fixed_context,Fixed-context-adjusted decomposition with imputed maternal baseline,Primary,TE-JMAES-H1-MLC,6-12 years,Stricter restricted (>=3 complete occasions),"Low Maternal Absence, Higher SES","Low Maternal Absence, Improving SES","Low Maternal Absence, Improving SES vs Low Maternal Absence, Higher SES",Comparator minus reference,higher,Base mediator,ESXC,Ever had sexual intercourse,Total effect,1364,9229,"Rubin pooled over 20 imputations; cluster-robust coefficient simulation, 300 independent mediator/outcome draws",0.005913232843972232,-0.015835036691381768,0.027661502379326235,"0.006 (-0.016, 0.028)",1.224940316673132e-4,6.024147297053926e-7,1.2312656713350386e-4,719925.2079952582,20,-,-,positive; interval includes 0
fixed_context,Fixed-context-adjusted decomposition with imputed maternal baseline,Primary,TE-JMAES-H1-MLC,6-12 years,Stricter restricted (>=3 complete occasions),"Low Maternal Absence, Higher SES","Low Maternal Absence, Improving SES","Low Maternal Absence, Improving SES vs Low Maternal Absence, Higher SES",Comparator minus reference,higher,Base mediator,FDSC,Food insecurity,Direct effect,1380,9338,"Rubin pooled over 20 imputations; cluster-robust coefficient simulation, 300 independent mediator/outcome draws",0.004446930726768238,-0.016444982057078148,0.025338843510614623,"0.004 (-0.016, 0.025)",1.1309142792807854e-4,5.044581257768983e-7,1.1362110896014428e-4,874264.4241138634,20,-,-,positive; interval includes 0
fixed_context,Fixed-context-adjusted decomposition with imputed maternal baseline,Primary,TE-JMAES-H1-MLC,6-12 years,Stricter restricted (>=3 complete occasions),"Low Maternal Absence, Higher SES","Low Maternal Absence, Improving SES","Low Maternal Absence, Improving SES vs Low Maternal Absence, Higher SES",Comparator minus reference,higher,Base mediator,FDSC,Food insecurity,Indirect effect,1380,9338,"Rubin pooled over 20 imputations; cluster-robust coefficient simulation, 300 independent mediator/outcome draws",6.399935946042121e-4,-0.0016286512858369158,0.0029086384750453397,"0.001 (-0.002, 0.003)",1.3356335468473238e-6,3.958893779297929e-9,1.3397903853155867e-6,Inf,20,-,-,positive; interval includes 0
fixed_context,Fixed-context-adjusted decomposition with imputed maternal baseline,Primary,TE-JMAES-H1-MLC,6-12 years,Stricter restricted (>=3 complete occasions),"Low Maternal Absence, Higher SES","Low Maternal Absence, Improving SES","Low Maternal Absence, Improving SES vs Low Maternal Absence, Higher SES",Comparator minus reference,higher,Base mediator,FDSC,Food insecurity,Total effect,1380,9338,"Rubin pooled over 20 imputations; cluster-robust coefficient simulation, 300 independent mediator/outcome draws",0.005086924321372449,-0.016148657680801617,0.026322506323546515,"0.005 (-0.016, 0.026)",1.1686966556255896e-4,4.955474919664647e-7,1.1738999042912375e-4,967089.2868626328,20,-,-,positive; interval includes 0
fixed_context,Fixed-context-adjusted decomposition with imputed maternal baseline,Primary,TE-JMAES-H1-MLC,6-12 years,Stricter restricted (>=3 complete occasions),"Low Maternal Absence, Higher SES","Low Maternal Absence, Improving SES","Low Maternal Absence, Improving SES vs Low Maternal Absence, Higher SES",Comparator minus reference,higher,Base mediator,VLNC,Violence exposure,Direct effect,1380,9338,"Rubin pooled over 20 imputations; cluster-robust coefficient simulation, 300 independent mediator/outcome draws",0.0064732431165402966,-0.015377049169911875,0.02832353540299247,"0.006 (-0.015, 0.028)",1.2372780536097375e-4,5.302506953701849e-7,1.2428456859111246e-4,946775.318303816,20,-,-,positive; interval includes 0
fixed_context,Fixed-context-adjusted decomposition with imputed maternal baseline,Primary,TE-JMAES-H1-MLC,6-12 years,Stricter restricted (>=3 complete occasions),"Low Maternal Absence, Higher SES","Low Maternal Absence, Improving SES","Low Maternal Absence, Improving SES vs Low Maternal Absence, Higher SES",Comparator minus reference,higher,Base mediator,VLNC,Violence exposure,Indirect effect,1380,9338,"Rubin pooled over 20 imputations; cluster-robust coefficient simulation, 300 independent mediator/outcome draws",-4.091514355008756e-4,-0.0018020834560584266,9.837805850566755e-4,"-0.000 (-0.002, 0.001)",5.034675830969886e-7,1.5395009237270145e-9,5.05084059066902e-7,Inf,20,-,-,negative; interval includes 0
fixed_context,Fixed-context-adjusted decomposition with imputed maternal baseline,Primary,TE-JMAES-H1-MLC,6-12 years,Stricter restricted (>=3 complete occasions),"Low Maternal Absence, Higher SES","Low Maternal Absence, Improving SES","Low Maternal Absence, Improving SES vs Low Maternal Absence, Higher SES",Comparator minus reference,higher,Base mediator,VLNC,Violence exposure,Total effect,1380,9338,"Rubin pooled over 20 imputations; cluster-robust coefficient simulation, 300 independent mediator/outcome draws",0.006064091681039422,-0.01573930274668032,0.027867486108759165,"0.006 (-0.016, 0.028)",1.232092127492663e-4,5.16601311612506e-7,1.2375164412645943e-4,988930.9044125302,20,-,-,positive; interval includes 0
fixed_context,Fixed-context-adjusted decomposition with imputed maternal baseline,Primary,TE-JMAES-H1-MLC,6-12 years,Stricter restricted (>=3 complete occasions),"Low Maternal Absence, Higher SES","Low Maternal Absence, Improving SES","Low Maternal Absence, Improving SES vs Low Maternal Absence, Higher SES",Comparator minus reference,higher,Extension mediator,DNKA,Alcohol use,Direct effect,1380,9338,"Rubin pooled over 20 imputations; cluster-robust coefficient simulation, 300 independent mediator/outcome draws",0.005557019170404841,-0.01614858368833416,0.027262622029143847,"0.006 (-0.016, 0.027)",1.2208457645632498e-4,5.328019004876462e-7,1.2264401845183702e-4,913137.5787840631,20,-,-,positive; interval includes 0
fixed_context,Fixed-context-adjusted decomposition with imputed maternal baseline,Primary,TE-JMAES-H1-MLC,6-12 years,Stricter restricted (>=3 complete occasions),"Low Maternal Absence, Higher SES","Low Maternal Absence, Improving SES","Low Maternal Absence, Improving SES vs Low Maternal Absence, Higher SES",Comparator minus reference,higher,Extension mediator,DNKA,Alcohol use,Indirect effect,1380,9338,"Rubin pooled over 20 imputations; cluster-robust coefficient simulation, 300 independent mediator/outcome draws",-9.298343110466372e-6,-7.164981102035033e-4,6.979014239825705e-4,"-0.000 (-0.001, 0.001)",1.3013168149107518e-7,5.851320250807806e-11,1.3019312035370867e-7,Inf,20,-,-,negative; interval includes 0
fixed_context,Fixed-context-adjusted decomposition with imputed maternal baseline,Primary,TE-JMAES-H1-MLC,6-12 years,Stricter restricted (>=3 complete occasions),"Low Maternal Absence, Higher SES","Low Maternal Absence, Improving SES","Low Maternal Absence, Improving SES vs Low Maternal Absence, Higher SES",Comparator minus reference,higher,Extension mediator,DNKA,Alcohol use,Total effect,1380,9338,"Rubin pooled over 20 imputations; cluster-robust coefficient simulation, 300 independent mediator/outcome draws",0.005547720827294376,-0.016272977787951393,0.02736841944254015,"0.006 (-0.016, 0.027)",1.2339472938921955e-4,5.270584715366171e-7,1.23948140784333e-4,953097.740221059,20,-,-,positive; interval includes 0
fixed_context,Fixed-context-adjusted decomposition with imputed maternal baseline,Primary,TE-JMAES-H1-MLC,6-12 years,Stricter restricted (>=3 complete occasions),"Low Maternal Absence, Higher SES","Low Maternal Absence, Improving SES","Low Maternal Absence, Improving SES vs Low Maternal Absence, Higher SES",Comparator minus reference,higher,Extension mediator,GOVG,Lack of government grant receipt,Direct effect,1380,9338,"Rubin pooled over 20 imputations; cluster-robust coefficient simulation, 300 independent mediator/outcome draws",0.005860091118853563,-0.016560447451436873,0.028280629689144,"0.006 (-0.017, 0.028)",1.302848070532969e-4,5.443385157881578e-7,1.3085636249487447e-4,995924.8312343652,20,-,-,positive; interval includes 0
fixed_context,Fixed-context-adjusted decomposition with imputed maternal baseline,Primary,TE-JMAES-H1-MLC,6-12 years,Stricter restricted (>=3 complete occasions),"Low Maternal Absence, Higher SES","Low Maternal Absence, Improving SES","Low Maternal Absence, Improving SES vs Low Maternal Absence, Higher SES",Comparator minus reference,higher,Extension mediator,GOVG,Lack of government grant receipt,Indirect effect,1380,9338,"Rubin pooled over 20 imputations; cluster-robust coefficient simulation, 300 independent mediator/outcome draws",-4.796112151598279e-4,-0.001956024927685602,9.968024973659464e-4,"-0.000 (-0.002, 0.001)",5.658941308012914e-7,1.4722705904613923e-9,5.674400149212759e-7,Inf,20,-,-,negative; interval includes 0
fixed_context,Fixed-context-adjusted decomposition with imputed maternal baseline,Primary,TE-JMAES-H1-MLC,6-12 years,Stricter restricted (>=3 complete occasions),"Low Maternal Absence, Higher SES","Low Maternal Absence, Improving SES","Low Maternal Absence, Improving SES vs Low Maternal Absence, Higher SES",Comparator minus reference,higher,Extension mediator,GOVG,Lack of government grant receipt,Total effect,1380,9338,"Rubin pooled over 20 imputations; cluster-robust coefficient simulation, 300 independent mediator/outcome draws",0.005380479903693735,-0.016561198064435727,0.027322157871823197,"0.005 (-0.017, 0.027)",1.2474663884058464e-4,5.520828292584106e-7,1.2532632581130598e-4,888078.0541242197,20,-,-,positive; interval includes 0
fixed_context,Fixed-context-adjusted decomposition with imputed maternal baseline,Primary,TE-JMAES-H1-MLC,6-12 years,Stricter restricted (>=3 complete occasions),"Low Maternal Absence, Higher SES","Low Maternal Absence, Improving SES","Low Maternal Absence, Improving SES vs Low Maternal Absence, Higher SES",Comparator minus reference,higher,Extension mediator,SCHL,School disengagement,Direct effect,1380,9338,"Rubin pooled over 20 imputations; cluster-robust coefficient simulation, 300 independent mediator/outcome draws",0.005963644177017445,-0.016071864952378702,0.027999153306413595,"0.006 (-0.016, 0.028)",1.258080679514538e-4,5.642180100172469e-7,1.264004968619719e-4,864925.4482063273,20,-,-,positive; interval includes 0
fixed_context,Fixed-context-adjusted decomposition with imputed maternal baseline,Primary,TE-JMAES-H1-MLC,6-12 years,Stricter restricted (>=3 complete occasions),"Low Maternal Absence, Higher SES","Low Maternal Absence, Improving SES","Low Maternal Absence, Improving SES vs Low Maternal Absence, Higher SES",Comparator minus reference,higher,Extension mediator,SCHL,School disengagement,Indirect effect,1380,9338,"Rubin pooled over 20 imputations; cluster-robust coefficient simulation, 300 independent mediator/outcome draws",-2.6212117175913906e-4,-0.0015295500851256268,0.0010053077416073484,"-0.000 (-0.002, 0.001)",4.16639755805561e-7,1.4556933707448907e-9,4.1816823384484314e-7,Inf,20,-,-,negative; interval includes 0
fixed_context,Fixed-context-adjusted decomposition with imputed maternal baseline,Primary,TE-JMAES-H1-MLC,6-12 years,Stricter restricted (>=3 complete occasions),"Low Maternal Absence, Higher SES","Low Maternal Absence, Improving SES","Low Maternal Absence, Improving SES vs Low Maternal Absence, Higher SES",Comparator minus reference,higher,Extension mediator,SCHL,School disengagement,Total effect,1380,9338,"Rubin pooled over 20 imputations; cluster-robust coefficient simulation, 300 independent mediator/outcome draws",0.005701523005258307,-0.016243911770420463,0.02764695778093708,"0.006 (-0.016, 0.028)",1.247924319847481e-4,5.493498309053791e-7,1.2536924930719876e-4,897550.8514155312,20,-,-,positive; interval includes 0
fixed_context,Fixed-context-adjusted decomposition with imputed maternal baseline,Primary,TE-JMAES-H1-MLC,6-12 years,Stricter restricted (>=3 complete occasions),"Low Maternal Absence, Higher SES","Low Maternal Absence, Improving SES","Low Maternal Absence, Improving SES vs Low Maternal Absence, Higher SES",Comparator minus reference,higher,Extension mediator,SCSP,Low social support,Direct effect,1380,9338,"Rubin pooled over 20 imputations; cluster-robust coefficient simulation, 300 independent mediator/outcome draws",0.005153872244318566,-0.016328098301186936,0.026635842789824067,"0.005 (-0.016, 0.027)",1.1961064378047168e-4,4.945039845731879e-7,1.2012987296427353e-4,1017038.627035417,20,-,-,positive; interval includes 0
fixed_context,Fixed-context-adjusted decomposition with imputed maternal baseline,Primary,TE-JMAES-H1-MLC,6-12 years,Stricter restricted (>=3 complete occasions),"Low Maternal Absence, Higher SES","Low Maternal Absence, Improving SES","Low Maternal Absence, Improving SES vs Low Maternal Absence, Higher SES",Comparator minus reference,higher,Extension mediator,SCSP,Low social support,Indirect effect,1380,9338,"Rubin pooled over 20 imputations; cluster-robust coefficient simulation, 300 independent mediator/outcome draws",2.3934260102248945e-4,-9.957826517988078e-4,0.0014744678538437866,"0.000 (-0.001, 0.001)",3.9685472548449437e-7,2.561785728631193e-10,3.9712371298600063e-7,Inf,20,-,-,positive; interval includes 0
fixed_context,Fixed-context-adjusted decomposition with imputed maternal baseline,Primary,TE-JMAES-H1-MLC,6-12 years,Stricter restricted (>=3 complete occasions),"Low Maternal Absence, Higher SES","Low Maternal Absence, Improving SES","Low Maternal Absence, Improving SES vs Low Maternal Absence, Higher SES",Comparator minus reference,higher,Extension mediator,SCSP,Low social support,Total effect,1380,9338,"Rubin pooled over 20 imputations; cluster-robust coefficient simulation, 300 independent mediator/outcome draws",0.005393214845341055,-0.01617712201673394,0.026963551707416048,"0.005 (-0.016, 0.027)",1.2060107367849442e-4,4.944265040499072e-7,1.2112022150774683e-4,1034200.7037077779,20,-,-,positive; interval includes 0
fixed_context,Fixed-context-adjusted decomposition with imputed maternal baseline,Primary,TE-JMAES-H1-MLC,6-12 years,Stricter restricted (>=3 complete occasions),"Low Maternal Absence, Higher SES","Low Maternal Absence, Low SES","Low Maternal Absence, Low SES vs Low Maternal Absence, Higher SES",Comparator minus reference,higher,Base mediator,ESXC,Ever had sexual intercourse,Direct effect,1364,9229,"Rubin pooled over 20 imputations; cluster-robust coefficient simulation, 300 independent mediator/outcome draws",0.0059064473400068426,-0.026039923821379346,0.037852818501393035,"0.006 (-0.026, 0.038)",2.636443614173801e-4,1.929849267336334e-6,2.656707031480833e-4,326599.52930579276,20,-,-,positive; interval includes 0
fixed_context,Fixed-context-adjusted decomposition with imputed maternal baseline,Primary,TE-JMAES-H1-MLC,6-12 years,Stricter restricted (>=3 complete occasions),"Low Maternal Absence, Higher SES","Low Maternal Absence, Low SES","Low Maternal Absence, Low SES vs Low Maternal Absence, Higher SES",Comparator minus reference,higher,Base mediator,ESXC,Ever had sexual intercourse,Indirect effect,1364,9229,"Rubin pooled over 20 imputations; cluster-robust coefficient simulation, 300 independent mediator/outcome draws",-4.221486529086108e-4,-0.0029720451985074804,0.002127747892690259,"-0.000 (-0.003, 0.002)",1.6866303234509545e-6,5.6653725162201104e-09,1.6925789645929856e-6,Inf,20,-,-,negative; interval includes 0
fixed_context,Fixed-context-adjusted decomposition with imputed maternal baseline,Primary,TE-JMAES-H1-MLC,6-12 years,Stricter restricted (>=3 complete occasions),"Low Maternal Absence, Higher SES","Low Maternal Absence, Low SES","Low Maternal Absence, Low SES vs Low Maternal Absence, Higher SES",Comparator minus reference,higher,Base mediator,ESXC,Ever had sexual intercourse,Total effect,1364,9229,"Rubin pooled over 20 imputations; cluster-robust coefficient simulation, 300 independent mediator/outcome draws",0.005484298687098233,-0.025860737980807028,0.03682933535500349,"0.005 (-0.026, 0.037)",2.5367150615074454e-4,1.9918792483946166e-6,2.557629793615589e-4,284134.7510662268,20,-,-,positive; interval includes 0
fixed_context,Fixed-context-adjusted decomposition with imputed maternal baseline,Primary,TE-JMAES-H1-MLC,6-12 years,Stricter restricted (>=3 complete occasions),"Low Maternal Absence, Higher SES","Low Maternal Absence, Low SES","Low Maternal Absence, Low SES vs Low Maternal Absence, Higher SES",Comparator minus reference,higher,Base mediator,FDSC,Food insecurity,Direct effect,1380,9338,"Rubin pooled over 20 imputations; cluster-robust coefficient simulation, 300 independent mediator/outcome draws",0.0029514575903502737,-0.026536197972235845,0.03243911315293639,"0.003 (-0.027, 0.032)",2.2484829163508507e-4,1.430879158407837e-6,2.263507147514133e-4,431253.69315627613,20,-,-,positive; interval includes 0
fixed_context,Fixed-context-adjusted decomposition with imputed maternal baseline,Primary,TE-JMAES-H1-MLC,6-12 years,Stricter restricted (>=3 complete occasions),"Low Maternal Absence, Higher SES","Low Maternal Absence, Low SES","Low Maternal Absence, Low SES vs Low Maternal Absence, Higher SES",Comparator minus reference,higher,Base mediator,FDSC,Food insecurity,Indirect effect,1380,9338,"Rubin pooled over 20 imputations; cluster-robust coefficient simulation, 300 independent mediator/outcome draws",0.0019157637334354975,-0.002294290721511498,0.006125818188382493,"0.002 (-0.002, 0.006)",4.591302704178824e-6,2.161965864926667e-8,4.614003345760554e-6,784934.0116959794,20,-,-,positive; interval includes 0
fixed_context,Fixed-context-adjusted decomposition with imputed maternal baseline,Primary,TE-JMAES-H1-MLC,6-12 years,Stricter restricted (>=3 complete occasions),"Low Maternal Absence, Higher SES","Low Maternal Absence, Low SES","Low Maternal Absence, Low SES vs Low Maternal Absence, Higher SES",Comparator minus reference,higher,Base mediator,FDSC,Food insecurity,Total effect,1380,9338,"Rubin pooled over 20 imputations; cluster-robust coefficient simulation, 300 independent mediator/outcome draws",0.004867221323785777,-0.02659755863848005,0.0363320012860516,"0.005 (-0.027, 0.036)",2.5607437458817863e-4,1.5688632438637778e-6,2.577216809942356e-4,465057.59039582347,20,-,-,positive; interval includes 0
fixed_context,Fixed-context-adjusted decomposition with imputed maternal baseline,Primary,TE-JMAES-H1-MLC,6-12 years,Stricter restricted (>=3 complete occasions),"Low Maternal Absence, Higher SES","Low Maternal Absence, Low SES","Low Maternal Absence, Low SES vs Low Maternal Absence, Higher SES",Comparator minus reference,higher,Base mediator,VLNC,Violence exposure,Direct effect,1380,9338,"Rubin pooled over 20 imputations; cluster-robust coefficient simulation, 300 independent mediator/outcome draws",0.005032822086737773,-0.02663891172896637,0.03670455590244192,"0.005 (-0.027, 0.037)",2.594589893303482e-4,1.5848417122055221e-6,2.61123073128164e-4,467836.0812659884,20,-,-,positive; interval includes 0
fixed_context,Fixed-context-adjusted decomposition with imputed maternal baseline,Primary,TE-JMAES-H1-MLC,6-12 years,Stricter restricted (>=3 complete occasions),"Low Maternal Absence, Higher SES","Low Maternal Absence, Low SES","Low Maternal Absence, Low SES vs Low Maternal Absence, Higher SES",Comparator minus reference,higher,Base mediator,VLNC,Violence exposure,Indirect effect,1380,9338,"Rubin pooled over 20 imputations; cluster-robust coefficient simulation, 300 independent mediator/outcome draws",-3.1264510097496045e-4,-0.002242376899834759,0.0016170866978848382,"-0.000 (-0.002, 0.002)",9.630404093714043e-7,6.045505950240047e-9,9.693881906191564e-7,Inf,20,-,-,negative; interval includes 0
fixed_context,Fixed-context-adjusted decomposition with imputed maternal baseline,Primary,TE-JMAES-H1-MLC,6-12 years,Stricter restricted (>=3 complete occasions),"Low Maternal Absence, Higher SES","Low Maternal Absence, Low SES","Low Maternal Absence, Low SES vs Low Maternal Absence, Higher SES",Comparator minus reference,higher,Base mediator,VLNC,Violence exposure,Total effect,1380,9338,"Rubin pooled over 20 imputations; cluster-robust coefficient simulation, 300 independent mediator/outcome draws",0.004720176985762815,-0.026696592502122172,0.036136946473647805,"0.005 (-0.027, 0.036)",2.5535172869004257e-4,1.5087210122752985e-6,2.5693588575293163e-4,499811.97389629635,20,-,-,positive; interval includes 0
fixed_context,Fixed-context-adjusted decomposition with imputed maternal baseline,Primary,TE-JMAES-H1-MLC,6-12 years,Stricter restricted (>=3 complete occasions),"Low Maternal Absence, Higher SES","Low Maternal Absence, Low SES","Low Maternal Absence, Low SES vs Low Maternal Absence, Higher SES",Comparator minus reference,higher,Extension mediator,DNKA,Alcohol use,Direct effect,1380,9338,"Rubin pooled over 20 imputations; cluster-robust coefficient simulation, 300 independent mediator/outcome draws",0.004240795773113465,-0.02693744346852367,0.0354190350147506,"0.004 (-0.027, 0.035)",2.514502203760493e-4,1.5227327227736536e-6,2.5304908973496163e-4,475923.5554789641,20,-,-,positive; interval includes 0
fixed_context,Fixed-context-adjusted decomposition with imputed maternal baseline,Primary,TE-JMAES-H1-MLC,6-12 years,Stricter restricted (>=3 complete occasions),"Low Maternal Absence, Higher SES","Low Maternal Absence, Low SES","Low Maternal Absence, Low SES vs Low Maternal Absence, Higher SES",Comparator minus reference,higher,Extension mediator,DNKA,Alcohol use,Indirect effect,1380,9338,"Rubin pooled over 20 imputations; cluster-robust coefficient simulation, 300 independent mediator/outcome draws",-1.5565037259301917e-5,-0.0011718694689901203,0.0011407393944715164,"-0.000 (-0.001, 0.001)",3.478659755678595e-7,1.802684641558995e-10,3.4805525745522315e-7,Inf,20,-,-,negative; interval includes 0
fixed_context,Fixed-context-adjusted decomposition with imputed maternal baseline,Primary,TE-JMAES-H1-MLC,6-12 years,Stricter restricted (>=3 complete occasions),"Low Maternal Absence, Higher SES","Low Maternal Absence, Low SES","Low Maternal Absence, Low SES vs Low Maternal Absence, Higher SES",Comparator minus reference,higher,Extension mediator,DNKA,Alcohol use,Total effect,1380,9338,"Rubin pooled over 20 imputations; cluster-robust coefficient simulation, 300 independent mediator/outcome draws",0.004225230735854166,-0.02680678136741965,0.035257242839127984,"0.004 (-0.027, 0.035)",2.490986582533778e-4,1.507028801748453e-6,2.506810384952137e-4,476842.403394337,20,-,-,positive; interval includes 0
fixed_context,Fixed-context-adjusted decomposition with imputed maternal baseline,Primary,TE-JMAES-H1-MLC,6-12 years,Stricter restricted (>=3 complete occasions),"Low Maternal Absence, Higher SES","Low Maternal Absence, Low SES","Low Maternal Absence, Low SES vs Low Maternal Absence, Higher SES",Comparator minus reference,higher,Extension mediator,GOVG,Lack of government grant receipt,Direct effect,1380,9338,"Rubin pooled over 20 imputations; cluster-robust coefficient simulation, 300 independent mediator/outcome draws",0.004632568424338719,-0.027216385538183445,0.036481522386860886,"0.005 (-0.027, 0.036)",2.624018334843202e-4,1.573056664378715e-6,2.640535429819178e-4,485590.595382155,20,-,-,positive; interval includes 0
fixed_context,Fixed-context-adjusted decomposition with imputed maternal baseline,Primary,TE-JMAES-H1-MLC,6-12 years,Stricter restricted (>=3 complete occasions),"Low Maternal Absence, Higher SES","Low Maternal Absence, Low SES","Low Maternal Absence, Low SES vs Low Maternal Absence, Higher SES",Comparator minus reference,higher,Extension mediator,GOVG,Lack of government grant receipt,Indirect effect,1380,9338,"Rubin pooled over 20 imputations; cluster-robust coefficient simulation, 300 independent mediator/outcome draws",-6.25332912451417e-4,-0.0029200400460949517,0.0016693742211921175,"-0.001 (-0.003, 0.002)",1.3643635129694603e-6,6.082653890955742e-9,1.3707502995549638e-6,Inf,20,-,-,negative; interval includes 0
fixed_context,Fixed-context-adjusted decomposition with imputed maternal baseline,Primary,TE-JMAES-H1-MLC,6-12 years,Stricter restricted (>=3 complete occasions),"Low Maternal Absence, Higher SES","Low Maternal Absence, Low SES","Low Maternal Absence, Low SES vs Low Maternal Absence, Higher SES",Comparator minus reference,higher,Extension mediator,GOVG,Lack of government grant receipt,Total effect,1380,9338,"Rubin pooled over 20 imputations; cluster-robust coefficient simulation, 300 independent mediator/outcome draws",0.004007235511887301,-0.026698175735897566,0.03471264675967217,"0.004 (-0.027, 0.035)",2.4381894891747124e-4,1.5362811902222186e-6,2.454320441672046e-4,439841.4006929593,20,-,-,positive; interval includes 0
fixed_context,Fixed-context-adjusted decomposition with imputed maternal baseline,Primary,TE-JMAES-H1-MLC,6-12 years,Stricter restricted (>=3 complete occasions),"Low Maternal Absence, Higher SES","Low Maternal Absence, Low SES","Low Maternal Absence, Low SES vs Low Maternal Absence, Higher SES",Comparator minus reference,higher,Extension mediator,SCHL,School disengagement,Direct effect,1380,9338,"Rubin pooled over 20 imputations; cluster-robust coefficient simulation, 300 independent mediator/outcome draws",0.004552491854358566,-0.027914617047589078,0.03701960075630621,"0.005 (-0.028, 0.037)",2.7271920957365367e-4,1.6036789564305228e-6,2.744030724779057e-4,504566.11535573273,20,-,-,positive; interval includes 0
fixed_context,Fixed-context-adjusted decomposition with imputed maternal baseline,Primary,TE-JMAES-H1-MLC,6-12 years,Stricter restricted (>=3 complete occasions),"Low Maternal Absence, Higher SES","Low Maternal Absence, Low SES","Low Maternal Absence, Low SES vs Low Maternal Absence, Higher SES",Comparator minus reference,higher,Extension mediator,SCHL,School disengagement,Indirect effect,1380,9338,"Rubin pooled over 20 imputations; cluster-robust coefficient simulation, 300 independent mediator/outcome draws",-1.3802580102561195e-4,-0.0016361046052992053,0.0013600530032479815,"-0.000 (-0.002, 0.001)",5.800257981836818e-7,3.990271082939851e-9,5.842155828207686e-7,Inf,20,-,-,negative; interval includes 0
fixed_context,Fixed-context-adjusted decomposition with imputed maternal baseline,Primary,TE-JMAES-H1-MLC,6-12 years,Stricter restricted (>=3 complete occasions),"Low Maternal Absence, Higher SES","Low Maternal Absence, Low SES","Low Maternal Absence, Low SES vs Low Maternal Absence, Higher SES",Comparator minus reference,higher,Extension mediator,SCHL,School disengagement,Total effect,1380,9338,"Rubin pooled over 20 imputations; cluster-robust coefficient simulation, 300 independent mediator/outcome draws",0.004414466053332954,-0.027932798990790562,0.03676173109745647,"0.004 (-0.028, 0.037)",2.707619202455303e-4,1.5420922339617436e-6,2.7238111709119013e-4,537660.7036492032,20,-,-,positive; interval includes 0
fixed_context,Fixed-context-adjusted decomposition with imputed maternal baseline,Primary,TE-JMAES-H1-MLC,6-12 years,Stricter restricted (>=3 complete occasions),"Low Maternal Absence, Higher SES","Low Maternal Absence, Low SES","Low Maternal Absence, Low SES vs Low Maternal Absence, Higher SES",Comparator minus reference,higher,Extension mediator,SCSP,Low social support,Direct effect,1380,9338,"Rubin pooled over 20 imputations; cluster-robust coefficient simulation, 300 independent mediator/outcome draws",0.0038058004471882498,-0.027336110054737798,0.034947710949114294,"0.004 (-0.027, 0.035)",2.508676915898703e-4,1.5162318512649587e-6,2.524597350336985e-4,477780.0546993027,20,-,-,positive; interval includes 0
fixed_context,Fixed-context-adjusted decomposition with imputed maternal baseline,Primary,TE-JMAES-H1-MLC,6-12 years,Stricter restricted (>=3 complete occasions),"Low Maternal Absence, Higher SES","Low Maternal Absence, Low SES","Low Maternal Absence, Low SES vs Low Maternal Absence, Higher SES",Comparator minus reference,higher,Extension mediator,SCSP,Low social support,Indirect effect,1380,9338,"Rubin pooled over 20 imputations; cluster-robust coefficient simulation, 300 independent mediator/outcome draws",7.022434666380138e-4,-0.0016443263422718218,0.0030488132755478493,"0.001 (-0.002, 0.003)",1.430620061496641e-6,2.6581701650733903e-9,1.433411140169968e-6,Inf,20,-,-,positive; interval includes 0
fixed_context,Fixed-context-adjusted decomposition with imputed maternal baseline,Primary,TE-JMAES-H1-MLC,6-12 years,Stricter restricted (>=3 complete occasions),"Low Maternal Absence, Higher SES","Low Maternal Absence, Low SES","Low Maternal Absence, Low SES vs Low Maternal Absence, Higher SES",Comparator minus reference,higher,Extension mediator,SCSP,Low social support,Total effect,1380,9338,"Rubin pooled over 20 imputations; cluster-robust coefficient simulation, 300 independent mediator/outcome draws",0.0045080439138262636,-0.026963714730973722,0.03597980255862625,"0.005 (-0.027, 0.036)",2.5616124396379126e-4,1.5949789074823245e-6,2.578359718166477e-4,450352.03503744607,20,-,-,positive; interval includes 0
fixed_context,Fixed-context-adjusted decomposition with imputed maternal baseline,Primary,TE-JMAES-H1-MLC,6-12 years,Stricter restricted (>=3 complete occasions),"Low Maternal Absence, Higher SES","Rising Maternal Absence, Improving SES","Rising Maternal Absence, Improving SES vs Low Maternal Absence, Higher SES",Comparator minus reference,higher,Base mediator,ESXC,Ever had sexual intercourse,Direct effect,1364,9229,"Rubin pooled over 20 imputations; cluster-robust coefficient simulation, 300 independent mediator/outcome draws",0.04195030302661735,-0.009756026480990602,0.09365663253422529,"0.042 (-0.010, 0.094)",6.926253881859515e-4,3.1844900620182327e-6,6.959691027510706e-4,823142.6913439452,20,-,-,positive; interval includes 0
fixed_context,Fixed-context-adjusted decomposition with imputed maternal baseline,Primary,TE-JMAES-H1-MLC,6-12 years,Stricter restricted (>=3 complete occasions),"Low Maternal Absence, Higher SES","Rising Maternal Absence, Improving SES","Rising Maternal Absence, Improving SES vs Low Maternal Absence, Higher SES",Comparator minus reference,higher,Base mediator,ESXC,Ever had sexual intercourse,Indirect effect,1364,9229,"Rubin pooled over 20 imputations; cluster-robust coefficient simulation, 300 independent mediator/outcome draws",-2.831787748826954e-4,-0.005188387228935003,0.004622029679169612,"-0.000 (-0.005, 0.005)",6.2393997501625804e-6,2.2964326434608973e-8,6.26351229291892e-6,1282045.5267549,20,-,-,negative; interval includes 0
fixed_context,Fixed-context-adjusted decomposition with imputed maternal baseline,Primary,TE-JMAES-H1-MLC,6-12 years,Stricter restricted (>=3 complete occasions),"Low Maternal Absence, Higher SES","Rising Maternal Absence, Improving SES","Rising Maternal Absence, Improving SES vs Low Maternal Absence, Higher SES",Comparator minus reference,higher,Base mediator,ESXC,Ever had sexual intercourse,Total effect,1364,9229,"Rubin pooled over 20 imputations; cluster-robust coefficient simulation, 300 independent mediator/outcome draws",0.041667124251734654,-0.01010805554514256,0.09344230404861187,"0.042 (-0.010, 0.093)",6.946431938075493e-4,3.029335970037813e-6,6.97823996576089e-4,914475.1723382638,20,-,-,positive; interval includes 0
fixed_context,Fixed-context-adjusted decomposition with imputed maternal baseline,Primary,TE-JMAES-H1-MLC,6-12 years,Stricter restricted (>=3 complete occasions),"Low Maternal Absence, Higher SES","Rising Maternal Absence, Improving SES","Rising Maternal Absence, Improving SES vs Low Maternal Absence, Higher SES",Comparator minus reference,higher,Base mediator,FDSC,Food insecurity,Direct effect,1380,9338,"Rubin pooled over 20 imputations; cluster-robust coefficient simulation, 300 independent mediator/outcome draws",0.03910335846096331,-0.012423801394026185,0.0906305183159528,"0.039 (-0.012, 0.091)",6.890273940651553e-4,2.0266693994289193e-6,6.911553969345557e-4,2004290.1385525605,20,-,-,positive; interval includes 0
fixed_context,Fixed-context-adjusted decomposition with imputed maternal baseline,Primary,TE-JMAES-H1-MLC,6-12 years,Stricter restricted (>=3 complete occasions),"Low Maternal Absence, Higher SES","Rising Maternal Absence, Improving SES","Rising Maternal Absence, Improving SES vs Low Maternal Absence, Higher SES",Comparator minus reference,higher,Base mediator,FDSC,Food insecurity,Indirect effect,1380,9338,"Rubin pooled over 20 imputations; cluster-robust coefficient simulation, 300 independent mediator/outcome draws",0.004319239799685784,-0.004960005784093393,0.01359848538346496,"0.004 (-0.005, 0.014)",2.2346191783037892e-5,6.503512683824542e-8,2.241447866621805e-5,2047087.0170971788,20,0.09946986068772426,9.9%,positive; interval includes 0
fixed_context,Fixed-context-adjusted decomposition with imputed maternal baseline,Primary,TE-JMAES-H1-MLC,6-12 years,Stricter restricted (>=3 complete occasions),"Low Maternal Absence, Higher SES","Rising Maternal Absence, Improving SES","Rising Maternal Absence, Improving SES vs Low Maternal Absence, Higher SES",Comparator minus reference,higher,Base mediator,FDSC,Food insecurity,Total effect,1380,9338,"Rubin pooled over 20 imputations; cluster-robust coefficient simulation, 300 independent mediator/outcome draws",0.0434225982606491,-0.01071353552113135,0.09755873204242954,"0.043 (-0.011, 0.098)",7.607936487367688e-4,2.0231929601208867e-6,7.629180013448957e-4,2450507.9578528907,20,-,-,positive; interval includes 0
fixed_context,Fixed-context-adjusted decomposition with imputed maternal baseline,Primary,TE-JMAES-H1-MLC,6-12 years,Stricter restricted (>=3 complete occasions),"Low Maternal Absence, Higher SES","Rising Maternal Absence, Improving SES","Rising Maternal Absence, Improving SES vs Low Maternal Absence, Higher SES",Comparator minus reference,higher,Base mediator,VLNC,Violence exposure,Direct effect,1380,9338,"Rubin pooled over 20 imputations; cluster-robust coefficient simulation, 300 independent mediator/outcome draws",0.04425617396469006,-0.010345654596105515,0.09885800252548563,"0.044 (-0.010, 0.099)",7.728670525598184e-4,3.0782298603711016e-6,7.76099193913208e-4,1095487.367895615,20,-,-,positive; interval includes 0
fixed_context,Fixed-context-adjusted decomposition with imputed maternal baseline,Primary,TE-JMAES-H1-MLC,6-12 years,Stricter restricted (>=3 complete occasions),"Low Maternal Absence, Higher SES","Rising Maternal Absence, Improving SES","Rising Maternal Absence, Improving SES vs Low Maternal Absence, Higher SES",Comparator minus reference,higher,Base mediator,VLNC,Violence exposure,Indirect effect,1380,9338,"Rubin pooled over 20 imputations; cluster-robust coefficient simulation, 300 independent mediator/outcome draws",-0.0024738374402455336,-0.008191567246072985,0.0032438923655819176,"-0.002 (-0.008, 0.003)",8.486973194914434e-6,2.2323982828594988e-8,8.510413376884458e-6,2504568.7324529393,20,-,-,negative; interval includes 0
fixed_context,Fixed-context-adjusted decomposition with imputed maternal baseline,Primary,TE-JMAES-H1-MLC,6-12 years,Stricter restricted (>=3 complete occasions),"Low Maternal Absence, Higher SES","Rising Maternal Absence, Improving SES","Rising Maternal Absence, Improving SES vs Low Maternal Absence, Higher SES",Comparator minus reference,higher,Base mediator,VLNC,Violence exposure,Total effect,1380,9338,"Rubin pooled over 20 imputations; cluster-robust coefficient simulation, 300 independent mediator/outcome draws",0.041782336524444526,-0.011788889758850271,0.09535356280773932,"0.042 (-0.012, 0.095)",7.440439602763567e-4,2.8897800760194995e-6,7.470782293561771e-4,1151801.340183415,20,-,-,positive; interval includes 0
fixed_context,Fixed-context-adjusted decomposition with imputed maternal baseline,Primary,TE-JMAES-H1-MLC,6-12 years,Stricter restricted (>=3 complete occasions),"Low Maternal Absence, Higher SES","Rising Maternal Absence, Improving SES","Rising Maternal Absence, Improving SES vs Low Maternal Absence, Higher SES",Comparator minus reference,higher,Extension mediator,DNKA,Alcohol use,Direct effect,1380,9338,"Rubin pooled over 20 imputations; cluster-robust coefficient simulation, 300 independent mediator/outcome draws",0.04176458135011511,-0.011405560432904582,0.09493472313313481,"0.042 (-0.011, 0.095)",7.330243555065594e-4,2.7706420013409295e-6,7.359335296079673e-4,1215881.7947264516,20,-,-,positive; interval includes 0
fixed_context,Fixed-context-adjusted decomposition with imputed maternal baseline,Primary,TE-JMAES-H1-MLC,6-12 years,Stricter restricted (>=3 complete occasions),"Low Maternal Absence, Higher SES","Rising Maternal Absence, Improving SES","Rising Maternal Absence, Improving SES vs Low Maternal Absence, Higher SES",Comparator minus reference,higher,Extension mediator,DNKA,Alcohol use,Indirect effect,1380,9338,"Rubin pooled over 20 imputations; cluster-robust coefficient simulation, 300 independent mediator/outcome draws",8.334806463788021e-5,-0.004198566417904976,0.004365262547180737,"0.000 (-0.004, 0.004)",4.769066672196191e-6,3.624218746098571e-9,4.772872101879594e-6,Inf,20,0.00199168909438317,0.2%,positive; interval includes 0
fixed_context,Fixed-context-adjusted decomposition with imputed maternal baseline,Primary,TE-JMAES-H1-MLC,6-12 years,Stricter restricted (>=3 complete occasions),"Low Maternal Absence, Higher SES","Rising Maternal Absence, Improving SES","Rising Maternal Absence, Improving SES vs Low Maternal Absence, Higher SES",Comparator minus reference,higher,Extension mediator,DNKA,Alcohol use,Total effect,1380,9338,"Rubin pooled over 20 imputations; cluster-robust coefficient simulation, 300 independent mediator/outcome draws",0.041847929414752995,-0.011574416101394425,0.09527027493090041,"0.042 (-0.012, 0.095)",7.398930312896183e-4,2.8938179996783268e-06,7.429315401892805e-4,1135874.0237931618,20,-,-,positive; interval includes 0
fixed_context,Fixed-context-adjusted decomposition with imputed maternal baseline,Primary,TE-JMAES-H1-MLC,6-12 years,Stricter restricted (>=3 complete occasions),"Low Maternal Absence, Higher SES","Rising Maternal Absence, Improving SES","Rising Maternal Absence, Improving SES vs Low Maternal Absence, Higher SES",Comparator minus reference,higher,Extension mediator,GOVG,Lack of government grant receipt,Direct effect,1380,9338,"Rubin pooled over 20 imputations; cluster-robust coefficient simulation, 300 independent mediator/outcome draws",0.04166804748091637,-0.010609253787486825,0.09394534874931956,"0.042 (-0.011, 0.094)",7.081117203213014e-4,3.1552157551230717e-6,7.114246968641806e-4,876142.5130186371,20,-,-,positive; interval includes 0
fixed_context,Fixed-context-adjusted decomposition with imputed maternal baseline,Primary,TE-JMAES-H1-MLC,6-12 years,Stricter restricted (>=3 complete occasions),"Low Maternal Absence, Higher SES","Rising Maternal Absence, Improving SES","Rising Maternal Absence, Improving SES vs Low Maternal Absence, Higher SES",Comparator minus reference,higher,Extension mediator,GOVG,Lack of government grant receipt,Indirect effect,1380,9338,"Rubin pooled over 20 imputations; cluster-robust coefficient simulation, 300 independent mediator/outcome draws",-1.7630784536719e-5,-0.0032231079240450777,0.00318784635497164,"-0.000 (-0.003, 0.003)",2.66875062581371e-6,5.748822995685123e-9,2.6747868899591792e-6,Inf,20,-,-,negative; interval includes 0
fixed_context,Fixed-context-adjusted decomposition with imputed maternal baseline,Primary,TE-JMAES-H1-MLC,6-12 years,Stricter restricted (>=3 complete occasions),"Low Maternal Absence, Higher SES","Rising Maternal Absence, Improving SES","Rising Maternal Absence, Improving SES vs Low Maternal Absence, Higher SES",Comparator minus reference,higher,Extension mediator,GOVG,Lack of government grant receipt,Total effect,1380,9338,"Rubin pooled over 20 imputations; cluster-robust coefficient simulation, 300 independent mediator/outcome draws",0.041650416696379644,-0.010610060022422922,0.09391089341518222,"0.042 (-0.011, 0.094)",7.076923076235936e-4,3.118653457204886e-6,7.109668937536587e-4,895652.4566710646,20,-,-,positive; interval includes 0
fixed_context,Fixed-context-adjusted decomposition with imputed maternal baseline,Primary,TE-JMAES-H1-MLC,6-12 years,Stricter restricted (>=3 complete occasions),"Low Maternal Absence, Higher SES","Rising Maternal Absence, Improving SES","Rising Maternal Absence, Improving SES vs Low Maternal Absence, Higher SES",Comparator minus reference,higher,Extension mediator,SCHL,School disengagement,Direct effect,1380,9338,"Rubin pooled over 20 imputations; cluster-robust coefficient simulation, 300 independent mediator/outcome draws",0.040315024426010544,-0.012058962547311917,0.092689011399333,"0.040 (-0.012, 0.093)",7.111068333635277e-4,2.811660041068049e-6,7.140590764066491e-4,1111521.0016403582,20,-,-,positive; interval includes 0
fixed_context,Fixed-context-adjusted decomposition with imputed maternal baseline,Primary,TE-JMAES-H1-MLC,6-12 years,Stricter restricted (>=3 complete occasions),"Low Maternal Absence, Higher SES","Rising Maternal Absence, Improving SES","Rising Maternal Absence, Improving SES vs Low Maternal Absence, Higher SES",Comparator minus reference,higher,Extension mediator,SCHL,School disengagement,Indirect effect,1380,9338,"Rubin pooled over 20 imputations; cluster-robust coefficient simulation, 300 independent mediator/outcome draws",6.903880180545108e-4,-0.0033326400324765154,0.004713416068585537,"0.001 (-0.003, 0.005)",4.207764196148268e-6,5.157219502314127e-9,4.213179276625698e-6,Inf,20,0.016836509546057123,1.7%,positive; interval includes 0
fixed_context,Fixed-context-adjusted decomposition with imputed maternal baseline,Primary,TE-JMAES-H1-MLC,6-12 years,Stricter restricted (>=3 complete occasions),"Low Maternal Absence, Higher SES","Rising Maternal Absence, Improving SES","Rising Maternal Absence, Improving SES vs Low Maternal Absence, Higher SES",Comparator minus reference,higher,Extension mediator,SCHL,School disengagement,Total effect,1380,9338,"Rubin pooled over 20 imputations; cluster-robust coefficient simulation, 300 independent mediator/outcome draws",0.041005412444065054,-0.011788292083495425,0.09379911697162553,"0.041 (-0.012, 0.094)",7.226885628207115e-4,2.7249967689029014e-6,7.255498094280595e-4,1221736.318273229,20,-,-,positive; interval includes 0
fixed_context,Fixed-context-adjusted decomposition with imputed maternal baseline,Primary,TE-JMAES-H1-MLC,6-12 years,Stricter restricted (>=3 complete occasions),"Low Maternal Absence, Higher SES","Rising Maternal Absence, Improving SES","Rising Maternal Absence, Improving SES vs Low Maternal Absence, Higher SES",Comparator minus reference,higher,Extension mediator,SCSP,Low social support,Direct effect,1380,9338,"Rubin pooled over 20 imputations; cluster-robust coefficient simulation, 300 independent mediator/outcome draws",0.042251577203743354,-0.01095681667427019,0.0954599710817569,"0.042 (-0.011, 0.095)",7.337898985034142e-4,3.050103555677907e-6,7.36992507236876e-4,1006171.4237948043,20,-,-,positive; interval includes 0
fixed_context,Fixed-context-adjusted decomposition with imputed maternal baseline,Primary,TE-JMAES-H1-MLC,6-12 years,Stricter restricted (>=3 complete occasions),"Low Maternal Absence, Higher SES","Rising Maternal Absence, Improving SES","Rising Maternal Absence, Improving SES vs Low Maternal Absence, Higher SES",Comparator minus reference,higher,Extension mediator,SCSP,Low social support,Indirect effect,1380,9338,"Rubin pooled over 20 imputations; cluster-robust coefficient simulation, 300 independent mediator/outcome draws",-7.152043427219531e-4,-0.004652141140410234,0.0032217324549663282,"-0.001 (-0.005, 0.003)",4.0316565006887835e-6,2.982230740430608e-9,4.0347878429662355e-6,Inf,20,-,-,negative; interval includes 0
fixed_context,Fixed-context-adjusted decomposition with imputed maternal baseline,Primary,TE-JMAES-H1-MLC,6-12 years,Stricter restricted (>=3 complete occasions),"Low Maternal Absence, Higher SES","Rising Maternal Absence, Improving SES","Rising Maternal Absence, Improving SES vs Low Maternal Absence, Higher SES",Comparator minus reference,higher,Extension mediator,SCSP,Low social support,Total effect,1380,9338,"Rubin pooled over 20 imputations; cluster-robust coefficient simulation, 300 independent mediator/outcome draws",0.0415363728610214,-0.011589904222860992,0.0946626499449038,"0.042 (-0.012, 0.095)",7.314701553075497e-4,3.094509852527403e-6,7.347193906527034e-4,971480.901137276,20,-,-,positive; interval includes 0
